mode: atomic
github.com/yi-nology/git-sync-service/internal/dao/dao_helper.go:10.79,12.61 2 0
github.com/yi-nology/git-sync-service/internal/dao/dao_helper.go:12.61,14.3 1 0
github.com/yi-nology/git-sync-service/internal/dao/dao_helper.go:15.2,16.19 2 0
github.com/yi-nology/git-sync-service/internal/dao/dao_helper.go:20.56,23.44 3 0
github.com/yi-nology/git-sync-service/internal/dao/dao_helper.go:23.44,25.3 1 0
github.com/yi-nology/git-sync-service/internal/dao/dao_helper.go:26.2,26.16 1 0
github.com/yi-nology/git-sync-service/internal/dao/dao_helper.go:26.16,28.3 1 0
github.com/yi-nology/git-sync-service/internal/dao/dao_helper.go:29.2,29.21 1 0
github.com/yi-nology/git-sync-service/internal/dao/dao_helper.go:33.60,36.44 3 0
github.com/yi-nology/git-sync-service/internal/dao/dao_helper.go:36.44,38.3 1 0
github.com/yi-nology/git-sync-service/internal/dao/dao_helper.go:39.2,39.16 1 0
github.com/yi-nology/git-sync-service/internal/dao/dao_helper.go:39.16,41.3 1 0
github.com/yi-nology/git-sync-service/internal/dao/dao_helper.go:42.2,42.21 1 0
github.com/yi-nology/git-sync-service/internal/dao/repo_dao.go:17.54,18.16 1 5
github.com/yi-nology/git-sync-service/internal/dao/repo_dao.go:18.16,20.3 1 2
github.com/yi-nology/git-sync-service/internal/dao/repo_dao.go:21.2,21.17 1 5
github.com/yi-nology/git-sync-service/internal/dao/repo_dao.go:21.17,23.3 1 1
github.com/yi-nology/git-sync-service/internal/dao/repo_dao.go:24.2,24.16 1 5
github.com/yi-nology/git-sync-service/internal/dao/repo_dao.go:24.16,26.3 1 1
github.com/yi-nology/git-sync-service/internal/dao/repo_dao.go:27.2,27.49 1 5
github.com/yi-nology/git-sync-service/internal/dao/repo_dao.go:35.48,37.16 2 0
github.com/yi-nology/git-sync-service/internal/dao/repo_dao.go:37.16,39.3 1 0
github.com/yi-nology/git-sync-service/internal/dao/repo_dao.go:40.2,40.38 1 0
github.com/yi-nology/git-sync-service/internal/dao/repo_dao.go:43.74,47.2 3 0
github.com/yi-nology/git-sync-service/internal/dao/repo_dao.go:49.62,52.44 3 0
github.com/yi-nology/git-sync-service/internal/dao/repo_dao.go:52.44,54.3 1 0
github.com/yi-nology/git-sync-service/internal/dao/repo_dao.go:55.2,55.16 1 0
github.com/yi-nology/git-sync-service/internal/dao/repo_dao.go:55.16,57.3 1 0
github.com/yi-nology/git-sync-service/internal/dao/repo_dao.go:59.2,59.28 1 0
github.com/yi-nology/git-sync-service/internal/dao/repo_dao.go:59.28,60.67 1 0
github.com/yi-nology/git-sync-service/internal/dao/repo_dao.go:60.67,62.4 1 0
github.com/yi-nology/git-sync-service/internal/dao/repo_dao.go:65.2,65.30 1 0
github.com/yi-nology/git-sync-service/internal/dao/repo_dao.go:65.30,66.69 1 0
github.com/yi-nology/git-sync-service/internal/dao/repo_dao.go:66.69,68.4 1 0
github.com/yi-nology/git-sync-service/internal/dao/repo_dao.go:70.2,70.19 1 0
github.com/yi-nology/git-sync-service/internal/dao/repo_dao.go:73.50,74.28 1 0
github.com/yi-nology/git-sync-service/internal/dao/repo_dao.go:74.28,76.17 2 0
github.com/yi-nology/git-sync-service/internal/dao/repo_dao.go:76.17,78.4 1 0
github.com/yi-nology/git-sync-service/internal/dao/repo_dao.go:79.3,79.31 1 0
github.com/yi-nology/git-sync-service/internal/dao/repo_dao.go:81.2,81.30 1 0
github.com/yi-nology/git-sync-service/internal/dao/repo_dao.go:81.30,83.17 2 0
github.com/yi-nology/git-sync-service/internal/dao/repo_dao.go:83.17,85.4 1 0
github.com/yi-nology/git-sync-service/internal/dao/repo_dao.go:86.3,86.33 1 0
github.com/yi-nology/git-sync-service/internal/dao/repo_dao.go:88.2,88.32 1 0
github.com/yi-nology/git-sync-service/internal/dao/repo_dao.go:91.50,92.28 1 0
github.com/yi-nology/git-sync-service/internal/dao/repo_dao.go:92.28,94.17 2 0
github.com/yi-nology/git-sync-service/internal/dao/repo_dao.go:94.17,96.4 1 0
github.com/yi-nology/git-sync-service/internal/dao/repo_dao.go:97.3,97.31 1 0
github.com/yi-nology/git-sync-service/internal/dao/repo_dao.go:99.2,99.30 1 0
github.com/yi-nology/git-sync-service/internal/dao/repo_dao.go:99.30,101.17 2 0
github.com/yi-nology/git-sync-service/internal/dao/repo_dao.go:101.17,103.4 1 0
github.com/yi-nology/git-sync-service/internal/dao/repo_dao.go:104.3,104.33 1 0
github.com/yi-nology/git-sync-service/internal/dao/repo_dao.go:106.2,106.30 1 0
github.com/yi-nology/git-sync-service/internal/dao/repo_dao.go:109.44,111.2 1 0
github.com/yi-nology/git-sync-service/internal/dao/sync_run_dao.go:14.45,16.2 1 0
github.com/yi-nology/git-sync-service/internal/dao/sync_run_dao.go:18.102,23.2 4 0
github.com/yi-nology/git-sync-service/internal/dao/sync_run_dao.go:25.55,27.2 1 0
github.com/yi-nology/git-sync-service/internal/dao/sync_run_dao.go:29.55,31.2 1 0
github.com/yi-nology/git-sync-service/internal/dao/sync_run_dao.go:33.44,35.2 1 0
github.com/yi-nology/git-sync-service/internal/dao/sync_run_dao.go:37.76,41.2 3 0
github.com/yi-nology/git-sync-service/internal/dao/sync_run_dao.go:43.79,47.2 3 0
github.com/yi-nology/git-sync-service/internal/dao/sync_run_dao.go:49.68,53.2 3 0
github.com/yi-nology/git-sync-service/internal/dao/sync_run_step_dao.go:14.53,16.2 1 0
github.com/yi-nology/git-sync-service/internal/dao/sync_run_step_dao.go:18.64,20.2 1 0
github.com/yi-nology/git-sync-service/internal/dao/sync_run_step_dao.go:22.64,24.2 1 0
github.com/yi-nology/git-sync-service/internal/dao/sync_run_step_dao.go:26.80,30.2 3 0
github.com/yi-nology/git-sync-service/internal/dao/sync_run_step_dao.go:32.83,36.2 3 0
github.com/yi-nology/git-sync-service/internal/dao/sync_task_dao.go:12.47,14.2 1 0
github.com/yi-nology/git-sync-service/internal/dao/sync_task_dao.go:16.104,21.2 4 0
github.com/yi-nology/git-sync-service/internal/dao/sync_task_dao.go:23.70,25.2 1 0
github.com/yi-nology/git-sync-service/internal/dao/sync_task_dao.go:27.67,31.2 3 0
github.com/yi-nology/git-sync-service/internal/dao/sync_task_dao.go:33.58,35.2 1 0
github.com/yi-nology/git-sync-service/internal/dao/sync_task_dao.go:37.58,39.2 1 0
github.com/yi-nology/git-sync-service/internal/dao/sync_task_dao.go:41.48,43.2 1 0
github.com/yi-nology/git-sync-service/internal/dao/sync_task_dao.go:45.82,49.2 3 0
github.com/yi-nology/git-sync-service/internal/dao/webhook_event_dao.go:15.55,17.2 1 0
github.com/yi-nology/git-sync-service/internal/dao/webhook_event_dao.go:19.86,22.44 3 0
github.com/yi-nology/git-sync-service/internal/dao/webhook_event_dao.go:22.44,24.3 1 0
github.com/yi-nology/git-sync-service/internal/dao/webhook_event_dao.go:25.2,25.20 1 0
github.com/yi-nology/git-sync-service/internal/dao/webhook_event_dao.go:28.112,33.2 4 0
github.com/yi-nology/git-sync-service/internal/dao/webhook_event_dao.go:35.67,37.2 1 0
github.com/yi-nology/git-sync-service/internal/dao/webhook_event_dao.go:39.67,41.2 1 0
github.com/yi-nology/git-sync-service/internal/dao/webhook_event_dao.go:43.74,45.2 1 0
github.com/yi-nology/git-sync-service/internal/dao/webhook_event_dao.go:47.102,50.19 3 0
github.com/yi-nology/git-sync-service/internal/dao/webhook_event_dao.go:50.19,52.3 1 0
github.com/yi-nology/git-sync-service/internal/dao/webhook_event_dao.go:53.2,54.20 2 0
github.com/yi-nology/git-sync-service/internal/dao/webhook_event_dao.go:57.84,61.2 3 0
github.com/yi-nology/git-sync-service/internal/dao/webhook_event_dao.go:63.73,67.2 3 0
github.com/yi-nology/git-sync-service/internal/dao/webhook_rule_dao.go:14.53,16.2 1 0
github.com/yi-nology/git-sync-service/internal/dao/webhook_rule_dao.go:18.86,22.2 3 0
github.com/yi-nology/git-sync-service/internal/dao/webhook_rule_dao.go:24.72,27.44 3 0
github.com/yi-nology/git-sync-service/internal/dao/webhook_rule_dao.go:27.44,29.3 1 0
github.com/yi-nology/git-sync-service/internal/dao/webhook_rule_dao.go:30.2,30.19 1 0
github.com/yi-nology/git-sync-service/internal/dao/webhook_rule_dao.go:33.64,35.2 1 0
github.com/yi-nology/git-sync-service/internal/dao/webhook_rule_dao.go:37.64,38.50 1 0
github.com/yi-nology/git-sync-service/internal/dao/webhook_rule_dao.go:38.50,39.81 1 0
github.com/yi-nology/git-sync-service/internal/dao/webhook_rule_dao.go:39.81,41.4 1 0
github.com/yi-nology/git-sync-service/internal/dao/webhook_rule_dao.go:42.3,42.29 1 0
github.com/yi-nology/git-sync-service/internal/dao/webhook_rule_dao.go:46.48,47.50 1 0
github.com/yi-nology/git-sync-service/internal/dao/webhook_rule_dao.go:47.50,48.92 1 0
github.com/yi-nology/git-sync-service/internal/dao/webhook_rule_dao.go:48.92,50.4 1 0
github.com/yi-nology/git-sync-service/internal/dao/webhook_rule_dao.go:51.3,51.51 1 0
github.com/yi-nology/git-sync-service/internal/dao/webhook_rule_dao.go:55.90,59.2 3 0
github.com/yi-nology/git-sync-service/sync/model/config.go:61.47,63.16 2 6
github.com/yi-nology/git-sync-service/sync/model/config.go:63.16,65.3 1 1
github.com/yi-nology/git-sync-service/sync/model/config.go:67.2,68.51 2 5
github.com/yi-nology/git-sync-service/sync/model/config.go:68.51,70.3 1 0
github.com/yi-nology/git-sync-service/sync/model/config.go:72.2,72.39 1 5
github.com/yi-nology/git-sync-service/sync/model/config.go:72.39,74.3 1 3
github.com/yi-nology/git-sync-service/sync/model/config.go:76.2,76.18 1 2
github.com/yi-nology/git-sync-service/sync/model/config.go:79.35,80.25 1 5
github.com/yi-nology/git-sync-service/sync/model/config.go:80.25,82.3 1 0
github.com/yi-nology/git-sync-service/sync/model/config.go:83.2,83.49 1 5
github.com/yi-nology/git-sync-service/sync/model/config.go:83.49,85.3 1 0
github.com/yi-nology/git-sync-service/sync/model/config.go:86.2,86.29 1 5
github.com/yi-nology/git-sync-service/sync/model/config.go:86.29,88.3 1 1
github.com/yi-nology/git-sync-service/sync/model/config.go:89.2,89.26 1 4
github.com/yi-nology/git-sync-service/sync/model/config.go:89.26,91.3 1 1
github.com/yi-nology/git-sync-service/sync/model/config.go:92.2,92.75 1 3
github.com/yi-nology/git-sync-service/sync/model/config.go:92.75,94.3 1 1
github.com/yi-nology/git-sync-service/sync/model/config.go:95.2,95.34 1 2
github.com/yi-nology/git-sync-service/sync/model/config.go:95.34,97.3 1 2
github.com/yi-nology/git-sync-service/sync/model/config.go:98.2,98.34 1 2
github.com/yi-nology/git-sync-service/sync/model/config.go:98.34,100.3 1 2
github.com/yi-nology/git-sync-service/sync/model/config.go:101.2,101.25 1 2
github.com/yi-nology/git-sync-service/sync/model/config.go:101.25,103.3 1 0
github.com/yi-nology/git-sync-service/sync/model/config.go:104.2,104.31 1 2
github.com/yi-nology/git-sync-service/sync/model/config.go:104.31,106.3 1 1
github.com/yi-nology/git-sync-service/sync/model/config.go:107.2,107.32 1 2
github.com/yi-nology/git-sync-service/sync/model/config.go:107.32,109.3 1 1
github.com/yi-nology/git-sync-service/sync/model/config.go:110.2,110.28 1 2
github.com/yi-nology/git-sync-service/sync/model/config.go:110.28,112.3 1 1
github.com/yi-nology/git-sync-service/sync/model/config.go:113.2,113.12 1 2
github.com/yi-nology/git-sync-service/sync/model/init.go:11.51,15.16 3 0
github.com/yi-nology/git-sync-service/sync/model/init.go:16.19,17.55 1 0
github.com/yi-nology/git-sync-service/sync/model/init.go:18.20,19.56 1 0
github.com/yi-nology/git-sync-service/sync/model/init.go:20.10,21.59 1 0
github.com/yi-nology/git-sync-service/sync/model/init.go:24.2,24.16 1 0
github.com/yi-nology/git-sync-service/sync/model/init.go:24.16,26.3 1 0
github.com/yi-nology/git-sync-service/sync/model/init.go:28.2,37.16 2 0
github.com/yi-nology/git-sync-service/sync/model/init.go:37.16,39.3 1 0
github.com/yi-nology/git-sync-service/sync/model/init.go:41.2,41.16 1 0
github.com/yi-nology/git-sync-service/sync/model/repo.go:28.32,30.2 1 0
github.com/yi-nology/git-sync-service/sync/model/sync_run.go:23.35,25.2 1 0
github.com/yi-nology/git-sync-service/sync/model/sync_run_step.go:21.39,23.2 1 0
github.com/yi-nology/git-sync-service/sync/model/sync_task.go:33.36,35.2 1 0
github.com/yi-nology/git-sync-service/sync/model/webhook_event.go:21.40,23.2 1 0
github.com/yi-nology/git-sync-service/sync/model/webhook_rule.go:25.39,27.2 1 0
github.com/yi-nology/git-sync-service/sync/model/webhook_rule.go:36.43,38.2 1 0
github.com/yi-nology/git-sync-service/sync/model/webhook_rule.go:65.46,67.28 2 0
github.com/yi-nology/git-sync-service/sync/model/webhook_rule.go:67.28,69.3 1 0
github.com/yi-nology/git-sync-service/sync/model/webhook_rule.go:70.2,70.13 1 0
github.com/yi-nology/git-sync-service/sync/model/webhook_rule.go:74.50,76.27 2 0
github.com/yi-nology/git-sync-service/sync/model/webhook_rule.go:76.27,81.3 1 0
github.com/yi-nology/git-sync-service/sync/model/webhook_rule.go:82.2,82.17 1 0
github.com/yi-nology/git-sync-service/internal/lock/lock.go:59.61,70.2 2 11
github.com/yi-nology/git-sync-service/internal/lock/lock.go:72.33,76.2 3 16
github.com/yi-nology/git-sync-service/internal/lock/lock.go:78.76,80.2 1 9
github.com/yi-nology/git-sync-service/internal/lock/lock.go:82.102,86.16 4 13
github.com/yi-nology/git-sync-service/internal/lock/lock.go:86.16,88.3 1 0
github.com/yi-nology/git-sync-service/internal/lock/lock.go:89.2,89.8 1 13
github.com/yi-nology/git-sync-service/internal/lock/lock.go:89.8,93.3 3 9
github.com/yi-nology/git-sync-service/internal/lock/lock.go:94.2,94.16 1 13
github.com/yi-nology/git-sync-service/internal/lock/lock.go:98.107,102.16 4 3
github.com/yi-nology/git-sync-service/internal/lock/lock.go:102.16,104.3 1 1
github.com/yi-nology/git-sync-service/internal/lock/lock.go:105.2,105.23 1 2
github.com/yi-nology/git-sync-service/internal/lock/lock.go:108.83,111.16 3 9
github.com/yi-nology/git-sync-service/internal/lock/lock.go:111.16,113.3 1 1
github.com/yi-nology/git-sync-service/internal/lock/lock.go:114.2,114.12 1 8
github.com/yi-nology/git-sync-service/internal/lock/lock.go:117.65,118.6 1 1
github.com/yi-nology/git-sync-service/internal/lock/lock.go:118.6,119.10 1 2
github.com/yi-nology/git-sync-service/internal/lock/lock.go:120.21,121.20 1 0
github.com/yi-nology/git-sync-service/internal/lock/lock.go:122.11,122.11 0 2
github.com/yi-nology/git-sync-service/internal/lock/lock.go:125.3,126.17 2 2
github.com/yi-nology/git-sync-service/internal/lock/lock.go:126.17,128.24 1 1
github.com/yi-nology/git-sync-service/internal/lock/lock.go:128.24,130.5 1 1
github.com/yi-nology/git-sync-service/internal/lock/lock.go:131.4,131.14 1 0
github.com/yi-nology/git-sync-service/internal/lock/lock.go:133.3,133.9 1 1
github.com/yi-nology/git-sync-service/internal/lock/lock.go:133.9,135.4 1 0
github.com/yi-nology/git-sync-service/internal/lock/lock.go:137.3,137.10 1 1
github.com/yi-nology/git-sync-service/internal/lock/lock.go:138.21,139.20 1 0
github.com/yi-nology/git-sync-service/internal/lock/lock.go:140.45,140.45 0 1
github.com/yi-nology/git-sync-service/internal/lock/lock.go:145.67,148.12 3 15
github.com/yi-nology/git-sync-service/internal/lock/lock.go:148.12,150.3 1 8
github.com/yi-nology/git-sync-service/internal/lock/lock.go:151.2,153.28 2 15
github.com/yi-nology/git-sync-service/internal/lock/lock.go:153.28,156.17 3 7
github.com/yi-nology/git-sync-service/internal/lock/lock.go:156.17,158.4 1 0
github.com/yi-nology/git-sync-service/internal/lock/lock.go:159.3,159.13 1 7
github.com/yi-nology/git-sync-service/internal/lock/lock.go:161.2,161.43 1 8
github.com/yi-nology/git-sync-service/internal/lock/lock.go:164.90,167.16 3 1
github.com/yi-nology/git-sync-service/internal/lock/lock.go:167.16,169.3 1 0
github.com/yi-nology/git-sync-service/internal/lock/lock.go:170.2,170.12 1 1
github.com/yi-nology/git-sync-service/internal/lock/lock.go:173.53,175.2 1 1
github.com/yi-nology/git-sync-service/internal/lock/lock.go:177.35,179.2 1 10
github.com/yi-nology/git-sync-service/internal/lock/lock.go:181.44,183.2 1 1
github.com/yi-nology/git-sync-service/internal/lock/lock.go:191.73,197.2 1 4
github.com/yi-nology/git-sync-service/internal/lock/lock.go:199.83,202.16 3 18
github.com/yi-nology/git-sync-service/internal/lock/lock.go:202.16,204.3 1 0
github.com/yi-nology/git-sync-service/internal/lock/lock.go:205.2,205.25 1 18
github.com/yi-nology/git-sync-service/internal/lock/lock.go:208.75,211.2 2 1
github.com/yi-nology/git-sync-service/internal/lock/lock.go:213.81,217.2 3 2
github.com/yi-nology/git-sync-service/internal/lock/lock.go:228.32,232.2 1 4
github.com/yi-nology/git-sync-service/internal/lock/lock.go:234.76,236.2 1 6
github.com/yi-nology/git-sync-service/internal/lock/lock.go:238.102,244.43 5 9
github.com/yi-nology/git-sync-service/internal/lock/lock.go:244.43,247.3 2 6
github.com/yi-nology/git-sync-service/internal/lock/lock.go:248.2,248.19 1 3
github.com/yi-nology/git-sync-service/internal/lock/lock.go:251.65,252.6 1 0
github.com/yi-nology/git-sync-service/internal/lock/lock.go:252.6,254.9 2 0
github.com/yi-nology/git-sync-service/internal/lock/lock.go:254.9,256.4 1 0
github.com/yi-nology/git-sync-service/internal/lock/lock.go:257.3,257.10 1 0
github.com/yi-nology/git-sync-service/internal/lock/lock.go:258.21,259.20 1 0
github.com/yi-nology/git-sync-service/internal/lock/lock.go:260.45,260.45 0 0
github.com/yi-nology/git-sync-service/internal/lock/lock.go:265.67,271.2 4 2
github.com/yi-nology/git-sync-service/main.go:22.13,24.16 2 0
github.com/yi-nology/git-sync-service/main.go:24.16,27.3 2 0
github.com/yi-nology/git-sync-service/main.go:30.2,31.23 2 0
github.com/yi-nology/git-sync-service/main.go:32.15,33.29 1 0
github.com/yi-nology/git-sync-service/main.go:34.14,35.28 1 0
github.com/yi-nology/git-sync-service/main.go:36.14,37.28 1 0
github.com/yi-nology/git-sync-service/main.go:38.15,39.29 1 0
github.com/yi-nology/git-sync-service/main.go:40.10,41.28 1 0
github.com/yi-nology/git-sync-service/main.go:44.2,45.30 2 0
github.com/yi-nology/git-sync-service/main.go:45.30,49.3 1 0
github.com/yi-nology/git-sync-service/main.go:49.8,53.3 1 0
github.com/yi-nology/git-sync-service/main.go:54.2,57.16 3 0
github.com/yi-nology/git-sync-service/main.go:57.16,60.3 2 0
github.com/yi-nology/git-sync-service/main.go:62.2,62.40 1 0
github.com/yi-nology/git-sync-service/main.go:62.40,65.3 2 0
github.com/yi-nology/git-sync-service/main.go:66.2,68.53 2 0
github.com/yi-nology/git-sync-service/main.go:68.53,70.3 1 0
github.com/yi-nology/git-sync-service/main.go:72.2,76.12 3 0
github.com/yi-nology/git-sync-service/main.go:76.12,78.3 1 0
github.com/yi-nology/git-sync-service/main.go:80.2,87.40 7 0
github.com/yi-nology/git-sync-service/main.go:87.40,89.3 1 0
github.com/yi-nology/git-sync-service/main.go:90.2,90.29 1 0
github.com/yi-nology/git-sync-service/router.go:12.42,21.2 3 0
github.com/yi-nology/git-sync-service/router_gen.go:11.32,16.2 2 0
github.com/yi-nology/git-sync-service/biz/handler/ping.go:11.55,15.2 1 0
github.com/yi-nology/git-sync-service/biz/model/base/base.go:13.24,15.2 1 0
github.com/yi-nology/git-sync-service/biz/model/base/base.go:17.32,18.2 0 0
github.com/yi-nology/git-sync-service/biz/model/base/base.go:22.58,27.50 3 0
github.com/yi-nology/git-sync-service/biz/model/base/base.go:27.50,28.28 1 0
github.com/yi-nology/git-sync-service/biz/model/base/base.go:31.2,31.6 1 0
github.com/yi-nology/git-sync-service/biz/model/base/base.go:31.6,33.17 2 0
github.com/yi-nology/git-sync-service/biz/model/base/base.go:33.17,34.28 1 0
github.com/yi-nology/git-sync-service/biz/model/base/base.go:36.3,36.33 1 0
github.com/yi-nology/git-sync-service/biz/model/base/base.go:36.33,37.9 1 0
github.com/yi-nology/git-sync-service/biz/model/base/base.go:39.3,39.48 1 0
github.com/yi-nology/git-sync-service/biz/model/base/base.go:39.48,40.27 1 0
github.com/yi-nology/git-sync-service/biz/model/base/base.go:42.3,42.45 1 0
github.com/yi-nology/git-sync-service/biz/model/base/base.go:42.45,43.26 1 0
github.com/yi-nology/git-sync-service/biz/model/base/base.go:46.2,46.45 1 0
github.com/yi-nology/git-sync-service/biz/model/base/base.go:46.45,47.26 1 0
github.com/yi-nology/git-sync-service/biz/model/base/base.go:50.2,51.1 2 0
github.com/yi-nology/git-sync-service/biz/model/base/base.go:52.2,53.1 2 0
github.com/yi-nology/git-sync-service/biz/model/base/base.go:54.2,55.1 2 0
github.com/yi-nology/git-sync-service/biz/model/base/base.go:56.2,58.1 2 0
github.com/yi-nology/git-sync-service/biz/model/base/base.go:59.2,60.1 2 0
github.com/yi-nology/git-sync-service/biz/model/base/base.go:61.2,61.79 1 0
github.com/yi-nology/git-sync-service/biz/model/base/base.go:64.59,65.55 1 0
github.com/yi-nology/git-sync-service/biz/model/base/base.go:65.55,66.29 1 0
github.com/yi-nology/git-sync-service/biz/model/base/base.go:68.2,68.14 1 0
github.com/yi-nology/git-sync-service/biz/model/base/base.go:68.15,69.3 0 0
github.com/yi-nology/git-sync-service/biz/model/base/base.go:70.2,70.46 1 0
github.com/yi-nology/git-sync-service/biz/model/base/base.go:70.46,71.27 1 0
github.com/yi-nology/git-sync-service/biz/model/base/base.go:73.2,73.46 1 0
github.com/yi-nology/git-sync-service/biz/model/base/base.go:73.46,74.27 1 0
github.com/yi-nology/git-sync-service/biz/model/base/base.go:76.2,77.1 2 0
github.com/yi-nology/git-sync-service/biz/model/base/base.go:78.2,79.1 2 0
github.com/yi-nology/git-sync-service/biz/model/base/base.go:80.2,81.1 2 0
github.com/yi-nology/git-sync-service/biz/model/base/base.go:82.2,82.80 1 0
github.com/yi-nology/git-sync-service/biz/model/base/base.go:85.33,86.14 1 0
github.com/yi-nology/git-sync-service/biz/model/base/base.go:86.14,88.3 1 0
github.com/yi-nology/git-sync-service/biz/model/base/base.go:89.2,89.38 1 0
github.com/yi-nology/git-sync-service/biz/model/base/base.go:97.32,99.2 1 0
github.com/yi-nology/git-sync-service/biz/model/base/base.go:101.36,102.2 0 0
github.com/yi-nology/git-sync-service/biz/model/base/base.go:104.45,106.2 1 0
github.com/yi-nology/git-sync-service/biz/model/base/base.go:112.62,117.50 3 0
github.com/yi-nology/git-sync-service/biz/model/base/base.go:117.50,118.28 1 0
github.com/yi-nology/git-sync-service/biz/model/base/base.go:121.2,121.6 1 0
github.com/yi-nology/git-sync-service/biz/model/base/base.go:121.6,123.17 2 0
github.com/yi-nology/git-sync-service/biz/model/base/base.go:123.17,124.28 1 0
github.com/yi-nology/git-sync-service/biz/model/base/base.go:126.3,126.33 1 0
github.com/yi-nology/git-sync-service/biz/model/base/base.go:126.33,127.9 1 0
github.com/yi-nology/git-sync-service/biz/model/base/base.go:130.3,130.18 1 0
github.com/yi-nology/git-sync-service/biz/model/base/base.go:131.10,132.36 1 0
github.com/yi-nology/git-sync-service/biz/model/base/base.go:132.36,133.46 1 0
github.com/yi-nology/git-sync-service/biz/model/base/base.go:133.46,134.25 1 0
github.com/yi-nology/git-sync-service/biz/model/base/base.go:136.10,136.56 1 0
github.com/yi-nology/git-sync-service/biz/model/base/base.go:136.56,137.24 1 0
github.com/yi-nology/git-sync-service/biz/model/base/base.go:139.11,140.49 1 0
github.com/yi-nology/git-sync-service/biz/model/base/base.go:140.49,141.24 1 0
github.com/yi-nology/git-sync-service/biz/model/base/base.go:144.3,144.45 1 0
github.com/yi-nology/git-sync-service/biz/model/base/base.go:144.45,145.26 1 0
github.com/yi-nology/git-sync-service/biz/model/base/base.go:148.2,148.45 1 0
github.com/yi-nology/git-sync-service/biz/model/base/base.go:148.45,149.26 1 0
github.com/yi-nology/git-sync-service/biz/model/base/base.go:152.2,153.1 2 0
github.com/yi-nology/git-sync-service/biz/model/base/base.go:154.2,155.1 2 0
github.com/yi-nology/git-sync-service/biz/model/base/base.go:156.2,157.1 2 0
github.com/yi-nology/git-sync-service/biz/model/base/base.go:158.2,159.1 2 0
github.com/yi-nology/git-sync-service/biz/model/base/base.go:160.2,162.1 2 0
github.com/yi-nology/git-sync-service/biz/model/base/base.go:163.2,164.1 2 0
github.com/yi-nology/git-sync-service/biz/model/base/base.go:165.2,165.79 1 0
github.com/yi-nology/git-sync-service/biz/model/base/base.go:168.62,171.46 2 0
github.com/yi-nology/git-sync-service/biz/model/base/base.go:171.46,173.3 1 0
github.com/yi-nology/git-sync-service/biz/model/base/base.go:173.8,175.3 1 0
github.com/yi-nology/git-sync-service/biz/model/base/base.go:176.2,177.12 2 0
github.com/yi-nology/git-sync-service/biz/model/base/base.go:180.63,182.59 2 0
github.com/yi-nology/git-sync-service/biz/model/base/base.go:182.59,183.29 1 0
github.com/yi-nology/git-sync-service/biz/model/base/base.go:185.2,185.14 1 0
github.com/yi-nology/git-sync-service/biz/model/base/base.go:185.14,186.45 1 0
github.com/yi-nology/git-sync-service/biz/model/base/base.go:186.45,188.24 2 0
github.com/yi-nology/git-sync-service/biz/model/base/base.go:191.2,191.46 1 0
github.com/yi-nology/git-sync-service/biz/model/base/base.go:191.46,192.27 1 0
github.com/yi-nology/git-sync-service/biz/model/base/base.go:194.2,194.46 1 0
github.com/yi-nology/git-sync-service/biz/model/base/base.go:194.46,195.27 1 0
github.com/yi-nology/git-sync-service/biz/model/base/base.go:197.2,198.1 2 0
github.com/yi-nology/git-sync-service/biz/model/base/base.go:199.2,200.1 2 0
github.com/yi-nology/git-sync-service/biz/model/base/base.go:201.2,202.1 2 0
github.com/yi-nology/git-sync-service/biz/model/base/base.go:203.2,204.1 2 0
github.com/yi-nology/git-sync-service/biz/model/base/base.go:205.2,205.80 1 0
github.com/yi-nology/git-sync-service/biz/model/base/base.go:208.69,209.74 1 0
github.com/yi-nology/git-sync-service/biz/model/base/base.go:209.74,210.28 1 0
github.com/yi-nology/git-sync-service/biz/model/base/base.go:212.2,212.53 1 0
github.com/yi-nology/git-sync-service/biz/model/base/base.go:212.53,214.3 1 0
github.com/yi-nology/git-sync-service/biz/model/base/base.go:215.2,215.45 1 0
github.com/yi-nology/git-sync-service/biz/model/base/base.go:215.45,216.26 1 0
github.com/yi-nology/git-sync-service/biz/model/base/base.go:218.2,219.1 2 0
github.com/yi-nology/git-sync-service/biz/model/base/base.go:220.2,221.1 2 0
github.com/yi-nology/git-sync-service/biz/model/base/base.go:222.2,222.81 1 0
github.com/yi-nology/git-sync-service/biz/model/base/base.go:225.37,226.14 1 0
github.com/yi-nology/git-sync-service/biz/model/base/base.go:226.14,228.3 1 0
github.com/yi-nology/git-sync-service/biz/model/base/base.go:229.2,229.42 1 0
github.com/yi-nology/git-sync-service/biz/model/base/base.go:237.32,239.2 1 0
github.com/yi-nology/git-sync-service/biz/model/base/base.go:241.36,242.2 0 0
github.com/yi-nology/git-sync-service/biz/model/base/base.go:244.41,246.2 1 0
github.com/yi-nology/git-sync-service/biz/model/base/base.go:252.62,257.50 3 0
github.com/yi-nology/git-sync-service/biz/model/base/base.go:257.50,258.28 1 0
github.com/yi-nology/git-sync-service/biz/model/base/base.go:261.2,261.6 1 0
github.com/yi-nology/git-sync-service/biz/model/base/base.go:261.6,263.17 2 0
github.com/yi-nology/git-sync-service/biz/model/base/base.go:263.17,264.28 1 0
github.com/yi-nology/git-sync-service/biz/model/base/base.go:266.3,266.33 1 0
github.com/yi-nology/git-sync-service/biz/model/base/base.go:266.33,267.9 1 0
github.com/yi-nology/git-sync-service/biz/model/base/base.go:270.3,270.18 1 0
github.com/yi-nology/git-sync-service/biz/model/base/base.go:271.10,272.36 1 0
github.com/yi-nology/git-sync-service/biz/model/base/base.go:272.36,273.46 1 0
github.com/yi-nology/git-sync-service/biz/model/base/base.go:273.46,274.25 1 0
github.com/yi-nology/git-sync-service/biz/model/base/base.go:276.10,276.56 1 0
github.com/yi-nology/git-sync-service/biz/model/base/base.go:276.56,277.24 1 0
github.com/yi-nology/git-sync-service/biz/model/base/base.go:279.11,280.49 1 0
github.com/yi-nology/git-sync-service/biz/model/base/base.go:280.49,281.24 1 0
github.com/yi-nology/git-sync-service/biz/model/base/base.go:284.3,284.45 1 0
github.com/yi-nology/git-sync-service/biz/model/base/base.go:284.45,285.26 1 0
github.com/yi-nology/git-sync-service/biz/model/base/base.go:288.2,288.45 1 0
github.com/yi-nology/git-sync-service/biz/model/base/base.go:288.45,289.26 1 0
github.com/yi-nology/git-sync-service/biz/model/base/base.go:292.2,293.1 2 0
github.com/yi-nology/git-sync-service/biz/model/base/base.go:294.2,295.1 2 0
github.com/yi-nology/git-sync-service/biz/model/base/base.go:296.2,297.1 2 0
github.com/yi-nology/git-sync-service/biz/model/base/base.go:298.2,299.1 2 0
github.com/yi-nology/git-sync-service/biz/model/base/base.go:300.2,302.1 2 0
github.com/yi-nology/git-sync-service/biz/model/base/base.go:303.2,304.1 2 0
github.com/yi-nology/git-sync-service/biz/model/base/base.go:305.2,305.79 1 0
github.com/yi-nology/git-sync-service/biz/model/base/base.go:308.62,311.46 2 0
github.com/yi-nology/git-sync-service/biz/model/base/base.go:311.46,313.3 1 0
github.com/yi-nology/git-sync-service/biz/model/base/base.go:313.8,315.3 1 0
github.com/yi-nology/git-sync-service/biz/model/base/base.go:316.2,317.12 2 0
github.com/yi-nology/git-sync-service/biz/model/base/base.go:320.63,322.59 2 0
github.com/yi-nology/git-sync-service/biz/model/base/base.go:322.59,323.29 1 0
github.com/yi-nology/git-sync-service/biz/model/base/base.go:325.2,325.14 1 0
github.com/yi-nology/git-sync-service/biz/model/base/base.go:325.14,326.45 1 0
github.com/yi-nology/git-sync-service/biz/model/base/base.go:326.45,328.24 2 0
github.com/yi-nology/git-sync-service/biz/model/base/base.go:331.2,331.46 1 0
github.com/yi-nology/git-sync-service/biz/model/base/base.go:331.46,332.27 1 0
github.com/yi-nology/git-sync-service/biz/model/base/base.go:334.2,334.46 1 0
github.com/yi-nology/git-sync-service/biz/model/base/base.go:334.46,335.27 1 0
github.com/yi-nology/git-sync-service/biz/model/base/base.go:337.2,338.1 2 0
github.com/yi-nology/git-sync-service/biz/model/base/base.go:339.2,340.1 2 0
github.com/yi-nology/git-sync-service/biz/model/base/base.go:341.2,342.1 2 0
github.com/yi-nology/git-sync-service/biz/model/base/base.go:343.2,344.1 2 0
github.com/yi-nology/git-sync-service/biz/model/base/base.go:345.2,345.80 1 0
github.com/yi-nology/git-sync-service/biz/model/base/base.go:348.69,349.70 1 0
github.com/yi-nology/git-sync-service/biz/model/base/base.go:349.70,350.28 1 0
github.com/yi-nology/git-sync-service/biz/model/base/base.go:352.2,352.49 1 0
github.com/yi-nology/git-sync-service/biz/model/base/base.go:352.49,354.3 1 0
github.com/yi-nology/git-sync-service/biz/model/base/base.go:355.2,355.45 1 0
github.com/yi-nology/git-sync-service/biz/model/base/base.go:355.45,356.26 1 0
github.com/yi-nology/git-sync-service/biz/model/base/base.go:358.2,359.1 2 0
github.com/yi-nology/git-sync-service/biz/model/base/base.go:360.2,361.1 2 0
github.com/yi-nology/git-sync-service/biz/model/base/base.go:362.2,362.81 1 0
github.com/yi-nology/git-sync-service/biz/model/base/base.go:365.37,366.14 1 0
github.com/yi-nology/git-sync-service/biz/model/base/base.go:366.14,368.3 1 0
github.com/yi-nology/git-sync-service/biz/model/base/base.go:369.2,369.42 1 0
github.com/yi-nology/git-sync-service/biz/model/base/base.go:378.34,380.2 1 0
github.com/yi-nology/git-sync-service/biz/model/base/base.go:382.37,383.2 0 0
github.com/yi-nology/git-sync-service/biz/model/base/base.go:385.44,387.2 1 0
github.com/yi-nology/git-sync-service/biz/model/base/base.go:389.46,391.2 1 0
github.com/yi-nology/git-sync-service/biz/model/base/base.go:398.63,403.50 3 0
github.com/yi-nology/git-sync-service/biz/model/base/base.go:403.50,404.28 1 0
github.com/yi-nology/git-sync-service/biz/model/base/base.go:407.2,407.6 1 0
github.com/yi-nology/git-sync-service/biz/model/base/base.go:407.6,409.17 2 0
github.com/yi-nology/git-sync-service/biz/model/base/base.go:409.17,410.28 1 0
github.com/yi-nology/git-sync-service/biz/model/base/base.go:412.3,412.33 1 0
github.com/yi-nology/git-sync-service/biz/model/base/base.go:412.33,413.9 1 0
github.com/yi-nology/git-sync-service/biz/model/base/base.go:416.3,416.18 1 0
github.com/yi-nology/git-sync-service/biz/model/base/base.go:417.10,418.34 1 0
github.com/yi-nology/git-sync-service/biz/model/base/base.go:418.34,419.46 1 0
github.com/yi-nology/git-sync-service/biz/model/base/base.go:419.46,420.25 1 0
github.com/yi-nology/git-sync-service/biz/model/base/base.go:422.10,422.56 1 0
github.com/yi-nology/git-sync-service/biz/model/base/base.go:422.56,423.24 1 0
github.com/yi-nology/git-sync-service/biz/model/base/base.go:425.10,426.36 1 0
github.com/yi-nology/git-sync-service/biz/model/base/base.go:426.36,427.46 1 0
github.com/yi-nology/git-sync-service/biz/model/base/base.go:427.46,428.25 1 0
github.com/yi-nology/git-sync-service/biz/model/base/base.go:430.10,430.56 1 0
github.com/yi-nology/git-sync-service/biz/model/base/base.go:430.56,431.24 1 0
github.com/yi-nology/git-sync-service/biz/model/base/base.go:433.11,434.49 1 0
github.com/yi-nology/git-sync-service/biz/model/base/base.go:434.49,435.24 1 0
github.com/yi-nology/git-sync-service/biz/model/base/base.go:438.3,438.45 1 0
github.com/yi-nology/git-sync-service/biz/model/base/base.go:438.45,439.26 1 0
github.com/yi-nology/git-sync-service/biz/model/base/base.go:442.2,442.45 1 0
github.com/yi-nology/git-sync-service/biz/model/base/base.go:442.45,443.26 1 0
github.com/yi-nology/git-sync-service/biz/model/base/base.go:446.2,447.1 2 0
github.com/yi-nology/git-sync-service/biz/model/base/base.go:448.2,449.1 2 0
github.com/yi-nology/git-sync-service/biz/model/base/base.go:450.2,451.1 2 0
github.com/yi-nology/git-sync-service/biz/model/base/base.go:452.2,453.1 2 0
github.com/yi-nology/git-sync-service/biz/model/base/base.go:454.2,456.1 2 0
github.com/yi-nology/git-sync-service/biz/model/base/base.go:457.2,458.1 2 0
github.com/yi-nology/git-sync-service/biz/model/base/base.go:459.2,459.79 1 0
github.com/yi-nology/git-sync-service/biz/model/base/base.go:462.63,465.44 2 0
github.com/yi-nology/git-sync-service/biz/model/base/base.go:465.44,467.3 1 0
github.com/yi-nology/git-sync-service/biz/model/base/base.go:467.8,469.3 1 0
github.com/yi-nology/git-sync-service/biz/model/base/base.go:470.2,471.12 2 0
github.com/yi-nology/git-sync-service/biz/model/base/base.go:473.63,476.46 2 0
github.com/yi-nology/git-sync-service/biz/model/base/base.go:476.46,478.3 1 0
github.com/yi-nology/git-sync-service/biz/model/base/base.go:478.8,480.3 1 0
github.com/yi-nology/git-sync-service/biz/model/base/base.go:481.2,482.12 2 0
github.com/yi-nology/git-sync-service/biz/model/base/base.go:485.64,487.60 2 0
github.com/yi-nology/git-sync-service/biz/model/base/base.go:487.60,488.29 1 0
github.com/yi-nology/git-sync-service/biz/model/base/base.go:490.2,490.14 1 0
github.com/yi-nology/git-sync-service/biz/model/base/base.go:490.14,491.45 1 0
github.com/yi-nology/git-sync-service/biz/model/base/base.go:491.45,493.24 2 0
github.com/yi-nology/git-sync-service/biz/model/base/base.go:495.3,495.45 1 0
github.com/yi-nology/git-sync-service/biz/model/base/base.go:495.45,497.24 2 0
github.com/yi-nology/git-sync-service/biz/model/base/base.go:500.2,500.46 1 0
github.com/yi-nology/git-sync-service/biz/model/base/base.go:500.46,501.27 1 0
github.com/yi-nology/git-sync-service/biz/model/base/base.go:503.2,503.46 1 0
github.com/yi-nology/git-sync-service/biz/model/base/base.go:503.46,504.27 1 0
github.com/yi-nology/git-sync-service/biz/model/base/base.go:506.2,507.1 2 0
github.com/yi-nology/git-sync-service/biz/model/base/base.go:508.2,509.1 2 0
github.com/yi-nology/git-sync-service/biz/model/base/base.go:510.2,511.1 2 0
github.com/yi-nology/git-sync-service/biz/model/base/base.go:512.2,513.1 2 0
github.com/yi-nology/git-sync-service/biz/model/base/base.go:514.2,514.80 1 0
github.com/yi-nology/git-sync-service/biz/model/base/base.go:517.70,518.72 1 0
github.com/yi-nology/git-sync-service/biz/model/base/base.go:518.72,519.28 1 0
github.com/yi-nology/git-sync-service/biz/model/base/base.go:521.2,521.51 1 0
github.com/yi-nology/git-sync-service/biz/model/base/base.go:521.51,523.3 1 0
github.com/yi-nology/git-sync-service/biz/model/base/base.go:524.2,524.45 1 0
github.com/yi-nology/git-sync-service/biz/model/base/base.go:524.45,525.26 1 0
github.com/yi-nology/git-sync-service/biz/model/base/base.go:527.2,528.1 2 0
github.com/yi-nology/git-sync-service/biz/model/base/base.go:529.2,530.1 2 0
github.com/yi-nology/git-sync-service/biz/model/base/base.go:531.2,531.81 1 0
github.com/yi-nology/git-sync-service/biz/model/base/base.go:534.70,535.74 1 0
github.com/yi-nology/git-sync-service/biz/model/base/base.go:535.74,536.28 1 0
github.com/yi-nology/git-sync-service/biz/model/base/base.go:538.2,538.53 1 0
github.com/yi-nology/git-sync-service/biz/model/base/base.go:538.53,540.3 1 0
github.com/yi-nology/git-sync-service/biz/model/base/base.go:541.2,541.45 1 0
github.com/yi-nology/git-sync-service/biz/model/base/base.go:541.45,542.26 1 0
github.com/yi-nology/git-sync-service/biz/model/base/base.go:544.2,545.1 2 0
github.com/yi-nology/git-sync-service/biz/model/base/base.go:546.2,547.1 2 0
github.com/yi-nology/git-sync-service/biz/model/base/base.go:548.2,548.81 1 0
github.com/yi-nology/git-sync-service/biz/model/base/base.go:551.38,552.14 1 0
github.com/yi-nology/git-sync-service/biz/model/base/base.go:552.14,554.3 1 0
github.com/yi-nology/git-sync-service/biz/model/base/base.go:555.2,555.43 1 0
github.com/yi-nology/git-sync-service/biz/model/base/base.go:564.40,566.2 1 0
github.com/yi-nology/git-sync-service/biz/model/base/base.go:568.40,569.2 0 0
github.com/yi-nology/git-sync-service/biz/model/base/base.go:571.45,573.2 1 0
github.com/yi-nology/git-sync-service/biz/model/base/base.go:575.49,577.2 1 0
github.com/yi-nology/git-sync-service/biz/model/base/base.go:584.66,589.50 3 0
github.com/yi-nology/git-sync-service/biz/model/base/base.go:589.50,590.28 1 0
github.com/yi-nology/git-sync-service/biz/model/base/base.go:593.2,593.6 1 0
github.com/yi-nology/git-sync-service/biz/model/base/base.go:593.6,595.17 2 0
github.com/yi-nology/git-sync-service/biz/model/base/base.go:595.17,596.28 1 0
github.com/yi-nology/git-sync-service/biz/model/base/base.go:598.3,598.33 1 0
github.com/yi-nology/git-sync-service/biz/model/base/base.go:598.33,599.9 1 0
github.com/yi-nology/git-sync-service/biz/model/base/base.go:602.3,602.18 1 0
github.com/yi-nology/git-sync-service/biz/model/base/base.go:603.10,604.33 1 0
github.com/yi-nology/git-sync-service/biz/model/base/base.go:604.33,605.46 1 0
github.com/yi-nology/git-sync-service/biz/model/base/base.go:605.46,606.25 1 0
github.com/yi-nology/git-sync-service/biz/model/base/base.go:608.10,608.56 1 0
github.com/yi-nology/git-sync-service/biz/model/base/base.go:608.56,609.24 1 0
github.com/yi-nology/git-sync-service/biz/model/base/base.go:611.10,612.33 1 0
github.com/yi-nology/git-sync-service/biz/model/base/base.go:612.33,613.46 1 0
github.com/yi-nology/git-sync-service/biz/model/base/base.go:613.46,614.25 1 0
github.com/yi-nology/git-sync-service/biz/model/base/base.go:616.10,616.56 1 0
github.com/yi-nology/git-sync-service/biz/model/base/base.go:616.56,617.24 1 0
github.com/yi-nology/git-sync-service/biz/model/base/base.go:619.11,620.49 1 0
github.com/yi-nology/git-sync-service/biz/model/base/base.go:620.49,621.24 1 0
github.com/yi-nology/git-sync-service/biz/model/base/base.go:624.3,624.45 1 0
github.com/yi-nology/git-sync-service/biz/model/base/base.go:624.45,625.26 1 0
github.com/yi-nology/git-sync-service/biz/model/base/base.go:628.2,628.45 1 0
github.com/yi-nology/git-sync-service/biz/model/base/base.go:628.45,629.26 1 0
github.com/yi-nology/git-sync-service/biz/model/base/base.go:632.2,633.1 2 0
github.com/yi-nology/git-sync-service/biz/model/base/base.go:634.2,635.1 2 0
github.com/yi-nology/git-sync-service/biz/model/base/base.go:636.2,637.1 2 0
github.com/yi-nology/git-sync-service/biz/model/base/base.go:638.2,639.1 2 0
github.com/yi-nology/git-sync-service/biz/model/base/base.go:640.2,642.1 2 0
github.com/yi-nology/git-sync-service/biz/model/base/base.go:643.2,644.1 2 0
github.com/yi-nology/git-sync-service/biz/model/base/base.go:645.2,645.79 1 0
github.com/yi-nology/git-sync-service/biz/model/base/base.go:648.66,651.43 2 0
github.com/yi-nology/git-sync-service/biz/model/base/base.go:651.43,653.3 1 0
github.com/yi-nology/git-sync-service/biz/model/base/base.go:653.8,655.3 1 0
github.com/yi-nology/git-sync-service/biz/model/base/base.go:656.2,657.12 2 0
github.com/yi-nology/git-sync-service/biz/model/base/base.go:659.66,662.43 2 0
github.com/yi-nology/git-sync-service/biz/model/base/base.go:662.43,664.3 1 0
github.com/yi-nology/git-sync-service/biz/model/base/base.go:664.8,666.3 1 0
github.com/yi-nology/git-sync-service/biz/model/base/base.go:667.2,668.12 2 0
github.com/yi-nology/git-sync-service/biz/model/base/base.go:671.67,673.63 2 0
github.com/yi-nology/git-sync-service/biz/model/base/base.go:673.63,674.29 1 0
github.com/yi-nology/git-sync-service/biz/model/base/base.go:676.2,676.14 1 0
github.com/yi-nology/git-sync-service/biz/model/base/base.go:676.14,677.45 1 0
github.com/yi-nology/git-sync-service/biz/model/base/base.go:677.45,679.24 2 0
github.com/yi-nology/git-sync-service/biz/model/base/base.go:681.3,681.45 1 0
github.com/yi-nology/git-sync-service/biz/model/base/base.go:681.45,683.24 2 0
github.com/yi-nology/git-sync-service/biz/model/base/base.go:686.2,686.46 1 0
github.com/yi-nology/git-sync-service/biz/model/base/base.go:686.46,687.27 1 0
github.com/yi-nology/git-sync-service/biz/model/base/base.go:689.2,689.46 1 0
github.com/yi-nology/git-sync-service/biz/model/base/base.go:689.46,690.27 1 0
github.com/yi-nology/git-sync-service/biz/model/base/base.go:692.2,693.1 2 0
github.com/yi-nology/git-sync-service/biz/model/base/base.go:694.2,695.1 2 0
github.com/yi-nology/git-sync-service/biz/model/base/base.go:696.2,697.1 2 0
github.com/yi-nology/git-sync-service/biz/model/base/base.go:698.2,699.1 2 0
github.com/yi-nology/git-sync-service/biz/model/base/base.go:700.2,700.80 1 0
github.com/yi-nology/git-sync-service/biz/model/base/base.go:703.73,704.68 1 0
github.com/yi-nology/git-sync-service/biz/model/base/base.go:704.68,705.28 1 0
github.com/yi-nology/git-sync-service/biz/model/base/base.go:707.2,707.47 1 0
github.com/yi-nology/git-sync-service/biz/model/base/base.go:707.47,709.3 1 0
github.com/yi-nology/git-sync-service/biz/model/base/base.go:710.2,710.45 1 0
github.com/yi-nology/git-sync-service/biz/model/base/base.go:710.45,711.26 1 0
github.com/yi-nology/git-sync-service/biz/model/base/base.go:713.2,714.1 2 0
github.com/yi-nology/git-sync-service/biz/model/base/base.go:715.2,716.1 2 0
github.com/yi-nology/git-sync-service/biz/model/base/base.go:717.2,717.81 1 0
github.com/yi-nology/git-sync-service/biz/model/base/base.go:720.73,721.73 1 0
github.com/yi-nology/git-sync-service/biz/model/base/base.go:721.73,722.28 1 0
github.com/yi-nology/git-sync-service/biz/model/base/base.go:724.2,724.51 1 0
github.com/yi-nology/git-sync-service/biz/model/base/base.go:724.51,726.3 1 0
github.com/yi-nology/git-sync-service/biz/model/base/base.go:727.2,727.45 1 0
github.com/yi-nology/git-sync-service/biz/model/base/base.go:727.45,728.26 1 0
github.com/yi-nology/git-sync-service/biz/model/base/base.go:730.2,731.1 2 0
github.com/yi-nology/git-sync-service/biz/model/base/base.go:732.2,733.1 2 0
github.com/yi-nology/git-sync-service/biz/model/base/base.go:734.2,734.81 1 0
github.com/yi-nology/git-sync-service/biz/model/base/base.go:737.41,738.14 1 0
github.com/yi-nology/git-sync-service/biz/model/base/base.go:738.14,740.3 1 0
github.com/yi-nology/git-sync-service/biz/model/base/base.go:741.2,741.46 1 0
github.com/yi-nology/git-sync-service/biz/model/base/base.go:751.42,753.2 1 0
github.com/yi-nology/git-sync-service/biz/model/base/base.go:755.41,756.2 0 0
github.com/yi-nology/git-sync-service/biz/model/base/base.go:758.47,760.2 1 0
github.com/yi-nology/git-sync-service/biz/model/base/base.go:762.46,764.2 1 0
github.com/yi-nology/git-sync-service/biz/model/base/base.go:766.50,768.2 1 0
github.com/yi-nology/git-sync-service/biz/model/base/base.go:776.67,781.50 3 0
github.com/yi-nology/git-sync-service/biz/model/base/base.go:781.50,782.28 1 0
github.com/yi-nology/git-sync-service/biz/model/base/base.go:785.2,785.6 1 0
github.com/yi-nology/git-sync-service/biz/model/base/base.go:785.6,787.17 2 0
github.com/yi-nology/git-sync-service/biz/model/base/base.go:787.17,788.28 1 0
github.com/yi-nology/git-sync-service/biz/model/base/base.go:790.3,790.33 1 0
github.com/yi-nology/git-sync-service/biz/model/base/base.go:790.33,791.9 1 0
github.com/yi-nology/git-sync-service/biz/model/base/base.go:794.3,794.18 1 0
github.com/yi-nology/git-sync-service/biz/model/base/base.go:795.10,796.33 1 0
github.com/yi-nology/git-sync-service/biz/model/base/base.go:796.33,797.46 1 0
github.com/yi-nology/git-sync-service/biz/model/base/base.go:797.46,798.25 1 0
github.com/yi-nology/git-sync-service/biz/model/base/base.go:800.10,800.56 1 0
github.com/yi-nology/git-sync-service/biz/model/base/base.go:800.56,801.24 1 0
github.com/yi-nology/git-sync-service/biz/model/base/base.go:803.10,804.33 1 0
github.com/yi-nology/git-sync-service/biz/model/base/base.go:804.33,805.46 1 0
github.com/yi-nology/git-sync-service/biz/model/base/base.go:805.46,806.25 1 0
github.com/yi-nology/git-sync-service/biz/model/base/base.go:808.10,808.56 1 0
github.com/yi-nology/git-sync-service/biz/model/base/base.go:808.56,809.24 1 0
github.com/yi-nology/git-sync-service/biz/model/base/base.go:811.10,812.33 1 0
github.com/yi-nology/git-sync-service/biz/model/base/base.go:812.33,813.46 1 0
github.com/yi-nology/git-sync-service/biz/model/base/base.go:813.46,814.25 1 0
github.com/yi-nology/git-sync-service/biz/model/base/base.go:816.10,816.56 1 0
github.com/yi-nology/git-sync-service/biz/model/base/base.go:816.56,817.24 1 0
github.com/yi-nology/git-sync-service/biz/model/base/base.go:819.11,820.49 1 0
github.com/yi-nology/git-sync-service/biz/model/base/base.go:820.49,821.24 1 0
github.com/yi-nology/git-sync-service/biz/model/base/base.go:824.3,824.45 1 0
github.com/yi-nology/git-sync-service/biz/model/base/base.go:824.45,825.26 1 0
github.com/yi-nology/git-sync-service/biz/model/base/base.go:828.2,828.45 1 0
github.com/yi-nology/git-sync-service/biz/model/base/base.go:828.45,829.26 1 0
github.com/yi-nology/git-sync-service/biz/model/base/base.go:832.2,833.1 2 0
github.com/yi-nology/git-sync-service/biz/model/base/base.go:834.2,835.1 2 0
github.com/yi-nology/git-sync-service/biz/model/base/base.go:836.2,837.1 2 0
github.com/yi-nology/git-sync-service/biz/model/base/base.go:838.2,839.1 2 0
github.com/yi-nology/git-sync-service/biz/model/base/base.go:840.2,842.1 2 0
github.com/yi-nology/git-sync-service/biz/model/base/base.go:843.2,844.1 2 0
github.com/yi-nology/git-sync-service/biz/model/base/base.go:845.2,845.79 1 0
github.com/yi-nology/git-sync-service/biz/model/base/base.go:848.67,851.43 2 0
github.com/yi-nology/git-sync-service/biz/model/base/base.go:851.43,853.3 1 0
github.com/yi-nology/git-sync-service/biz/model/base/base.go:853.8,855.3 1 0
github.com/yi-nology/git-sync-service/biz/model/base/base.go:856.2,857.12 2 0
github.com/yi-nology/git-sync-service/biz/model/base/base.go:859.67,862.43 2 0
github.com/yi-nology/git-sync-service/biz/model/base/base.go:862.43,864.3 1 0
github.com/yi-nology/git-sync-service/biz/model/base/base.go:864.8,866.3 1 0
github.com/yi-nology/git-sync-service/biz/model/base/base.go:867.2,868.12 2 0
github.com/yi-nology/git-sync-service/biz/model/base/base.go:870.67,873.43 2 0
github.com/yi-nology/git-sync-service/biz/model/base/base.go:873.43,875.3 1 0
github.com/yi-nology/git-sync-service/biz/model/base/base.go:875.8,877.3 1 0
github.com/yi-nology/git-sync-service/biz/model/base/base.go:878.2,879.12 2 0
github.com/yi-nology/git-sync-service/biz/model/base/base.go:882.68,884.64 2 0
github.com/yi-nology/git-sync-service/biz/model/base/base.go:884.64,885.29 1 0
github.com/yi-nology/git-sync-service/biz/model/base/base.go:887.2,887.14 1 0
github.com/yi-nology/git-sync-service/biz/model/base/base.go:887.14,888.45 1 0
github.com/yi-nology/git-sync-service/biz/model/base/base.go:888.45,890.24 2 0
github.com/yi-nology/git-sync-service/biz/model/base/base.go:892.3,892.45 1 0
github.com/yi-nology/git-sync-service/biz/model/base/base.go:892.45,894.24 2 0
github.com/yi-nology/git-sync-service/biz/model/base/base.go:896.3,896.45 1 0
github.com/yi-nology/git-sync-service/biz/model/base/base.go:896.45,898.24 2 0
github.com/yi-nology/git-sync-service/biz/model/base/base.go:901.2,901.46 1 0
github.com/yi-nology/git-sync-service/biz/model/base/base.go:901.46,902.27 1 0
github.com/yi-nology/git-sync-service/biz/model/base/base.go:904.2,904.46 1 0
github.com/yi-nology/git-sync-service/biz/model/base/base.go:904.46,905.27 1 0
github.com/yi-nology/git-sync-service/biz/model/base/base.go:907.2,908.1 2 0
github.com/yi-nology/git-sync-service/biz/model/base/base.go:909.2,910.1 2 0
github.com/yi-nology/git-sync-service/biz/model/base/base.go:911.2,912.1 2 0
github.com/yi-nology/git-sync-service/biz/model/base/base.go:913.2,914.1 2 0
github.com/yi-nology/git-sync-service/biz/model/base/base.go:915.2,915.80 1 0
github.com/yi-nology/git-sync-service/biz/model/base/base.go:918.74,919.69 1 0
github.com/yi-nology/git-sync-service/biz/model/base/base.go:919.69,920.28 1 0
github.com/yi-nology/git-sync-service/biz/model/base/base.go:922.2,922.48 1 0
github.com/yi-nology/git-sync-service/biz/model/base/base.go:922.48,924.3 1 0
github.com/yi-nology/git-sync-service/biz/model/base/base.go:925.2,925.45 1 0
github.com/yi-nology/git-sync-service/biz/model/base/base.go:925.45,926.26 1 0
github.com/yi-nology/git-sync-service/biz/model/base/base.go:928.2,929.1 2 0
github.com/yi-nology/git-sync-service/biz/model/base/base.go:930.2,931.1 2 0
github.com/yi-nology/git-sync-service/biz/model/base/base.go:932.2,932.81 1 0
github.com/yi-nology/git-sync-service/biz/model/base/base.go:935.74,936.68 1 0
github.com/yi-nology/git-sync-service/biz/model/base/base.go:936.68,937.28 1 0
github.com/yi-nology/git-sync-service/biz/model/base/base.go:939.2,939.47 1 0
github.com/yi-nology/git-sync-service/biz/model/base/base.go:939.47,941.3 1 0
github.com/yi-nology/git-sync-service/biz/model/base/base.go:942.2,942.45 1 0
github.com/yi-nology/git-sync-service/biz/model/base/base.go:942.45,943.26 1 0
github.com/yi-nology/git-sync-service/biz/model/base/base.go:945.2,946.1 2 0
github.com/yi-nology/git-sync-service/biz/model/base/base.go:947.2,948.1 2 0
github.com/yi-nology/git-sync-service/biz/model/base/base.go:949.2,949.81 1 0
github.com/yi-nology/git-sync-service/biz/model/base/base.go:952.74,953.73 1 0
github.com/yi-nology/git-sync-service/biz/model/base/base.go:953.73,954.28 1 0
github.com/yi-nology/git-sync-service/biz/model/base/base.go:956.2,956.51 1 0
github.com/yi-nology/git-sync-service/biz/model/base/base.go:956.51,958.3 1 0
github.com/yi-nology/git-sync-service/biz/model/base/base.go:959.2,959.45 1 0
github.com/yi-nology/git-sync-service/biz/model/base/base.go:959.45,960.26 1 0
github.com/yi-nology/git-sync-service/biz/model/base/base.go:962.2,963.1 2 0
github.com/yi-nology/git-sync-service/biz/model/base/base.go:964.2,965.1 2 0
github.com/yi-nology/git-sync-service/biz/model/base/base.go:966.2,966.81 1 0
github.com/yi-nology/git-sync-service/biz/model/base/base.go:969.42,970.14 1 0
github.com/yi-nology/git-sync-service/biz/model/base/base.go:970.14,972.3 1 0
github.com/yi-nology/git-sync-service/biz/model/base/base.go:973.2,973.47 1 0
github.com/yi-nology/git-sync-service/biz/router/register.go:11.41,14.2 1 0
github.com/yi-nology/git-sync-service/biz/model/webhook/webhook.go:24.44,26.2 1 0
github.com/yi-nology/git-sync-service/biz/model/webhook/webhook.go:28.42,29.2 0 0
github.com/yi-nology/git-sync-service/biz/model/webhook/webhook.go:31.45,33.2 1 0
github.com/yi-nology/git-sync-service/biz/model/webhook/webhook.go:35.48,37.2 1 0
github.com/yi-nology/git-sync-service/biz/model/webhook/webhook.go:39.51,41.2 1 0
github.com/yi-nology/git-sync-service/biz/model/webhook/webhook.go:43.53,45.2 1 0
github.com/yi-nology/git-sync-service/biz/model/webhook/webhook.go:47.57,49.2 1 0
github.com/yi-nology/git-sync-service/biz/model/webhook/webhook.go:51.50,53.2 1 0
github.com/yi-nology/git-sync-service/biz/model/webhook/webhook.go:55.56,57.2 1 0
github.com/yi-nology/git-sync-service/biz/model/webhook/webhook.go:59.54,61.2 1 0
github.com/yi-nology/git-sync-service/biz/model/webhook/webhook.go:63.49,65.2 1 0
github.com/yi-nology/git-sync-service/biz/model/webhook/webhook.go:67.55,69.2 1 0
github.com/yi-nology/git-sync-service/biz/model/webhook/webhook.go:71.53,73.2 1 0
github.com/yi-nology/git-sync-service/biz/model/webhook/webhook.go:89.68,94.50 3 0
github.com/yi-nology/git-sync-service/biz/model/webhook/webhook.go:94.50,95.28 1 0
github.com/yi-nology/git-sync-service/biz/model/webhook/webhook.go:98.2,98.6 1 0
github.com/yi-nology/git-sync-service/biz/model/webhook/webhook.go:98.6,100.17 2 0
github.com/yi-nology/git-sync-service/biz/model/webhook/webhook.go:100.17,101.28 1 0
github.com/yi-nology/git-sync-service/biz/model/webhook/webhook.go:103.3,103.33 1 0
github.com/yi-nology/git-sync-service/biz/model/webhook/webhook.go:103.33,104.9 1 0
github.com/yi-nology/git-sync-service/biz/model/webhook/webhook.go:107.3,107.18 1 0
github.com/yi-nology/git-sync-service/biz/model/webhook/webhook.go:108.10,109.33 1 0
github.com/yi-nology/git-sync-service/biz/model/webhook/webhook.go:109.33,110.46 1 0
github.com/yi-nology/git-sync-service/biz/model/webhook/webhook.go:110.46,111.25 1 0
github.com/yi-nology/git-sync-service/biz/model/webhook/webhook.go:113.10,113.56 1 0
github.com/yi-nology/git-sync-service/biz/model/webhook/webhook.go:113.56,114.24 1 0
github.com/yi-nology/git-sync-service/biz/model/webhook/webhook.go:116.10,117.36 1 0
github.com/yi-nology/git-sync-service/biz/model/webhook/webhook.go:117.36,118.46 1 0
github.com/yi-nology/git-sync-service/biz/model/webhook/webhook.go:118.46,119.25 1 0
github.com/yi-nology/git-sync-service/biz/model/webhook/webhook.go:121.10,121.56 1 0
github.com/yi-nology/git-sync-service/biz/model/webhook/webhook.go:121.56,122.24 1 0
github.com/yi-nology/git-sync-service/biz/model/webhook/webhook.go:124.10,125.36 1 0
github.com/yi-nology/git-sync-service/biz/model/webhook/webhook.go:125.36,126.46 1 0
github.com/yi-nology/git-sync-service/biz/model/webhook/webhook.go:126.46,127.25 1 0
github.com/yi-nology/git-sync-service/biz/model/webhook/webhook.go:129.10,129.56 1 0
github.com/yi-nology/git-sync-service/biz/model/webhook/webhook.go:129.56,130.24 1 0
github.com/yi-nology/git-sync-service/biz/model/webhook/webhook.go:132.10,133.36 1 0
github.com/yi-nology/git-sync-service/biz/model/webhook/webhook.go:133.36,134.46 1 0
github.com/yi-nology/git-sync-service/biz/model/webhook/webhook.go:134.46,135.25 1 0
github.com/yi-nology/git-sync-service/biz/model/webhook/webhook.go:137.10,137.56 1 0
github.com/yi-nology/git-sync-service/biz/model/webhook/webhook.go:137.56,138.24 1 0
github.com/yi-nology/git-sync-service/biz/model/webhook/webhook.go:140.10,141.36 1 0
github.com/yi-nology/git-sync-service/biz/model/webhook/webhook.go:141.36,142.46 1 0
github.com/yi-nology/git-sync-service/biz/model/webhook/webhook.go:142.46,143.25 1 0
github.com/yi-nology/git-sync-service/biz/model/webhook/webhook.go:145.10,145.56 1 0
github.com/yi-nology/git-sync-service/biz/model/webhook/webhook.go:145.56,146.24 1 0
github.com/yi-nology/git-sync-service/biz/model/webhook/webhook.go:148.10,149.36 1 0
github.com/yi-nology/git-sync-service/biz/model/webhook/webhook.go:149.36,150.46 1 0
github.com/yi-nology/git-sync-service/biz/model/webhook/webhook.go:150.46,151.25 1 0
github.com/yi-nology/git-sync-service/biz/model/webhook/webhook.go:153.10,153.56 1 0
github.com/yi-nology/git-sync-service/biz/model/webhook/webhook.go:153.56,154.24 1 0
github.com/yi-nology/git-sync-service/biz/model/webhook/webhook.go:156.10,157.36 1 0
github.com/yi-nology/git-sync-service/biz/model/webhook/webhook.go:157.36,158.46 1 0
github.com/yi-nology/git-sync-service/biz/model/webhook/webhook.go:158.46,159.25 1 0
github.com/yi-nology/git-sync-service/biz/model/webhook/webhook.go:161.10,161.56 1 0
github.com/yi-nology/git-sync-service/biz/model/webhook/webhook.go:161.56,162.24 1 0
github.com/yi-nology/git-sync-service/biz/model/webhook/webhook.go:164.10,165.33 1 0
github.com/yi-nology/git-sync-service/biz/model/webhook/webhook.go:165.33,166.46 1 0
github.com/yi-nology/git-sync-service/biz/model/webhook/webhook.go:166.46,167.25 1 0
github.com/yi-nology/git-sync-service/biz/model/webhook/webhook.go:169.10,169.56 1 0
github.com/yi-nology/git-sync-service/biz/model/webhook/webhook.go:169.56,170.24 1 0
github.com/yi-nology/git-sync-service/biz/model/webhook/webhook.go:172.10,173.34 1 0
github.com/yi-nology/git-sync-service/biz/model/webhook/webhook.go:173.34,174.46 1 0
github.com/yi-nology/git-sync-service/biz/model/webhook/webhook.go:174.46,175.25 1 0
github.com/yi-nology/git-sync-service/biz/model/webhook/webhook.go:177.10,177.56 1 0
github.com/yi-nology/git-sync-service/biz/model/webhook/webhook.go:177.56,178.24 1 0
github.com/yi-nology/git-sync-service/biz/model/webhook/webhook.go:180.11,181.36 1 0
github.com/yi-nology/git-sync-service/biz/model/webhook/webhook.go:181.36,182.47 1 0
github.com/yi-nology/git-sync-service/biz/model/webhook/webhook.go:182.47,183.25 1 0
github.com/yi-nology/git-sync-service/biz/model/webhook/webhook.go:185.10,185.56 1 0
github.com/yi-nology/git-sync-service/biz/model/webhook/webhook.go:185.56,186.24 1 0
github.com/yi-nology/git-sync-service/biz/model/webhook/webhook.go:188.11,189.36 1 0
github.com/yi-nology/git-sync-service/biz/model/webhook/webhook.go:189.36,190.47 1 0
github.com/yi-nology/git-sync-service/biz/model/webhook/webhook.go:190.47,191.25 1 0
github.com/yi-nology/git-sync-service/biz/model/webhook/webhook.go:193.10,193.56 1 0
github.com/yi-nology/git-sync-service/biz/model/webhook/webhook.go:193.56,194.24 1 0
github.com/yi-nology/git-sync-service/biz/model/webhook/webhook.go:196.11,197.49 1 0
github.com/yi-nology/git-sync-service/biz/model/webhook/webhook.go:197.49,198.24 1 0
github.com/yi-nology/git-sync-service/biz/model/webhook/webhook.go:201.3,201.45 1 0
github.com/yi-nology/git-sync-service/biz/model/webhook/webhook.go:201.45,202.26 1 0
github.com/yi-nology/git-sync-service/biz/model/webhook/webhook.go:205.2,205.45 1 0
github.com/yi-nology/git-sync-service/biz/model/webhook/webhook.go:205.45,206.26 1 0
github.com/yi-nology/git-sync-service/biz/model/webhook/webhook.go:209.2,210.1 2 0
github.com/yi-nology/git-sync-service/biz/model/webhook/webhook.go:211.2,212.1 2 0
github.com/yi-nology/git-sync-service/biz/model/webhook/webhook.go:213.2,214.1 2 0
github.com/yi-nology/git-sync-service/biz/model/webhook/webhook.go:215.2,216.1 2 0
github.com/yi-nology/git-sync-service/biz/model/webhook/webhook.go:217.2,219.1 2 0
github.com/yi-nology/git-sync-service/biz/model/webhook/webhook.go:220.2,221.1 2 0
github.com/yi-nology/git-sync-service/biz/model/webhook/webhook.go:222.2,222.79 1 0
github.com/yi-nology/git-sync-service/biz/model/webhook/webhook.go:225.68,228.43 2 0
github.com/yi-nology/git-sync-service/biz/model/webhook/webhook.go:228.43,230.3 1 0
github.com/yi-nology/git-sync-service/biz/model/webhook/webhook.go:230.8,232.3 1 0
github.com/yi-nology/git-sync-service/biz/model/webhook/webhook.go:233.2,234.12 2 0
github.com/yi-nology/git-sync-service/biz/model/webhook/webhook.go:236.68,239.46 2 0
github.com/yi-nology/git-sync-service/biz/model/webhook/webhook.go:239.46,241.3 1 0
github.com/yi-nology/git-sync-service/biz/model/webhook/webhook.go:241.8,243.3 1 0
github.com/yi-nology/git-sync-service/biz/model/webhook/webhook.go:244.2,245.12 2 0
github.com/yi-nology/git-sync-service/biz/model/webhook/webhook.go:247.68,250.46 2 0
github.com/yi-nology/git-sync-service/biz/model/webhook/webhook.go:250.46,252.3 1 0
github.com/yi-nology/git-sync-service/biz/model/webhook/webhook.go:252.8,254.3 1 0
github.com/yi-nology/git-sync-service/biz/model/webhook/webhook.go:255.2,256.12 2 0
github.com/yi-nology/git-sync-service/biz/model/webhook/webhook.go:258.68,261.46 2 0
github.com/yi-nology/git-sync-service/biz/model/webhook/webhook.go:261.46,263.3 1 0
github.com/yi-nology/git-sync-service/biz/model/webhook/webhook.go:263.8,265.3 1 0
github.com/yi-nology/git-sync-service/biz/model/webhook/webhook.go:266.2,267.12 2 0
github.com/yi-nology/git-sync-service/biz/model/webhook/webhook.go:269.68,272.46 2 0
github.com/yi-nology/git-sync-service/biz/model/webhook/webhook.go:272.46,274.3 1 0
github.com/yi-nology/git-sync-service/biz/model/webhook/webhook.go:274.8,276.3 1 0
github.com/yi-nology/git-sync-service/biz/model/webhook/webhook.go:277.2,278.12 2 0
github.com/yi-nology/git-sync-service/biz/model/webhook/webhook.go:280.68,283.46 2 0
github.com/yi-nology/git-sync-service/biz/model/webhook/webhook.go:283.46,285.3 1 0
github.com/yi-nology/git-sync-service/biz/model/webhook/webhook.go:285.8,287.3 1 0
github.com/yi-nology/git-sync-service/biz/model/webhook/webhook.go:288.2,289.12 2 0
github.com/yi-nology/git-sync-service/biz/model/webhook/webhook.go:291.68,294.46 2 0
github.com/yi-nology/git-sync-service/biz/model/webhook/webhook.go:294.46,296.3 1 0
github.com/yi-nology/git-sync-service/biz/model/webhook/webhook.go:296.8,298.3 1 0
github.com/yi-nology/git-sync-service/biz/model/webhook/webhook.go:299.2,300.12 2 0
github.com/yi-nology/git-sync-service/biz/model/webhook/webhook.go:302.68,305.43 2 0
github.com/yi-nology/git-sync-service/biz/model/webhook/webhook.go:305.43,307.3 1 0
github.com/yi-nology/git-sync-service/biz/model/webhook/webhook.go:307.8,309.3 1 0
github.com/yi-nology/git-sync-service/biz/model/webhook/webhook.go:310.2,311.12 2 0
github.com/yi-nology/git-sync-service/biz/model/webhook/webhook.go:313.68,316.44 2 0
github.com/yi-nology/git-sync-service/biz/model/webhook/webhook.go:316.44,318.3 1 0
github.com/yi-nology/git-sync-service/biz/model/webhook/webhook.go:318.8,320.3 1 0
github.com/yi-nology/git-sync-service/biz/model/webhook/webhook.go:321.2,322.12 2 0
github.com/yi-nology/git-sync-service/biz/model/webhook/webhook.go:324.69,327.46 2 0
github.com/yi-nology/git-sync-service/biz/model/webhook/webhook.go:327.46,329.3 1 0
github.com/yi-nology/git-sync-service/biz/model/webhook/webhook.go:329.8,331.3 1 0
github.com/yi-nology/git-sync-service/biz/model/webhook/webhook.go:332.2,333.12 2 0
github.com/yi-nology/git-sync-service/biz/model/webhook/webhook.go:335.69,338.46 2 0
github.com/yi-nology/git-sync-service/biz/model/webhook/webhook.go:338.46,340.3 1 0
github.com/yi-nology/git-sync-service/biz/model/webhook/webhook.go:340.8,342.3 1 0
github.com/yi-nology/git-sync-service/biz/model/webhook/webhook.go:343.2,344.12 2 0
github.com/yi-nology/git-sync-service/biz/model/webhook/webhook.go:347.69,349.65 2 0
github.com/yi-nology/git-sync-service/biz/model/webhook/webhook.go:349.65,350.29 1 0
github.com/yi-nology/git-sync-service/biz/model/webhook/webhook.go:352.2,352.14 1 0
github.com/yi-nology/git-sync-service/biz/model/webhook/webhook.go:352.14,353.45 1 0
github.com/yi-nology/git-sync-service/biz/model/webhook/webhook.go:353.45,355.24 2 0
github.com/yi-nology/git-sync-service/biz/model/webhook/webhook.go:357.3,357.45 1 0
github.com/yi-nology/git-sync-service/biz/model/webhook/webhook.go:357.45,359.24 2 0
github.com/yi-nology/git-sync-service/biz/model/webhook/webhook.go:361.3,361.45 1 0
github.com/yi-nology/git-sync-service/biz/model/webhook/webhook.go:361.45,363.24 2 0
github.com/yi-nology/git-sync-service/biz/model/webhook/webhook.go:365.3,365.45 1 0
github.com/yi-nology/git-sync-service/biz/model/webhook/webhook.go:365.45,367.24 2 0
github.com/yi-nology/git-sync-service/biz/model/webhook/webhook.go:369.3,369.45 1 0
github.com/yi-nology/git-sync-service/biz/model/webhook/webhook.go:369.45,371.24 2 0
github.com/yi-nology/git-sync-service/biz/model/webhook/webhook.go:373.3,373.45 1 0
github.com/yi-nology/git-sync-service/biz/model/webhook/webhook.go:373.45,375.24 2 0
github.com/yi-nology/git-sync-service/biz/model/webhook/webhook.go:377.3,377.45 1 0
github.com/yi-nology/git-sync-service/biz/model/webhook/webhook.go:377.45,379.24 2 0
github.com/yi-nology/git-sync-service/biz/model/webhook/webhook.go:381.3,381.45 1 0
github.com/yi-nology/git-sync-service/biz/model/webhook/webhook.go:381.45,383.24 2 0
github.com/yi-nology/git-sync-service/biz/model/webhook/webhook.go:385.3,385.45 1 0
github.com/yi-nology/git-sync-service/biz/model/webhook/webhook.go:385.45,387.24 2 0
github.com/yi-nology/git-sync-service/biz/model/webhook/webhook.go:389.3,389.46 1 0
github.com/yi-nology/git-sync-service/biz/model/webhook/webhook.go:389.46,391.24 2 0
github.com/yi-nology/git-sync-service/biz/model/webhook/webhook.go:393.3,393.46 1 0
github.com/yi-nology/git-sync-service/biz/model/webhook/webhook.go:393.46,395.24 2 0
github.com/yi-nology/git-sync-service/biz/model/webhook/webhook.go:398.2,398.46 1 0
github.com/yi-nology/git-sync-service/biz/model/webhook/webhook.go:398.46,399.27 1 0
github.com/yi-nology/git-sync-service/biz/model/webhook/webhook.go:401.2,401.46 1 0
github.com/yi-nology/git-sync-service/biz/model/webhook/webhook.go:401.46,402.27 1 0
github.com/yi-nology/git-sync-service/biz/model/webhook/webhook.go:404.2,405.1 2 0
github.com/yi-nology/git-sync-service/biz/model/webhook/webhook.go:406.2,407.1 2 0
github.com/yi-nology/git-sync-service/biz/model/webhook/webhook.go:408.2,409.1 2 0
github.com/yi-nology/git-sync-service/biz/model/webhook/webhook.go:410.2,411.1 2 0
github.com/yi-nology/git-sync-service/biz/model/webhook/webhook.go:412.2,412.80 1 0
github.com/yi-nology/git-sync-service/biz/model/webhook/webhook.go:415.75,416.66 1 0
github.com/yi-nology/git-sync-service/biz/model/webhook/webhook.go:416.66,417.28 1 0
github.com/yi-nology/git-sync-service/biz/model/webhook/webhook.go:419.2,419.45 1 0
github.com/yi-nology/git-sync-service/biz/model/webhook/webhook.go:419.45,421.3 1 0
github.com/yi-nology/git-sync-service/biz/model/webhook/webhook.go:422.2,422.45 1 0
github.com/yi-nology/git-sync-service/biz/model/webhook/webhook.go:422.45,423.26 1 0
github.com/yi-nology/git-sync-service/biz/model/webhook/webhook.go:425.2,426.1 2 0
github.com/yi-nology/git-sync-service/biz/model/webhook/webhook.go:427.2,428.1 2 0
github.com/yi-nology/git-sync-service/biz/model/webhook/webhook.go:429.2,429.81 1 0
github.com/yi-nology/git-sync-service/biz/model/webhook/webhook.go:432.75,433.71 1 0
github.com/yi-nology/git-sync-service/biz/model/webhook/webhook.go:433.71,434.28 1 0
github.com/yi-nology/git-sync-service/biz/model/webhook/webhook.go:436.2,436.50 1 0
github.com/yi-nology/git-sync-service/biz/model/webhook/webhook.go:436.50,438.3 1 0
github.com/yi-nology/git-sync-service/biz/model/webhook/webhook.go:439.2,439.45 1 0
github.com/yi-nology/git-sync-service/biz/model/webhook/webhook.go:439.45,440.26 1 0
github.com/yi-nology/git-sync-service/biz/model/webhook/webhook.go:442.2,443.1 2 0
github.com/yi-nology/git-sync-service/biz/model/webhook/webhook.go:444.2,445.1 2 0
github.com/yi-nology/git-sync-service/biz/model/webhook/webhook.go:446.2,446.81 1 0
github.com/yi-nology/git-sync-service/biz/model/webhook/webhook.go:449.75,450.75 1 0
github.com/yi-nology/git-sync-service/biz/model/webhook/webhook.go:450.75,451.28 1 0
github.com/yi-nology/git-sync-service/biz/model/webhook/webhook.go:453.2,453.53 1 0
github.com/yi-nology/git-sync-service/biz/model/webhook/webhook.go:453.53,455.3 1 0
github.com/yi-nology/git-sync-service/biz/model/webhook/webhook.go:456.2,456.45 1 0
github.com/yi-nology/git-sync-service/biz/model/webhook/webhook.go:456.45,457.26 1 0
github.com/yi-nology/git-sync-service/biz/model/webhook/webhook.go:459.2,460.1 2 0
github.com/yi-nology/git-sync-service/biz/model/webhook/webhook.go:461.2,462.1 2 0
github.com/yi-nology/git-sync-service/biz/model/webhook/webhook.go:463.2,463.81 1 0
github.com/yi-nology/git-sync-service/biz/model/webhook/webhook.go:466.75,467.77 1 0
github.com/yi-nology/git-sync-service/biz/model/webhook/webhook.go:467.77,468.28 1 0
github.com/yi-nology/git-sync-service/biz/model/webhook/webhook.go:470.2,470.55 1 0
github.com/yi-nology/git-sync-service/biz/model/webhook/webhook.go:470.55,472.3 1 0
github.com/yi-nology/git-sync-service/biz/model/webhook/webhook.go:473.2,473.45 1 0
github.com/yi-nology/git-sync-service/biz/model/webhook/webhook.go:473.45,474.26 1 0
github.com/yi-nology/git-sync-service/biz/model/webhook/webhook.go:476.2,477.1 2 0
github.com/yi-nology/git-sync-service/biz/model/webhook/webhook.go:478.2,479.1 2 0
github.com/yi-nology/git-sync-service/biz/model/webhook/webhook.go:480.2,480.81 1 0
github.com/yi-nology/git-sync-service/biz/model/webhook/webhook.go:483.75,484.81 1 0
github.com/yi-nology/git-sync-service/biz/model/webhook/webhook.go:484.81,485.28 1 0
github.com/yi-nology/git-sync-service/biz/model/webhook/webhook.go:487.2,487.59 1 0
github.com/yi-nology/git-sync-service/biz/model/webhook/webhook.go:487.59,489.3 1 0
github.com/yi-nology/git-sync-service/biz/model/webhook/webhook.go:490.2,490.45 1 0
github.com/yi-nology/git-sync-service/biz/model/webhook/webhook.go:490.45,491.26 1 0
github.com/yi-nology/git-sync-service/biz/model/webhook/webhook.go:493.2,494.1 2 0
github.com/yi-nology/git-sync-service/biz/model/webhook/webhook.go:495.2,496.1 2 0
github.com/yi-nology/git-sync-service/biz/model/webhook/webhook.go:497.2,497.81 1 0
github.com/yi-nology/git-sync-service/biz/model/webhook/webhook.go:500.75,501.73 1 0
github.com/yi-nology/git-sync-service/biz/model/webhook/webhook.go:501.73,502.28 1 0
github.com/yi-nology/git-sync-service/biz/model/webhook/webhook.go:504.2,504.52 1 0
github.com/yi-nology/git-sync-service/biz/model/webhook/webhook.go:504.52,506.3 1 0
github.com/yi-nology/git-sync-service/biz/model/webhook/webhook.go:507.2,507.45 1 0
github.com/yi-nology/git-sync-service/biz/model/webhook/webhook.go:507.45,508.26 1 0
github.com/yi-nology/git-sync-service/biz/model/webhook/webhook.go:510.2,511.1 2 0
github.com/yi-nology/git-sync-service/biz/model/webhook/webhook.go:512.2,513.1 2 0
github.com/yi-nology/git-sync-service/biz/model/webhook/webhook.go:514.2,514.81 1 0
github.com/yi-nology/git-sync-service/biz/model/webhook/webhook.go:517.75,518.81 1 0
github.com/yi-nology/git-sync-service/biz/model/webhook/webhook.go:518.81,519.28 1 0
github.com/yi-nology/git-sync-service/biz/model/webhook/webhook.go:521.2,521.58 1 0
github.com/yi-nology/git-sync-service/biz/model/webhook/webhook.go:521.58,523.3 1 0
github.com/yi-nology/git-sync-service/biz/model/webhook/webhook.go:524.2,524.45 1 0
github.com/yi-nology/git-sync-service/biz/model/webhook/webhook.go:524.45,525.26 1 0
github.com/yi-nology/git-sync-service/biz/model/webhook/webhook.go:527.2,528.1 2 0
github.com/yi-nology/git-sync-service/biz/model/webhook/webhook.go:529.2,530.1 2 0
github.com/yi-nology/git-sync-service/biz/model/webhook/webhook.go:531.2,531.81 1 0
github.com/yi-nology/git-sync-service/biz/model/webhook/webhook.go:534.75,535.76 1 0
github.com/yi-nology/git-sync-service/biz/model/webhook/webhook.go:535.76,536.28 1 0
github.com/yi-nology/git-sync-service/biz/model/webhook/webhook.go:538.2,538.54 1 0
github.com/yi-nology/git-sync-service/biz/model/webhook/webhook.go:538.54,540.3 1 0
github.com/yi-nology/git-sync-service/biz/model/webhook/webhook.go:541.2,541.45 1 0
github.com/yi-nology/git-sync-service/biz/model/webhook/webhook.go:541.45,542.26 1 0
github.com/yi-nology/git-sync-service/biz/model/webhook/webhook.go:544.2,545.1 2 0
github.com/yi-nology/git-sync-service/biz/model/webhook/webhook.go:546.2,547.1 2 0
github.com/yi-nology/git-sync-service/biz/model/webhook/webhook.go:548.2,548.81 1 0
github.com/yi-nology/git-sync-service/biz/model/webhook/webhook.go:551.75,552.72 1 0
github.com/yi-nology/git-sync-service/biz/model/webhook/webhook.go:552.72,553.28 1 0
github.com/yi-nology/git-sync-service/biz/model/webhook/webhook.go:555.2,555.51 1 0
github.com/yi-nology/git-sync-service/biz/model/webhook/webhook.go:555.51,557.3 1 0
github.com/yi-nology/git-sync-service/biz/model/webhook/webhook.go:558.2,558.45 1 0
github.com/yi-nology/git-sync-service/biz/model/webhook/webhook.go:558.45,559.26 1 0
github.com/yi-nology/git-sync-service/biz/model/webhook/webhook.go:561.2,562.1 2 0
github.com/yi-nology/git-sync-service/biz/model/webhook/webhook.go:563.2,564.1 2 0
github.com/yi-nology/git-sync-service/biz/model/webhook/webhook.go:565.2,565.81 1 0
github.com/yi-nology/git-sync-service/biz/model/webhook/webhook.go:568.76,569.79 1 0
github.com/yi-nology/git-sync-service/biz/model/webhook/webhook.go:569.79,570.28 1 0
github.com/yi-nology/git-sync-service/biz/model/webhook/webhook.go:572.2,572.57 1 0
github.com/yi-nology/git-sync-service/biz/model/webhook/webhook.go:572.57,574.3 1 0
github.com/yi-nology/git-sync-service/biz/model/webhook/webhook.go:575.2,575.45 1 0
github.com/yi-nology/git-sync-service/biz/model/webhook/webhook.go:575.45,576.26 1 0
github.com/yi-nology/git-sync-service/biz/model/webhook/webhook.go:578.2,579.1 2 0
github.com/yi-nology/git-sync-service/biz/model/webhook/webhook.go:580.2,581.1 2 0
github.com/yi-nology/git-sync-service/biz/model/webhook/webhook.go:582.2,582.82 1 0
github.com/yi-nology/git-sync-service/biz/model/webhook/webhook.go:585.76,586.78 1 0
github.com/yi-nology/git-sync-service/biz/model/webhook/webhook.go:586.78,587.28 1 0
github.com/yi-nology/git-sync-service/biz/model/webhook/webhook.go:589.2,589.55 1 0
github.com/yi-nology/git-sync-service/biz/model/webhook/webhook.go:589.55,591.3 1 0
github.com/yi-nology/git-sync-service/biz/model/webhook/webhook.go:592.2,592.45 1 0
github.com/yi-nology/git-sync-service/biz/model/webhook/webhook.go:592.45,593.26 1 0
github.com/yi-nology/git-sync-service/biz/model/webhook/webhook.go:595.2,596.1 2 0
github.com/yi-nology/git-sync-service/biz/model/webhook/webhook.go:597.2,598.1 2 0
github.com/yi-nology/git-sync-service/biz/model/webhook/webhook.go:599.2,599.82 1 0
github.com/yi-nology/git-sync-service/biz/model/webhook/webhook.go:602.43,603.14 1 0
github.com/yi-nology/git-sync-service/biz/model/webhook/webhook.go:603.14,605.3 1 0
github.com/yi-nology/git-sync-service/biz/model/webhook/webhook.go:606.2,606.48 1 0
github.com/yi-nology/git-sync-service/biz/model/webhook/webhook.go:614.38,616.2 1 0
github.com/yi-nology/git-sync-service/biz/model/webhook/webhook.go:618.39,619.2 0 0
github.com/yi-nology/git-sync-service/biz/model/webhook/webhook.go:621.48,623.2 1 0
github.com/yi-nology/git-sync-service/biz/model/webhook/webhook.go:629.65,634.50 3 0
github.com/yi-nology/git-sync-service/biz/model/webhook/webhook.go:634.50,635.28 1 0
github.com/yi-nology/git-sync-service/biz/model/webhook/webhook.go:638.2,638.6 1 0
github.com/yi-nology/git-sync-service/biz/model/webhook/webhook.go:638.6,640.17 2 0
github.com/yi-nology/git-sync-service/biz/model/webhook/webhook.go:640.17,641.28 1 0
github.com/yi-nology/git-sync-service/biz/model/webhook/webhook.go:643.3,643.33 1 0
github.com/yi-nology/git-sync-service/biz/model/webhook/webhook.go:643.33,644.9 1 0
github.com/yi-nology/git-sync-service/biz/model/webhook/webhook.go:647.3,647.18 1 0
github.com/yi-nology/git-sync-service/biz/model/webhook/webhook.go:648.10,649.36 1 0
github.com/yi-nology/git-sync-service/biz/model/webhook/webhook.go:649.36,650.46 1 0
github.com/yi-nology/git-sync-service/biz/model/webhook/webhook.go:650.46,651.25 1 0
github.com/yi-nology/git-sync-service/biz/model/webhook/webhook.go:653.10,653.56 1 0
github.com/yi-nology/git-sync-service/biz/model/webhook/webhook.go:653.56,654.24 1 0
github.com/yi-nology/git-sync-service/biz/model/webhook/webhook.go:656.11,657.49 1 0
github.com/yi-nology/git-sync-service/biz/model/webhook/webhook.go:657.49,658.24 1 0
github.com/yi-nology/git-sync-service/biz/model/webhook/webhook.go:661.3,661.45 1 0
github.com/yi-nology/git-sync-service/biz/model/webhook/webhook.go:661.45,662.26 1 0
github.com/yi-nology/git-sync-service/biz/model/webhook/webhook.go:665.2,665.45 1 0
github.com/yi-nology/git-sync-service/biz/model/webhook/webhook.go:665.45,666.26 1 0
github.com/yi-nology/git-sync-service/biz/model/webhook/webhook.go:669.2,670.1 2 0
github.com/yi-nology/git-sync-service/biz/model/webhook/webhook.go:671.2,672.1 2 0
github.com/yi-nology/git-sync-service/biz/model/webhook/webhook.go:673.2,674.1 2 0
github.com/yi-nology/git-sync-service/biz/model/webhook/webhook.go:675.2,676.1 2 0
github.com/yi-nology/git-sync-service/biz/model/webhook/webhook.go:677.2,679.1 2 0
github.com/yi-nology/git-sync-service/biz/model/webhook/webhook.go:680.2,681.1 2 0
github.com/yi-nology/git-sync-service/biz/model/webhook/webhook.go:682.2,682.79 1 0
github.com/yi-nology/git-sync-service/biz/model/webhook/webhook.go:685.65,688.46 2 0
github.com/yi-nology/git-sync-service/biz/model/webhook/webhook.go:688.46,690.3 1 0
github.com/yi-nology/git-sync-service/biz/model/webhook/webhook.go:690.8,692.3 1 0
github.com/yi-nology/git-sync-service/biz/model/webhook/webhook.go:693.2,694.12 2 0
github.com/yi-nology/git-sync-service/biz/model/webhook/webhook.go:697.66,699.62 2 0
github.com/yi-nology/git-sync-service/biz/model/webhook/webhook.go:699.62,700.29 1 0
github.com/yi-nology/git-sync-service/biz/model/webhook/webhook.go:702.2,702.14 1 0
github.com/yi-nology/git-sync-service/biz/model/webhook/webhook.go:702.14,703.45 1 0
github.com/yi-nology/git-sync-service/biz/model/webhook/webhook.go:703.45,705.24 2 0
github.com/yi-nology/git-sync-service/biz/model/webhook/webhook.go:708.2,708.46 1 0
github.com/yi-nology/git-sync-service/biz/model/webhook/webhook.go:708.46,709.27 1 0
github.com/yi-nology/git-sync-service/biz/model/webhook/webhook.go:711.2,711.46 1 0
github.com/yi-nology/git-sync-service/biz/model/webhook/webhook.go:711.46,712.27 1 0
github.com/yi-nology/git-sync-service/biz/model/webhook/webhook.go:714.2,715.1 2 0
github.com/yi-nology/git-sync-service/biz/model/webhook/webhook.go:716.2,717.1 2 0
github.com/yi-nology/git-sync-service/biz/model/webhook/webhook.go:718.2,719.1 2 0
github.com/yi-nology/git-sync-service/biz/model/webhook/webhook.go:720.2,721.1 2 0
github.com/yi-nology/git-sync-service/biz/model/webhook/webhook.go:722.2,722.80 1 0
github.com/yi-nology/git-sync-service/biz/model/webhook/webhook.go:725.72,726.75 1 0
github.com/yi-nology/git-sync-service/biz/model/webhook/webhook.go:726.75,727.28 1 0
github.com/yi-nology/git-sync-service/biz/model/webhook/webhook.go:729.2,729.53 1 0
github.com/yi-nology/git-sync-service/biz/model/webhook/webhook.go:729.53,731.3 1 0
github.com/yi-nology/git-sync-service/biz/model/webhook/webhook.go:732.2,732.45 1 0
github.com/yi-nology/git-sync-service/biz/model/webhook/webhook.go:732.45,733.26 1 0
github.com/yi-nology/git-sync-service/biz/model/webhook/webhook.go:735.2,736.1 2 0
github.com/yi-nology/git-sync-service/biz/model/webhook/webhook.go:737.2,738.1 2 0
github.com/yi-nology/git-sync-service/biz/model/webhook/webhook.go:739.2,739.81 1 0
github.com/yi-nology/git-sync-service/biz/model/webhook/webhook.go:742.40,743.14 1 0
github.com/yi-nology/git-sync-service/biz/model/webhook/webhook.go:743.14,745.3 1 0
github.com/yi-nology/git-sync-service/biz/model/webhook/webhook.go:746.2,746.45 1 0
github.com/yi-nology/git-sync-service/biz/model/webhook/webhook.go:754.40,756.2 1 0
github.com/yi-nology/git-sync-service/biz/model/webhook/webhook.go:758.40,759.2 0 0
github.com/yi-nology/git-sync-service/biz/model/webhook/webhook.go:761.59,763.2 1 0
github.com/yi-nology/git-sync-service/biz/model/webhook/webhook.go:769.66,774.50 3 0
github.com/yi-nology/git-sync-service/biz/model/webhook/webhook.go:774.50,775.28 1 0
github.com/yi-nology/git-sync-service/biz/model/webhook/webhook.go:778.2,778.6 1 0
github.com/yi-nology/git-sync-service/biz/model/webhook/webhook.go:778.6,780.17 2 0
github.com/yi-nology/git-sync-service/biz/model/webhook/webhook.go:780.17,781.28 1 0
github.com/yi-nology/git-sync-service/biz/model/webhook/webhook.go:783.3,783.33 1 0
github.com/yi-nology/git-sync-service/biz/model/webhook/webhook.go:783.33,784.9 1 0
github.com/yi-nology/git-sync-service/biz/model/webhook/webhook.go:787.3,787.18 1 0
github.com/yi-nology/git-sync-service/biz/model/webhook/webhook.go:788.10,789.34 1 0
github.com/yi-nology/git-sync-service/biz/model/webhook/webhook.go:789.34,790.46 1 0
github.com/yi-nology/git-sync-service/biz/model/webhook/webhook.go:790.46,791.25 1 0
github.com/yi-nology/git-sync-service/biz/model/webhook/webhook.go:793.10,793.56 1 0
github.com/yi-nology/git-sync-service/biz/model/webhook/webhook.go:793.56,794.24 1 0
github.com/yi-nology/git-sync-service/biz/model/webhook/webhook.go:796.11,797.49 1 0
github.com/yi-nology/git-sync-service/biz/model/webhook/webhook.go:797.49,798.24 1 0
github.com/yi-nology/git-sync-service/biz/model/webhook/webhook.go:801.3,801.45 1 0
github.com/yi-nology/git-sync-service/biz/model/webhook/webhook.go:801.45,802.26 1 0
github.com/yi-nology/git-sync-service/biz/model/webhook/webhook.go:805.2,805.45 1 0
github.com/yi-nology/git-sync-service/biz/model/webhook/webhook.go:805.45,806.26 1 0
github.com/yi-nology/git-sync-service/biz/model/webhook/webhook.go:809.2,810.1 2 0
github.com/yi-nology/git-sync-service/biz/model/webhook/webhook.go:811.2,812.1 2 0
github.com/yi-nology/git-sync-service/biz/model/webhook/webhook.go:813.2,814.1 2 0
github.com/yi-nology/git-sync-service/biz/model/webhook/webhook.go:815.2,816.1 2 0
github.com/yi-nology/git-sync-service/biz/model/webhook/webhook.go:817.2,819.1 2 0
github.com/yi-nology/git-sync-service/biz/model/webhook/webhook.go:820.2,821.1 2 0
github.com/yi-nology/git-sync-service/biz/model/webhook/webhook.go:822.2,822.79 1 0
github.com/yi-nology/git-sync-service/biz/model/webhook/webhook.go:825.66,827.16 2 0
github.com/yi-nology/git-sync-service/biz/model/webhook/webhook.go:827.16,829.3 1 0
github.com/yi-nology/git-sync-service/biz/model/webhook/webhook.go:830.2,832.28 3 0
github.com/yi-nology/git-sync-service/biz/model/webhook/webhook.go:832.28,836.43 3 0
github.com/yi-nology/git-sync-service/biz/model/webhook/webhook.go:836.43,838.4 1 0
github.com/yi-nology/git-sync-service/biz/model/webhook/webhook.go:840.3,840.33 1 0
github.com/yi-nology/git-sync-service/biz/model/webhook/webhook.go:842.2,842.44 1 0
github.com/yi-nology/git-sync-service/biz/model/webhook/webhook.go:842.44,844.3 1 0
github.com/yi-nology/git-sync-service/biz/model/webhook/webhook.go:845.2,846.12 2 0
github.com/yi-nology/git-sync-service/biz/model/webhook/webhook.go:849.67,851.63 2 0
github.com/yi-nology/git-sync-service/biz/model/webhook/webhook.go:851.63,852.29 1 0
github.com/yi-nology/git-sync-service/biz/model/webhook/webhook.go:854.2,854.14 1 0
github.com/yi-nology/git-sync-service/biz/model/webhook/webhook.go:854.14,855.45 1 0
github.com/yi-nology/git-sync-service/biz/model/webhook/webhook.go:855.45,857.24 2 0
github.com/yi-nology/git-sync-service/biz/model/webhook/webhook.go:860.2,860.46 1 0
github.com/yi-nology/git-sync-service/biz/model/webhook/webhook.go:860.46,861.27 1 0
github.com/yi-nology/git-sync-service/biz/model/webhook/webhook.go:863.2,863.46 1 0
github.com/yi-nology/git-sync-service/biz/model/webhook/webhook.go:863.46,864.27 1 0
github.com/yi-nology/git-sync-service/biz/model/webhook/webhook.go:866.2,867.1 2 0
github.com/yi-nology/git-sync-service/biz/model/webhook/webhook.go:868.2,869.1 2 0
github.com/yi-nology/git-sync-service/biz/model/webhook/webhook.go:870.2,871.1 2 0
github.com/yi-nology/git-sync-service/biz/model/webhook/webhook.go:872.2,873.1 2 0
github.com/yi-nology/git-sync-service/biz/model/webhook/webhook.go:874.2,874.80 1 0
github.com/yi-nology/git-sync-service/biz/model/webhook/webhook.go:877.73,878.70 1 0
github.com/yi-nology/git-sync-service/biz/model/webhook/webhook.go:878.70,879.28 1 0
github.com/yi-nology/git-sync-service/biz/model/webhook/webhook.go:881.2,881.74 1 0
github.com/yi-nology/git-sync-service/biz/model/webhook/webhook.go:881.74,883.3 1 0
github.com/yi-nology/git-sync-service/biz/model/webhook/webhook.go:884.2,884.28 1 0
github.com/yi-nology/git-sync-service/biz/model/webhook/webhook.go:884.28,885.40 1 0
github.com/yi-nology/git-sync-service/biz/model/webhook/webhook.go:885.40,887.4 1 0
github.com/yi-nology/git-sync-service/biz/model/webhook/webhook.go:889.2,889.45 1 0
github.com/yi-nology/git-sync-service/biz/model/webhook/webhook.go:889.45,891.3 1 0
github.com/yi-nology/git-sync-service/biz/model/webhook/webhook.go:892.2,892.45 1 0
github.com/yi-nology/git-sync-service/biz/model/webhook/webhook.go:892.45,893.26 1 0
github.com/yi-nology/git-sync-service/biz/model/webhook/webhook.go:895.2,896.1 2 0
github.com/yi-nology/git-sync-service/biz/model/webhook/webhook.go:897.2,898.1 2 0
github.com/yi-nology/git-sync-service/biz/model/webhook/webhook.go:899.2,899.81 1 0
github.com/yi-nology/git-sync-service/biz/model/webhook/webhook.go:902.41,903.14 1 0
github.com/yi-nology/git-sync-service/biz/model/webhook/webhook.go:903.14,905.3 1 0
github.com/yi-nology/git-sync-service/biz/model/webhook/webhook.go:906.2,906.46 1 0
github.com/yi-nology/git-sync-service/biz/model/webhook/webhook.go:914.34,916.2 1 0
github.com/yi-nology/git-sync-service/biz/model/webhook/webhook.go:918.37,919.2 0 0
github.com/yi-nology/git-sync-service/biz/model/webhook/webhook.go:921.40,923.2 1 0
github.com/yi-nology/git-sync-service/biz/model/webhook/webhook.go:929.63,934.50 3 0
github.com/yi-nology/git-sync-service/biz/model/webhook/webhook.go:934.50,935.28 1 0
github.com/yi-nology/git-sync-service/biz/model/webhook/webhook.go:938.2,938.6 1 0
github.com/yi-nology/git-sync-service/biz/model/webhook/webhook.go:938.6,940.17 2 0
github.com/yi-nology/git-sync-service/biz/model/webhook/webhook.go:940.17,941.28 1 0
github.com/yi-nology/git-sync-service/biz/model/webhook/webhook.go:943.3,943.33 1 0
github.com/yi-nology/git-sync-service/biz/model/webhook/webhook.go:943.33,944.9 1 0
github.com/yi-nology/git-sync-service/biz/model/webhook/webhook.go:947.3,947.18 1 0
github.com/yi-nology/git-sync-service/biz/model/webhook/webhook.go:948.10,949.33 1 0
github.com/yi-nology/git-sync-service/biz/model/webhook/webhook.go:949.33,950.46 1 0
github.com/yi-nology/git-sync-service/biz/model/webhook/webhook.go:950.46,951.25 1 0
github.com/yi-nology/git-sync-service/biz/model/webhook/webhook.go:953.10,953.56 1 0
github.com/yi-nology/git-sync-service/biz/model/webhook/webhook.go:953.56,954.24 1 0
github.com/yi-nology/git-sync-service/biz/model/webhook/webhook.go:956.11,957.49 1 0
github.com/yi-nology/git-sync-service/biz/model/webhook/webhook.go:957.49,958.24 1 0
github.com/yi-nology/git-sync-service/biz/model/webhook/webhook.go:961.3,961.45 1 0
github.com/yi-nology/git-sync-service/biz/model/webhook/webhook.go:961.45,962.26 1 0
github.com/yi-nology/git-sync-service/biz/model/webhook/webhook.go:965.2,965.45 1 0
github.com/yi-nology/git-sync-service/biz/model/webhook/webhook.go:965.45,966.26 1 0
github.com/yi-nology/git-sync-service/biz/model/webhook/webhook.go:969.2,970.1 2 0
github.com/yi-nology/git-sync-service/biz/model/webhook/webhook.go:971.2,972.1 2 0
github.com/yi-nology/git-sync-service/biz/model/webhook/webhook.go:973.2,974.1 2 0
github.com/yi-nology/git-sync-service/biz/model/webhook/webhook.go:975.2,976.1 2 0
github.com/yi-nology/git-sync-service/biz/model/webhook/webhook.go:977.2,979.1 2 0
github.com/yi-nology/git-sync-service/biz/model/webhook/webhook.go:980.2,981.1 2 0
github.com/yi-nology/git-sync-service/biz/model/webhook/webhook.go:982.2,982.79 1 0
github.com/yi-nology/git-sync-service/biz/model/webhook/webhook.go:985.63,988.43 2 0
github.com/yi-nology/git-sync-service/biz/model/webhook/webhook.go:988.43,990.3 1 0
github.com/yi-nology/git-sync-service/biz/model/webhook/webhook.go:990.8,992.3 1 0
github.com/yi-nology/git-sync-service/biz/model/webhook/webhook.go:993.2,994.12 2 0
github.com/yi-nology/git-sync-service/biz/model/webhook/webhook.go:997.64,999.60 2 0
github.com/yi-nology/git-sync-service/biz/model/webhook/webhook.go:999.60,1000.29 1 0
github.com/yi-nology/git-sync-service/biz/model/webhook/webhook.go:1002.2,1002.14 1 0
github.com/yi-nology/git-sync-service/biz/model/webhook/webhook.go:1002.14,1003.45 1 0
github.com/yi-nology/git-sync-service/biz/model/webhook/webhook.go:1003.45,1005.24 2 0
github.com/yi-nology/git-sync-service/biz/model/webhook/webhook.go:1008.2,1008.46 1 0
github.com/yi-nology/git-sync-service/biz/model/webhook/webhook.go:1008.46,1009.27 1 0
github.com/yi-nology/git-sync-service/biz/model/webhook/webhook.go:1011.2,1011.46 1 0
github.com/yi-nology/git-sync-service/biz/model/webhook/webhook.go:1011.46,1012.27 1 0
github.com/yi-nology/git-sync-service/biz/model/webhook/webhook.go:1014.2,1015.1 2 0
github.com/yi-nology/git-sync-service/biz/model/webhook/webhook.go:1016.2,1017.1 2 0
github.com/yi-nology/git-sync-service/biz/model/webhook/webhook.go:1018.2,1019.1 2 0
github.com/yi-nology/git-sync-service/biz/model/webhook/webhook.go:1020.2,1021.1 2 0
github.com/yi-nology/git-sync-service/biz/model/webhook/webhook.go:1022.2,1022.80 1 0
github.com/yi-nology/git-sync-service/biz/model/webhook/webhook.go:1025.70,1026.66 1 0
github.com/yi-nology/git-sync-service/biz/model/webhook/webhook.go:1026.66,1027.28 1 0
github.com/yi-nology/git-sync-service/biz/model/webhook/webhook.go:1029.2,1029.45 1 0
github.com/yi-nology/git-sync-service/biz/model/webhook/webhook.go:1029.45,1031.3 1 0
github.com/yi-nology/git-sync-service/biz/model/webhook/webhook.go:1032.2,1032.45 1 0
github.com/yi-nology/git-sync-service/biz/model/webhook/webhook.go:1032.45,1033.26 1 0
github.com/yi-nology/git-sync-service/biz/model/webhook/webhook.go:1035.2,1036.1 2 0
github.com/yi-nology/git-sync-service/biz/model/webhook/webhook.go:1037.2,1038.1 2 0
github.com/yi-nology/git-sync-service/biz/model/webhook/webhook.go:1039.2,1039.81 1 0
github.com/yi-nology/git-sync-service/biz/model/webhook/webhook.go:1042.38,1043.14 1 0
github.com/yi-nology/git-sync-service/biz/model/webhook/webhook.go:1043.14,1045.3 1 0
github.com/yi-nology/git-sync-service/biz/model/webhook/webhook.go:1046.2,1046.43 1 0
github.com/yi-nology/git-sync-service/biz/model/webhook/webhook.go:1054.36,1056.2 1 0
github.com/yi-nology/git-sync-service/biz/model/webhook/webhook.go:1058.38,1059.2 0 0
github.com/yi-nology/git-sync-service/biz/model/webhook/webhook.go:1063.54,1064.20 1 0
github.com/yi-nology/git-sync-service/biz/model/webhook/webhook.go:1064.20,1066.3 1 0
github.com/yi-nology/git-sync-service/biz/model/webhook/webhook.go:1067.2,1067.15 1 0
github.com/yi-nology/git-sync-service/biz/model/webhook/webhook.go:1074.40,1076.2 1 0
github.com/yi-nology/git-sync-service/biz/model/webhook/webhook.go:1078.64,1083.50 3 0
github.com/yi-nology/git-sync-service/biz/model/webhook/webhook.go:1083.50,1084.28 1 0
github.com/yi-nology/git-sync-service/biz/model/webhook/webhook.go:1087.2,1087.6 1 0
github.com/yi-nology/git-sync-service/biz/model/webhook/webhook.go:1087.6,1089.17 2 0
github.com/yi-nology/git-sync-service/biz/model/webhook/webhook.go:1089.17,1090.28 1 0
github.com/yi-nology/git-sync-service/biz/model/webhook/webhook.go:1092.3,1092.33 1 0
github.com/yi-nology/git-sync-service/biz/model/webhook/webhook.go:1092.33,1093.9 1 0
github.com/yi-nology/git-sync-service/biz/model/webhook/webhook.go:1096.3,1096.18 1 0
github.com/yi-nology/git-sync-service/biz/model/webhook/webhook.go:1097.10,1098.36 1 0
github.com/yi-nology/git-sync-service/biz/model/webhook/webhook.go:1098.36,1099.46 1 0
github.com/yi-nology/git-sync-service/biz/model/webhook/webhook.go:1099.46,1100.25 1 0
github.com/yi-nology/git-sync-service/biz/model/webhook/webhook.go:1102.10,1102.56 1 0
github.com/yi-nology/git-sync-service/biz/model/webhook/webhook.go:1102.56,1103.24 1 0
github.com/yi-nology/git-sync-service/biz/model/webhook/webhook.go:1105.11,1106.49 1 0
github.com/yi-nology/git-sync-service/biz/model/webhook/webhook.go:1106.49,1107.24 1 0
github.com/yi-nology/git-sync-service/biz/model/webhook/webhook.go:1110.3,1110.45 1 0
github.com/yi-nology/git-sync-service/biz/model/webhook/webhook.go:1110.45,1111.26 1 0
github.com/yi-nology/git-sync-service/biz/model/webhook/webhook.go:1114.2,1114.45 1 0
github.com/yi-nology/git-sync-service/biz/model/webhook/webhook.go:1114.45,1115.26 1 0
github.com/yi-nology/git-sync-service/biz/model/webhook/webhook.go:1118.2,1119.1 2 0
github.com/yi-nology/git-sync-service/biz/model/webhook/webhook.go:1120.2,1121.1 2 0
github.com/yi-nology/git-sync-service/biz/model/webhook/webhook.go:1122.2,1123.1 2 0
github.com/yi-nology/git-sync-service/biz/model/webhook/webhook.go:1124.2,1125.1 2 0
github.com/yi-nology/git-sync-service/biz/model/webhook/webhook.go:1126.2,1128.1 2 0
github.com/yi-nology/git-sync-service/biz/model/webhook/webhook.go:1129.2,1130.1 2 0
github.com/yi-nology/git-sync-service/biz/model/webhook/webhook.go:1131.2,1131.79 1 0
github.com/yi-nology/git-sync-service/biz/model/webhook/webhook.go:1134.64,1136.43 2 0
github.com/yi-nology/git-sync-service/biz/model/webhook/webhook.go:1136.43,1138.3 1 0
github.com/yi-nology/git-sync-service/biz/model/webhook/webhook.go:1139.2,1140.12 2 0
github.com/yi-nology/git-sync-service/biz/model/webhook/webhook.go:1143.65,1145.61 2 0
github.com/yi-nology/git-sync-service/biz/model/webhook/webhook.go:1145.61,1146.29 1 0
github.com/yi-nology/git-sync-service/biz/model/webhook/webhook.go:1148.2,1148.14 1 0
github.com/yi-nology/git-sync-service/biz/model/webhook/webhook.go:1148.14,1149.45 1 0
github.com/yi-nology/git-sync-service/biz/model/webhook/webhook.go:1149.45,1151.24 2 0
github.com/yi-nology/git-sync-service/biz/model/webhook/webhook.go:1154.2,1154.46 1 0
github.com/yi-nology/git-sync-service/biz/model/webhook/webhook.go:1154.46,1155.27 1 0
github.com/yi-nology/git-sync-service/biz/model/webhook/webhook.go:1157.2,1157.46 1 0
github.com/yi-nology/git-sync-service/biz/model/webhook/webhook.go:1157.46,1158.27 1 0
github.com/yi-nology/git-sync-service/biz/model/webhook/webhook.go:1160.2,1161.1 2 0
github.com/yi-nology/git-sync-service/biz/model/webhook/webhook.go:1162.2,1163.1 2 0
github.com/yi-nology/git-sync-service/biz/model/webhook/webhook.go:1164.2,1165.1 2 0
github.com/yi-nology/git-sync-service/biz/model/webhook/webhook.go:1166.2,1167.1 2 0
github.com/yi-nology/git-sync-service/biz/model/webhook/webhook.go:1168.2,1168.80 1 0
github.com/yi-nology/git-sync-service/biz/model/webhook/webhook.go:1171.71,1172.71 1 0
github.com/yi-nology/git-sync-service/biz/model/webhook/webhook.go:1172.71,1173.28 1 0
github.com/yi-nology/git-sync-service/biz/model/webhook/webhook.go:1175.2,1175.44 1 0
github.com/yi-nology/git-sync-service/biz/model/webhook/webhook.go:1175.44,1177.3 1 0
github.com/yi-nology/git-sync-service/biz/model/webhook/webhook.go:1178.2,1178.45 1 0
github.com/yi-nology/git-sync-service/biz/model/webhook/webhook.go:1178.45,1179.26 1 0
github.com/yi-nology/git-sync-service/biz/model/webhook/webhook.go:1181.2,1182.1 2 0
github.com/yi-nology/git-sync-service/biz/model/webhook/webhook.go:1183.2,1184.1 2 0
github.com/yi-nology/git-sync-service/biz/model/webhook/webhook.go:1185.2,1185.81 1 0
github.com/yi-nology/git-sync-service/biz/model/webhook/webhook.go:1188.39,1189.14 1 0
github.com/yi-nology/git-sync-service/biz/model/webhook/webhook.go:1189.14,1191.3 1 0
github.com/yi-nology/git-sync-service/biz/model/webhook/webhook.go:1192.2,1192.44 1 0
github.com/yi-nology/git-sync-service/biz/model/webhook/webhook.go:1208.40,1210.2 1 0
github.com/yi-nology/git-sync-service/biz/model/webhook/webhook.go:1212.40,1213.2 0 0
github.com/yi-nology/git-sync-service/biz/model/webhook/webhook.go:1215.46,1217.2 1 0
github.com/yi-nology/git-sync-service/biz/model/webhook/webhook.go:1219.49,1221.2 1 0
github.com/yi-nology/git-sync-service/biz/model/webhook/webhook.go:1223.51,1225.2 1 0
github.com/yi-nology/git-sync-service/biz/model/webhook/webhook.go:1227.55,1229.2 1 0
github.com/yi-nology/git-sync-service/biz/model/webhook/webhook.go:1231.48,1233.2 1 0
github.com/yi-nology/git-sync-service/biz/model/webhook/webhook.go:1235.54,1237.2 1 0
github.com/yi-nology/git-sync-service/biz/model/webhook/webhook.go:1239.52,1241.2 1 0
github.com/yi-nology/git-sync-service/biz/model/webhook/webhook.go:1243.47,1245.2 1 0
github.com/yi-nology/git-sync-service/biz/model/webhook/webhook.go:1247.53,1249.2 1 0
github.com/yi-nology/git-sync-service/biz/model/webhook/webhook.go:1263.66,1268.50 3 0
github.com/yi-nology/git-sync-service/biz/model/webhook/webhook.go:1268.50,1269.28 1 0
github.com/yi-nology/git-sync-service/biz/model/webhook/webhook.go:1272.2,1272.6 1 0
github.com/yi-nology/git-sync-service/biz/model/webhook/webhook.go:1272.6,1274.17 2 0
github.com/yi-nology/git-sync-service/biz/model/webhook/webhook.go:1274.17,1275.28 1 0
github.com/yi-nology/git-sync-service/biz/model/webhook/webhook.go:1277.3,1277.33 1 0
github.com/yi-nology/git-sync-service/biz/model/webhook/webhook.go:1277.33,1278.9 1 0
github.com/yi-nology/git-sync-service/biz/model/webhook/webhook.go:1281.3,1281.18 1 0
github.com/yi-nology/git-sync-service/biz/model/webhook/webhook.go:1282.10,1283.36 1 0
github.com/yi-nology/git-sync-service/biz/model/webhook/webhook.go:1283.36,1284.46 1 0
github.com/yi-nology/git-sync-service/biz/model/webhook/webhook.go:1284.46,1285.25 1 0
github.com/yi-nology/git-sync-service/biz/model/webhook/webhook.go:1287.10,1287.56 1 0
github.com/yi-nology/git-sync-service/biz/model/webhook/webhook.go:1287.56,1288.24 1 0
github.com/yi-nology/git-sync-service/biz/model/webhook/webhook.go:1290.10,1291.36 1 0
github.com/yi-nology/git-sync-service/biz/model/webhook/webhook.go:1291.36,1292.46 1 0
github.com/yi-nology/git-sync-service/biz/model/webhook/webhook.go:1292.46,1293.25 1 0
github.com/yi-nology/git-sync-service/biz/model/webhook/webhook.go:1295.10,1295.56 1 0
github.com/yi-nology/git-sync-service/biz/model/webhook/webhook.go:1295.56,1296.24 1 0
github.com/yi-nology/git-sync-service/biz/model/webhook/webhook.go:1298.10,1299.36 1 0
github.com/yi-nology/git-sync-service/biz/model/webhook/webhook.go:1299.36,1300.46 1 0
github.com/yi-nology/git-sync-service/biz/model/webhook/webhook.go:1300.46,1301.25 1 0
github.com/yi-nology/git-sync-service/biz/model/webhook/webhook.go:1303.10,1303.56 1 0
github.com/yi-nology/git-sync-service/biz/model/webhook/webhook.go:1303.56,1304.24 1 0
github.com/yi-nology/git-sync-service/biz/model/webhook/webhook.go:1306.10,1307.36 1 0
github.com/yi-nology/git-sync-service/biz/model/webhook/webhook.go:1307.36,1308.46 1 0
github.com/yi-nology/git-sync-service/biz/model/webhook/webhook.go:1308.46,1309.25 1 0
github.com/yi-nology/git-sync-service/biz/model/webhook/webhook.go:1311.10,1311.56 1 0
github.com/yi-nology/git-sync-service/biz/model/webhook/webhook.go:1311.56,1312.24 1 0
github.com/yi-nology/git-sync-service/biz/model/webhook/webhook.go:1314.10,1315.36 1 0
github.com/yi-nology/git-sync-service/biz/model/webhook/webhook.go:1315.36,1316.46 1 0
github.com/yi-nology/git-sync-service/biz/model/webhook/webhook.go:1316.46,1317.25 1 0
github.com/yi-nology/git-sync-service/biz/model/webhook/webhook.go:1319.10,1319.56 1 0
github.com/yi-nology/git-sync-service/biz/model/webhook/webhook.go:1319.56,1320.24 1 0
github.com/yi-nology/git-sync-service/biz/model/webhook/webhook.go:1322.10,1323.36 1 0
github.com/yi-nology/git-sync-service/biz/model/webhook/webhook.go:1323.36,1324.46 1 0
github.com/yi-nology/git-sync-service/biz/model/webhook/webhook.go:1324.46,1325.25 1 0
github.com/yi-nology/git-sync-service/biz/model/webhook/webhook.go:1327.10,1327.56 1 0
github.com/yi-nology/git-sync-service/biz/model/webhook/webhook.go:1327.56,1328.24 1 0
github.com/yi-nology/git-sync-service/biz/model/webhook/webhook.go:1330.10,1331.33 1 0
github.com/yi-nology/git-sync-service/biz/model/webhook/webhook.go:1331.33,1332.46 1 0
github.com/yi-nology/git-sync-service/biz/model/webhook/webhook.go:1332.46,1333.25 1 0
github.com/yi-nology/git-sync-service/biz/model/webhook/webhook.go:1335.10,1335.56 1 0
github.com/yi-nology/git-sync-service/biz/model/webhook/webhook.go:1335.56,1336.24 1 0
github.com/yi-nology/git-sync-service/biz/model/webhook/webhook.go:1338.10,1339.34 1 0
github.com/yi-nology/git-sync-service/biz/model/webhook/webhook.go:1339.34,1340.46 1 0
github.com/yi-nology/git-sync-service/biz/model/webhook/webhook.go:1340.46,1341.25 1 0
github.com/yi-nology/git-sync-service/biz/model/webhook/webhook.go:1343.10,1343.56 1 0
github.com/yi-nology/git-sync-service/biz/model/webhook/webhook.go:1343.56,1344.24 1 0
github.com/yi-nology/git-sync-service/biz/model/webhook/webhook.go:1346.10,1347.36 1 0
github.com/yi-nology/git-sync-service/biz/model/webhook/webhook.go:1347.36,1348.46 1 0
github.com/yi-nology/git-sync-service/biz/model/webhook/webhook.go:1348.46,1349.25 1 0
github.com/yi-nology/git-sync-service/biz/model/webhook/webhook.go:1351.10,1351.56 1 0
github.com/yi-nology/git-sync-service/biz/model/webhook/webhook.go:1351.56,1352.24 1 0
github.com/yi-nology/git-sync-service/biz/model/webhook/webhook.go:1354.11,1355.49 1 0
github.com/yi-nology/git-sync-service/biz/model/webhook/webhook.go:1355.49,1356.24 1 0
github.com/yi-nology/git-sync-service/biz/model/webhook/webhook.go:1359.3,1359.45 1 0
github.com/yi-nology/git-sync-service/biz/model/webhook/webhook.go:1359.45,1360.26 1 0
github.com/yi-nology/git-sync-service/biz/model/webhook/webhook.go:1363.2,1363.45 1 0
github.com/yi-nology/git-sync-service/biz/model/webhook/webhook.go:1363.45,1364.26 1 0
github.com/yi-nology/git-sync-service/biz/model/webhook/webhook.go:1367.2,1368.1 2 0
github.com/yi-nology/git-sync-service/biz/model/webhook/webhook.go:1369.2,1370.1 2 0
github.com/yi-nology/git-sync-service/biz/model/webhook/webhook.go:1371.2,1372.1 2 0
github.com/yi-nology/git-sync-service/biz/model/webhook/webhook.go:1373.2,1374.1 2 0
github.com/yi-nology/git-sync-service/biz/model/webhook/webhook.go:1375.2,1377.1 2 0
github.com/yi-nology/git-sync-service/biz/model/webhook/webhook.go:1378.2,1379.1 2 0
github.com/yi-nology/git-sync-service/biz/model/webhook/webhook.go:1380.2,1380.79 1 0
github.com/yi-nology/git-sync-service/biz/model/webhook/webhook.go:1383.66,1386.46 2 0
github.com/yi-nology/git-sync-service/biz/model/webhook/webhook.go:1386.46,1388.3 1 0
github.com/yi-nology/git-sync-service/biz/model/webhook/webhook.go:1388.8,1390.3 1 0
github.com/yi-nology/git-sync-service/biz/model/webhook/webhook.go:1391.2,1392.12 2 0
github.com/yi-nology/git-sync-service/biz/model/webhook/webhook.go:1394.66,1397.46 2 0
github.com/yi-nology/git-sync-service/biz/model/webhook/webhook.go:1397.46,1399.3 1 0
github.com/yi-nology/git-sync-service/biz/model/webhook/webhook.go:1399.8,1401.3 1 0
github.com/yi-nology/git-sync-service/biz/model/webhook/webhook.go:1402.2,1403.12 2 0
github.com/yi-nology/git-sync-service/biz/model/webhook/webhook.go:1405.66,1408.46 2 0
github.com/yi-nology/git-sync-service/biz/model/webhook/webhook.go:1408.46,1410.3 1 0
github.com/yi-nology/git-sync-service/biz/model/webhook/webhook.go:1410.8,1412.3 1 0
github.com/yi-nology/git-sync-service/biz/model/webhook/webhook.go:1413.2,1414.12 2 0
github.com/yi-nology/git-sync-service/biz/model/webhook/webhook.go:1416.66,1419.46 2 0
github.com/yi-nology/git-sync-service/biz/model/webhook/webhook.go:1419.46,1421.3 1 0
github.com/yi-nology/git-sync-service/biz/model/webhook/webhook.go:1421.8,1423.3 1 0
github.com/yi-nology/git-sync-service/biz/model/webhook/webhook.go:1424.2,1425.12 2 0
github.com/yi-nology/git-sync-service/biz/model/webhook/webhook.go:1427.66,1430.46 2 0
github.com/yi-nology/git-sync-service/biz/model/webhook/webhook.go:1430.46,1432.3 1 0
github.com/yi-nology/git-sync-service/biz/model/webhook/webhook.go:1432.8,1434.3 1 0
github.com/yi-nology/git-sync-service/biz/model/webhook/webhook.go:1435.2,1436.12 2 0
github.com/yi-nology/git-sync-service/biz/model/webhook/webhook.go:1438.66,1441.46 2 0
github.com/yi-nology/git-sync-service/biz/model/webhook/webhook.go:1441.46,1443.3 1 0
github.com/yi-nology/git-sync-service/biz/model/webhook/webhook.go:1443.8,1445.3 1 0
github.com/yi-nology/git-sync-service/biz/model/webhook/webhook.go:1446.2,1447.12 2 0
github.com/yi-nology/git-sync-service/biz/model/webhook/webhook.go:1449.66,1452.43 2 0
github.com/yi-nology/git-sync-service/biz/model/webhook/webhook.go:1452.43,1454.3 1 0
github.com/yi-nology/git-sync-service/biz/model/webhook/webhook.go:1454.8,1456.3 1 0
github.com/yi-nology/git-sync-service/biz/model/webhook/webhook.go:1457.2,1458.12 2 0
github.com/yi-nology/git-sync-service/biz/model/webhook/webhook.go:1460.66,1463.44 2 0
github.com/yi-nology/git-sync-service/biz/model/webhook/webhook.go:1463.44,1465.3 1 0
github.com/yi-nology/git-sync-service/biz/model/webhook/webhook.go:1465.8,1467.3 1 0
github.com/yi-nology/git-sync-service/biz/model/webhook/webhook.go:1468.2,1469.12 2 0
github.com/yi-nology/git-sync-service/biz/model/webhook/webhook.go:1471.66,1474.46 2 0
github.com/yi-nology/git-sync-service/biz/model/webhook/webhook.go:1474.46,1476.3 1 0
github.com/yi-nology/git-sync-service/biz/model/webhook/webhook.go:1476.8,1478.3 1 0
github.com/yi-nology/git-sync-service/biz/model/webhook/webhook.go:1479.2,1480.12 2 0
github.com/yi-nology/git-sync-service/biz/model/webhook/webhook.go:1483.67,1485.63 2 0
github.com/yi-nology/git-sync-service/biz/model/webhook/webhook.go:1485.63,1486.29 1 0
github.com/yi-nology/git-sync-service/biz/model/webhook/webhook.go:1488.2,1488.14 1 0
github.com/yi-nology/git-sync-service/biz/model/webhook/webhook.go:1488.14,1489.45 1 0
github.com/yi-nology/git-sync-service/biz/model/webhook/webhook.go:1489.45,1491.24 2 0
github.com/yi-nology/git-sync-service/biz/model/webhook/webhook.go:1493.3,1493.45 1 0
github.com/yi-nology/git-sync-service/biz/model/webhook/webhook.go:1493.45,1495.24 2 0
github.com/yi-nology/git-sync-service/biz/model/webhook/webhook.go:1497.3,1497.45 1 0
github.com/yi-nology/git-sync-service/biz/model/webhook/webhook.go:1497.45,1499.24 2 0
github.com/yi-nology/git-sync-service/biz/model/webhook/webhook.go:1501.3,1501.45 1 0
github.com/yi-nology/git-sync-service/biz/model/webhook/webhook.go:1501.45,1503.24 2 0
github.com/yi-nology/git-sync-service/biz/model/webhook/webhook.go:1505.3,1505.45 1 0
github.com/yi-nology/git-sync-service/biz/model/webhook/webhook.go:1505.45,1507.24 2 0
github.com/yi-nology/git-sync-service/biz/model/webhook/webhook.go:1509.3,1509.45 1 0
github.com/yi-nology/git-sync-service/biz/model/webhook/webhook.go:1509.45,1511.24 2 0
github.com/yi-nology/git-sync-service/biz/model/webhook/webhook.go:1513.3,1513.45 1 0
github.com/yi-nology/git-sync-service/biz/model/webhook/webhook.go:1513.45,1515.24 2 0
github.com/yi-nology/git-sync-service/biz/model/webhook/webhook.go:1517.3,1517.45 1 0
github.com/yi-nology/git-sync-service/biz/model/webhook/webhook.go:1517.45,1519.24 2 0
github.com/yi-nology/git-sync-service/biz/model/webhook/webhook.go:1521.3,1521.45 1 0
github.com/yi-nology/git-sync-service/biz/model/webhook/webhook.go:1521.45,1523.24 2 0
github.com/yi-nology/git-sync-service/biz/model/webhook/webhook.go:1526.2,1526.46 1 0
github.com/yi-nology/git-sync-service/biz/model/webhook/webhook.go:1526.46,1527.27 1 0
github.com/yi-nology/git-sync-service/biz/model/webhook/webhook.go:1529.2,1529.46 1 0
github.com/yi-nology/git-sync-service/biz/model/webhook/webhook.go:1529.46,1530.27 1 0
github.com/yi-nology/git-sync-service/biz/model/webhook/webhook.go:1532.2,1533.1 2 0
github.com/yi-nology/git-sync-service/biz/model/webhook/webhook.go:1534.2,1535.1 2 0
github.com/yi-nology/git-sync-service/biz/model/webhook/webhook.go:1536.2,1537.1 2 0
github.com/yi-nology/git-sync-service/biz/model/webhook/webhook.go:1538.2,1539.1 2 0
github.com/yi-nology/git-sync-service/biz/model/webhook/webhook.go:1540.2,1540.80 1 0
github.com/yi-nology/git-sync-service/biz/model/webhook/webhook.go:1543.73,1544.71 1 0
github.com/yi-nology/git-sync-service/biz/model/webhook/webhook.go:1544.71,1545.28 1 0
github.com/yi-nology/git-sync-service/biz/model/webhook/webhook.go:1547.2,1547.50 1 0
github.com/yi-nology/git-sync-service/biz/model/webhook/webhook.go:1547.50,1549.3 1 0
github.com/yi-nology/git-sync-service/biz/model/webhook/webhook.go:1550.2,1550.45 1 0
github.com/yi-nology/git-sync-service/biz/model/webhook/webhook.go:1550.45,1551.26 1 0
github.com/yi-nology/git-sync-service/biz/model/webhook/webhook.go:1553.2,1554.1 2 0
github.com/yi-nology/git-sync-service/biz/model/webhook/webhook.go:1555.2,1556.1 2 0
github.com/yi-nology/git-sync-service/biz/model/webhook/webhook.go:1557.2,1557.81 1 0
github.com/yi-nology/git-sync-service/biz/model/webhook/webhook.go:1560.73,1561.75 1 0
github.com/yi-nology/git-sync-service/biz/model/webhook/webhook.go:1561.75,1562.28 1 0
github.com/yi-nology/git-sync-service/biz/model/webhook/webhook.go:1564.2,1564.53 1 0
github.com/yi-nology/git-sync-service/biz/model/webhook/webhook.go:1564.53,1566.3 1 0
github.com/yi-nology/git-sync-service/biz/model/webhook/webhook.go:1567.2,1567.45 1 0
github.com/yi-nology/git-sync-service/biz/model/webhook/webhook.go:1567.45,1568.26 1 0
github.com/yi-nology/git-sync-service/biz/model/webhook/webhook.go:1570.2,1571.1 2 0
github.com/yi-nology/git-sync-service/biz/model/webhook/webhook.go:1572.2,1573.1 2 0
github.com/yi-nology/git-sync-service/biz/model/webhook/webhook.go:1574.2,1574.81 1 0
github.com/yi-nology/git-sync-service/biz/model/webhook/webhook.go:1577.73,1578.77 1 0
github.com/yi-nology/git-sync-service/biz/model/webhook/webhook.go:1578.77,1579.28 1 0
github.com/yi-nology/git-sync-service/biz/model/webhook/webhook.go:1581.2,1581.55 1 0
github.com/yi-nology/git-sync-service/biz/model/webhook/webhook.go:1581.55,1583.3 1 0
github.com/yi-nology/git-sync-service/biz/model/webhook/webhook.go:1584.2,1584.45 1 0
github.com/yi-nology/git-sync-service/biz/model/webhook/webhook.go:1584.45,1585.26 1 0
github.com/yi-nology/git-sync-service/biz/model/webhook/webhook.go:1587.2,1588.1 2 0
github.com/yi-nology/git-sync-service/biz/model/webhook/webhook.go:1589.2,1590.1 2 0
github.com/yi-nology/git-sync-service/biz/model/webhook/webhook.go:1591.2,1591.81 1 0
github.com/yi-nology/git-sync-service/biz/model/webhook/webhook.go:1594.73,1595.81 1 0
github.com/yi-nology/git-sync-service/biz/model/webhook/webhook.go:1595.81,1596.28 1 0
github.com/yi-nology/git-sync-service/biz/model/webhook/webhook.go:1598.2,1598.59 1 0
github.com/yi-nology/git-sync-service/biz/model/webhook/webhook.go:1598.59,1600.3 1 0
github.com/yi-nology/git-sync-service/biz/model/webhook/webhook.go:1601.2,1601.45 1 0
github.com/yi-nology/git-sync-service/biz/model/webhook/webhook.go:1601.45,1602.26 1 0
github.com/yi-nology/git-sync-service/biz/model/webhook/webhook.go:1604.2,1605.1 2 0
github.com/yi-nology/git-sync-service/biz/model/webhook/webhook.go:1606.2,1607.1 2 0
github.com/yi-nology/git-sync-service/biz/model/webhook/webhook.go:1608.2,1608.81 1 0
github.com/yi-nology/git-sync-service/biz/model/webhook/webhook.go:1611.73,1612.73 1 0
github.com/yi-nology/git-sync-service/biz/model/webhook/webhook.go:1612.73,1613.28 1 0
github.com/yi-nology/git-sync-service/biz/model/webhook/webhook.go:1615.2,1615.52 1 0
github.com/yi-nology/git-sync-service/biz/model/webhook/webhook.go:1615.52,1617.3 1 0
github.com/yi-nology/git-sync-service/biz/model/webhook/webhook.go:1618.2,1618.45 1 0
github.com/yi-nology/git-sync-service/biz/model/webhook/webhook.go:1618.45,1619.26 1 0
github.com/yi-nology/git-sync-service/biz/model/webhook/webhook.go:1621.2,1622.1 2 0
github.com/yi-nology/git-sync-service/biz/model/webhook/webhook.go:1623.2,1624.1 2 0
github.com/yi-nology/git-sync-service/biz/model/webhook/webhook.go:1625.2,1625.81 1 0
github.com/yi-nology/git-sync-service/biz/model/webhook/webhook.go:1628.73,1629.81 1 0
github.com/yi-nology/git-sync-service/biz/model/webhook/webhook.go:1629.81,1630.28 1 0
github.com/yi-nology/git-sync-service/biz/model/webhook/webhook.go:1632.2,1632.58 1 0
github.com/yi-nology/git-sync-service/biz/model/webhook/webhook.go:1632.58,1634.3 1 0
github.com/yi-nology/git-sync-service/biz/model/webhook/webhook.go:1635.2,1635.45 1 0
github.com/yi-nology/git-sync-service/biz/model/webhook/webhook.go:1635.45,1636.26 1 0
github.com/yi-nology/git-sync-service/biz/model/webhook/webhook.go:1638.2,1639.1 2 0
github.com/yi-nology/git-sync-service/biz/model/webhook/webhook.go:1640.2,1641.1 2 0
github.com/yi-nology/git-sync-service/biz/model/webhook/webhook.go:1642.2,1642.81 1 0
github.com/yi-nology/git-sync-service/biz/model/webhook/webhook.go:1645.73,1646.76 1 0
github.com/yi-nology/git-sync-service/biz/model/webhook/webhook.go:1646.76,1647.28 1 0
github.com/yi-nology/git-sync-service/biz/model/webhook/webhook.go:1649.2,1649.54 1 0
github.com/yi-nology/git-sync-service/biz/model/webhook/webhook.go:1649.54,1651.3 1 0
github.com/yi-nology/git-sync-service/biz/model/webhook/webhook.go:1652.2,1652.45 1 0
github.com/yi-nology/git-sync-service/biz/model/webhook/webhook.go:1652.45,1653.26 1 0
github.com/yi-nology/git-sync-service/biz/model/webhook/webhook.go:1655.2,1656.1 2 0
github.com/yi-nology/git-sync-service/biz/model/webhook/webhook.go:1657.2,1658.1 2 0
github.com/yi-nology/git-sync-service/biz/model/webhook/webhook.go:1659.2,1659.81 1 0
github.com/yi-nology/git-sync-service/biz/model/webhook/webhook.go:1662.73,1663.72 1 0
github.com/yi-nology/git-sync-service/biz/model/webhook/webhook.go:1663.72,1664.28 1 0
github.com/yi-nology/git-sync-service/biz/model/webhook/webhook.go:1666.2,1666.51 1 0
github.com/yi-nology/git-sync-service/biz/model/webhook/webhook.go:1666.51,1668.3 1 0
github.com/yi-nology/git-sync-service/biz/model/webhook/webhook.go:1669.2,1669.45 1 0
github.com/yi-nology/git-sync-service/biz/model/webhook/webhook.go:1669.45,1670.26 1 0
github.com/yi-nology/git-sync-service/biz/model/webhook/webhook.go:1672.2,1673.1 2 0
github.com/yi-nology/git-sync-service/biz/model/webhook/webhook.go:1674.2,1675.1 2 0
github.com/yi-nology/git-sync-service/biz/model/webhook/webhook.go:1676.2,1676.81 1 0
github.com/yi-nology/git-sync-service/biz/model/webhook/webhook.go:1679.73,1680.78 1 0
github.com/yi-nology/git-sync-service/biz/model/webhook/webhook.go:1680.78,1681.28 1 0
github.com/yi-nology/git-sync-service/biz/model/webhook/webhook.go:1683.2,1683.57 1 0
github.com/yi-nology/git-sync-service/biz/model/webhook/webhook.go:1683.57,1685.3 1 0
github.com/yi-nology/git-sync-service/biz/model/webhook/webhook.go:1686.2,1686.45 1 0
github.com/yi-nology/git-sync-service/biz/model/webhook/webhook.go:1686.45,1687.26 1 0
github.com/yi-nology/git-sync-service/biz/model/webhook/webhook.go:1689.2,1690.1 2 0
github.com/yi-nology/git-sync-service/biz/model/webhook/webhook.go:1691.2,1692.1 2 0
github.com/yi-nology/git-sync-service/biz/model/webhook/webhook.go:1693.2,1693.81 1 0
github.com/yi-nology/git-sync-service/biz/model/webhook/webhook.go:1696.41,1697.14 1 0
github.com/yi-nology/git-sync-service/biz/model/webhook/webhook.go:1697.14,1699.3 1 0
github.com/yi-nology/git-sync-service/biz/model/webhook/webhook.go:1700.2,1700.46 1 0
github.com/yi-nology/git-sync-service/biz/model/webhook/webhook.go:1708.42,1710.2 1 0
github.com/yi-nology/git-sync-service/biz/model/webhook/webhook.go:1712.41,1713.2 0 0
github.com/yi-nology/git-sync-service/biz/model/webhook/webhook.go:1717.57,1718.20 1 0
github.com/yi-nology/git-sync-service/biz/model/webhook/webhook.go:1718.20,1720.3 1 0
github.com/yi-nology/git-sync-service/biz/model/webhook/webhook.go:1721.2,1721.15 1 0
github.com/yi-nology/git-sync-service/biz/model/webhook/webhook.go:1728.43,1730.2 1 0
github.com/yi-nology/git-sync-service/biz/model/webhook/webhook.go:1732.67,1737.50 3 0
github.com/yi-nology/git-sync-service/biz/model/webhook/webhook.go:1737.50,1738.28 1 0
github.com/yi-nology/git-sync-service/biz/model/webhook/webhook.go:1741.2,1741.6 1 0
github.com/yi-nology/git-sync-service/biz/model/webhook/webhook.go:1741.6,1743.17 2 0
github.com/yi-nology/git-sync-service/biz/model/webhook/webhook.go:1743.17,1744.28 1 0
github.com/yi-nology/git-sync-service/biz/model/webhook/webhook.go:1746.3,1746.33 1 0
github.com/yi-nology/git-sync-service/biz/model/webhook/webhook.go:1746.33,1747.9 1 0
github.com/yi-nology/git-sync-service/biz/model/webhook/webhook.go:1750.3,1750.18 1 0
github.com/yi-nology/git-sync-service/biz/model/webhook/webhook.go:1751.10,1752.36 1 0
github.com/yi-nology/git-sync-service/biz/model/webhook/webhook.go:1752.36,1753.46 1 0
github.com/yi-nology/git-sync-service/biz/model/webhook/webhook.go:1753.46,1754.25 1 0
github.com/yi-nology/git-sync-service/biz/model/webhook/webhook.go:1756.10,1756.56 1 0
github.com/yi-nology/git-sync-service/biz/model/webhook/webhook.go:1756.56,1757.24 1 0
github.com/yi-nology/git-sync-service/biz/model/webhook/webhook.go:1759.11,1760.49 1 0
github.com/yi-nology/git-sync-service/biz/model/webhook/webhook.go:1760.49,1761.24 1 0
github.com/yi-nology/git-sync-service/biz/model/webhook/webhook.go:1764.3,1764.45 1 0
github.com/yi-nology/git-sync-service/biz/model/webhook/webhook.go:1764.45,1765.26 1 0
github.com/yi-nology/git-sync-service/biz/model/webhook/webhook.go:1768.2,1768.45 1 0
github.com/yi-nology/git-sync-service/biz/model/webhook/webhook.go:1768.45,1769.26 1 0
github.com/yi-nology/git-sync-service/biz/model/webhook/webhook.go:1772.2,1773.1 2 0
github.com/yi-nology/git-sync-service/biz/model/webhook/webhook.go:1774.2,1775.1 2 0
github.com/yi-nology/git-sync-service/biz/model/webhook/webhook.go:1776.2,1777.1 2 0
github.com/yi-nology/git-sync-service/biz/model/webhook/webhook.go:1778.2,1779.1 2 0
github.com/yi-nology/git-sync-service/biz/model/webhook/webhook.go:1780.2,1782.1 2 0
github.com/yi-nology/git-sync-service/biz/model/webhook/webhook.go:1783.2,1784.1 2 0
github.com/yi-nology/git-sync-service/biz/model/webhook/webhook.go:1785.2,1785.79 1 0
github.com/yi-nology/git-sync-service/biz/model/webhook/webhook.go:1788.67,1790.43 2 0
github.com/yi-nology/git-sync-service/biz/model/webhook/webhook.go:1790.43,1792.3 1 0
github.com/yi-nology/git-sync-service/biz/model/webhook/webhook.go:1793.2,1794.12 2 0
github.com/yi-nology/git-sync-service/biz/model/webhook/webhook.go:1797.68,1799.64 2 0
github.com/yi-nology/git-sync-service/biz/model/webhook/webhook.go:1799.64,1800.29 1 0
github.com/yi-nology/git-sync-service/biz/model/webhook/webhook.go:1802.2,1802.14 1 0
github.com/yi-nology/git-sync-service/biz/model/webhook/webhook.go:1802.14,1803.45 1 0
github.com/yi-nology/git-sync-service/biz/model/webhook/webhook.go:1803.45,1805.24 2 0
github.com/yi-nology/git-sync-service/biz/model/webhook/webhook.go:1808.2,1808.46 1 0
github.com/yi-nology/git-sync-service/biz/model/webhook/webhook.go:1808.46,1809.27 1 0
github.com/yi-nology/git-sync-service/biz/model/webhook/webhook.go:1811.2,1811.46 1 0
github.com/yi-nology/git-sync-service/biz/model/webhook/webhook.go:1811.46,1812.27 1 0
github.com/yi-nology/git-sync-service/biz/model/webhook/webhook.go:1814.2,1815.1 2 0
github.com/yi-nology/git-sync-service/biz/model/webhook/webhook.go:1816.2,1817.1 2 0
github.com/yi-nology/git-sync-service/biz/model/webhook/webhook.go:1818.2,1819.1 2 0
github.com/yi-nology/git-sync-service/biz/model/webhook/webhook.go:1820.2,1821.1 2 0
github.com/yi-nology/git-sync-service/biz/model/webhook/webhook.go:1822.2,1822.80 1 0
github.com/yi-nology/git-sync-service/biz/model/webhook/webhook.go:1825.74,1826.71 1 0
github.com/yi-nology/git-sync-service/biz/model/webhook/webhook.go:1826.71,1827.28 1 0
github.com/yi-nology/git-sync-service/biz/model/webhook/webhook.go:1829.2,1829.44 1 0
github.com/yi-nology/git-sync-service/biz/model/webhook/webhook.go:1829.44,1831.3 1 0
github.com/yi-nology/git-sync-service/biz/model/webhook/webhook.go:1832.2,1832.45 1 0
github.com/yi-nology/git-sync-service/biz/model/webhook/webhook.go:1832.45,1833.26 1 0
github.com/yi-nology/git-sync-service/biz/model/webhook/webhook.go:1835.2,1836.1 2 0
github.com/yi-nology/git-sync-service/biz/model/webhook/webhook.go:1837.2,1838.1 2 0
github.com/yi-nology/git-sync-service/biz/model/webhook/webhook.go:1839.2,1839.81 1 0
github.com/yi-nology/git-sync-service/biz/model/webhook/webhook.go:1842.42,1843.14 1 0
github.com/yi-nology/git-sync-service/biz/model/webhook/webhook.go:1843.14,1845.3 1 0
github.com/yi-nology/git-sync-service/biz/model/webhook/webhook.go:1846.2,1846.47 1 0
github.com/yi-nology/git-sync-service/biz/model/webhook/webhook.go:1862.40,1864.2 1 0
github.com/yi-nology/git-sync-service/biz/model/webhook/webhook.go:1866.40,1867.2 0 0
github.com/yi-nology/git-sync-service/biz/model/webhook/webhook.go:1869.43,1871.2 1 0
github.com/yi-nology/git-sync-service/biz/model/webhook/webhook.go:1873.46,1875.2 1 0
github.com/yi-nology/git-sync-service/biz/model/webhook/webhook.go:1877.51,1879.2 1 0
github.com/yi-nology/git-sync-service/biz/model/webhook/webhook.go:1881.55,1883.2 1 0
github.com/yi-nology/git-sync-service/biz/model/webhook/webhook.go:1885.48,1887.2 1 0
github.com/yi-nology/git-sync-service/biz/model/webhook/webhook.go:1889.54,1891.2 1 0
github.com/yi-nology/git-sync-service/biz/model/webhook/webhook.go:1893.52,1895.2 1 0
github.com/yi-nology/git-sync-service/biz/model/webhook/webhook.go:1897.47,1899.2 1 0
github.com/yi-nology/git-sync-service/biz/model/webhook/webhook.go:1901.53,1903.2 1 0
github.com/yi-nology/git-sync-service/biz/model/webhook/webhook.go:1917.66,1922.50 3 0
github.com/yi-nology/git-sync-service/biz/model/webhook/webhook.go:1922.50,1923.28 1 0
github.com/yi-nology/git-sync-service/biz/model/webhook/webhook.go:1926.2,1926.6 1 0
github.com/yi-nology/git-sync-service/biz/model/webhook/webhook.go:1926.6,1928.17 2 0
github.com/yi-nology/git-sync-service/biz/model/webhook/webhook.go:1928.17,1929.28 1 0
github.com/yi-nology/git-sync-service/biz/model/webhook/webhook.go:1931.3,1931.33 1 0
github.com/yi-nology/git-sync-service/biz/model/webhook/webhook.go:1931.33,1932.9 1 0
github.com/yi-nology/git-sync-service/biz/model/webhook/webhook.go:1935.3,1935.18 1 0
github.com/yi-nology/git-sync-service/biz/model/webhook/webhook.go:1936.10,1937.33 1 0
github.com/yi-nology/git-sync-service/biz/model/webhook/webhook.go:1937.33,1938.46 1 0
github.com/yi-nology/git-sync-service/biz/model/webhook/webhook.go:1938.46,1939.25 1 0
github.com/yi-nology/git-sync-service/biz/model/webhook/webhook.go:1941.10,1941.56 1 0
github.com/yi-nology/git-sync-service/biz/model/webhook/webhook.go:1941.56,1942.24 1 0
github.com/yi-nology/git-sync-service/biz/model/webhook/webhook.go:1944.10,1945.36 1 0
github.com/yi-nology/git-sync-service/biz/model/webhook/webhook.go:1945.36,1946.46 1 0
github.com/yi-nology/git-sync-service/biz/model/webhook/webhook.go:1946.46,1947.25 1 0
github.com/yi-nology/git-sync-service/biz/model/webhook/webhook.go:1949.10,1949.56 1 0
github.com/yi-nology/git-sync-service/biz/model/webhook/webhook.go:1949.56,1950.24 1 0
github.com/yi-nology/git-sync-service/biz/model/webhook/webhook.go:1952.10,1953.36 1 0
github.com/yi-nology/git-sync-service/biz/model/webhook/webhook.go:1953.36,1954.46 1 0
github.com/yi-nology/git-sync-service/biz/model/webhook/webhook.go:1954.46,1955.25 1 0
github.com/yi-nology/git-sync-service/biz/model/webhook/webhook.go:1957.10,1957.56 1 0
github.com/yi-nology/git-sync-service/biz/model/webhook/webhook.go:1957.56,1958.24 1 0
github.com/yi-nology/git-sync-service/biz/model/webhook/webhook.go:1960.10,1961.36 1 0
github.com/yi-nology/git-sync-service/biz/model/webhook/webhook.go:1961.36,1962.46 1 0
github.com/yi-nology/git-sync-service/biz/model/webhook/webhook.go:1962.46,1963.25 1 0
github.com/yi-nology/git-sync-service/biz/model/webhook/webhook.go:1965.10,1965.56 1 0
github.com/yi-nology/git-sync-service/biz/model/webhook/webhook.go:1965.56,1966.24 1 0
github.com/yi-nology/git-sync-service/biz/model/webhook/webhook.go:1968.10,1969.36 1 0
github.com/yi-nology/git-sync-service/biz/model/webhook/webhook.go:1969.36,1970.46 1 0
github.com/yi-nology/git-sync-service/biz/model/webhook/webhook.go:1970.46,1971.25 1 0
github.com/yi-nology/git-sync-service/biz/model/webhook/webhook.go:1973.10,1973.56 1 0
github.com/yi-nology/git-sync-service/biz/model/webhook/webhook.go:1973.56,1974.24 1 0
github.com/yi-nology/git-sync-service/biz/model/webhook/webhook.go:1976.10,1977.36 1 0
github.com/yi-nology/git-sync-service/biz/model/webhook/webhook.go:1977.36,1978.46 1 0
github.com/yi-nology/git-sync-service/biz/model/webhook/webhook.go:1978.46,1979.25 1 0
github.com/yi-nology/git-sync-service/biz/model/webhook/webhook.go:1981.10,1981.56 1 0
github.com/yi-nology/git-sync-service/biz/model/webhook/webhook.go:1981.56,1982.24 1 0
github.com/yi-nology/git-sync-service/biz/model/webhook/webhook.go:1984.10,1985.33 1 0
github.com/yi-nology/git-sync-service/biz/model/webhook/webhook.go:1985.33,1986.46 1 0
github.com/yi-nology/git-sync-service/biz/model/webhook/webhook.go:1986.46,1987.25 1 0
github.com/yi-nology/git-sync-service/biz/model/webhook/webhook.go:1989.10,1989.56 1 0
github.com/yi-nology/git-sync-service/biz/model/webhook/webhook.go:1989.56,1990.24 1 0
github.com/yi-nology/git-sync-service/biz/model/webhook/webhook.go:1992.10,1993.34 1 0
github.com/yi-nology/git-sync-service/biz/model/webhook/webhook.go:1993.34,1994.46 1 0
github.com/yi-nology/git-sync-service/biz/model/webhook/webhook.go:1994.46,1995.25 1 0
github.com/yi-nology/git-sync-service/biz/model/webhook/webhook.go:1997.10,1997.56 1 0
github.com/yi-nology/git-sync-service/biz/model/webhook/webhook.go:1997.56,1998.24 1 0
github.com/yi-nology/git-sync-service/biz/model/webhook/webhook.go:2000.10,2001.36 1 0
github.com/yi-nology/git-sync-service/biz/model/webhook/webhook.go:2001.36,2002.46 1 0
github.com/yi-nology/git-sync-service/biz/model/webhook/webhook.go:2002.46,2003.25 1 0
github.com/yi-nology/git-sync-service/biz/model/webhook/webhook.go:2005.10,2005.56 1 0
github.com/yi-nology/git-sync-service/biz/model/webhook/webhook.go:2005.56,2006.24 1 0
github.com/yi-nology/git-sync-service/biz/model/webhook/webhook.go:2008.11,2009.49 1 0
github.com/yi-nology/git-sync-service/biz/model/webhook/webhook.go:2009.49,2010.24 1 0
github.com/yi-nology/git-sync-service/biz/model/webhook/webhook.go:2013.3,2013.45 1 0
github.com/yi-nology/git-sync-service/biz/model/webhook/webhook.go:2013.45,2014.26 1 0
github.com/yi-nology/git-sync-service/biz/model/webhook/webhook.go:2017.2,2017.45 1 0
github.com/yi-nology/git-sync-service/biz/model/webhook/webhook.go:2017.45,2018.26 1 0
github.com/yi-nology/git-sync-service/biz/model/webhook/webhook.go:2021.2,2022.1 2 0
github.com/yi-nology/git-sync-service/biz/model/webhook/webhook.go:2023.2,2024.1 2 0
github.com/yi-nology/git-sync-service/biz/model/webhook/webhook.go:2025.2,2026.1 2 0
github.com/yi-nology/git-sync-service/biz/model/webhook/webhook.go:2027.2,2028.1 2 0
github.com/yi-nology/git-sync-service/biz/model/webhook/webhook.go:2029.2,2031.1 2 0
github.com/yi-nology/git-sync-service/biz/model/webhook/webhook.go:2032.2,2033.1 2 0
github.com/yi-nology/git-sync-service/biz/model/webhook/webhook.go:2034.2,2034.79 1 0
github.com/yi-nology/git-sync-service/biz/model/webhook/webhook.go:2037.66,2040.43 2 0
github.com/yi-nology/git-sync-service/biz/model/webhook/webhook.go:2040.43,2042.3 1 0
github.com/yi-nology/git-sync-service/biz/model/webhook/webhook.go:2042.8,2044.3 1 0
github.com/yi-nology/git-sync-service/biz/model/webhook/webhook.go:2045.2,2046.12 2 0
github.com/yi-nology/git-sync-service/biz/model/webhook/webhook.go:2048.66,2051.46 2 0
github.com/yi-nology/git-sync-service/biz/model/webhook/webhook.go:2051.46,2053.3 1 0
github.com/yi-nology/git-sync-service/biz/model/webhook/webhook.go:2053.8,2055.3 1 0
github.com/yi-nology/git-sync-service/biz/model/webhook/webhook.go:2056.2,2057.12 2 0
github.com/yi-nology/git-sync-service/biz/model/webhook/webhook.go:2059.66,2062.46 2 0
github.com/yi-nology/git-sync-service/biz/model/webhook/webhook.go:2062.46,2064.3 1 0
github.com/yi-nology/git-sync-service/biz/model/webhook/webhook.go:2064.8,2066.3 1 0
github.com/yi-nology/git-sync-service/biz/model/webhook/webhook.go:2067.2,2068.12 2 0
github.com/yi-nology/git-sync-service/biz/model/webhook/webhook.go:2070.66,2073.46 2 0
github.com/yi-nology/git-sync-service/biz/model/webhook/webhook.go:2073.46,2075.3 1 0
github.com/yi-nology/git-sync-service/biz/model/webhook/webhook.go:2075.8,2077.3 1 0
github.com/yi-nology/git-sync-service/biz/model/webhook/webhook.go:2078.2,2079.12 2 0
github.com/yi-nology/git-sync-service/biz/model/webhook/webhook.go:2081.66,2084.46 2 0
github.com/yi-nology/git-sync-service/biz/model/webhook/webhook.go:2084.46,2086.3 1 0
github.com/yi-nology/git-sync-service/biz/model/webhook/webhook.go:2086.8,2088.3 1 0
github.com/yi-nology/git-sync-service/biz/model/webhook/webhook.go:2089.2,2090.12 2 0
github.com/yi-nology/git-sync-service/biz/model/webhook/webhook.go:2092.66,2095.46 2 0
github.com/yi-nology/git-sync-service/biz/model/webhook/webhook.go:2095.46,2097.3 1 0
github.com/yi-nology/git-sync-service/biz/model/webhook/webhook.go:2097.8,2099.3 1 0
github.com/yi-nology/git-sync-service/biz/model/webhook/webhook.go:2100.2,2101.12 2 0
github.com/yi-nology/git-sync-service/biz/model/webhook/webhook.go:2103.66,2106.43 2 0
github.com/yi-nology/git-sync-service/biz/model/webhook/webhook.go:2106.43,2108.3 1 0
github.com/yi-nology/git-sync-service/biz/model/webhook/webhook.go:2108.8,2110.3 1 0
github.com/yi-nology/git-sync-service/biz/model/webhook/webhook.go:2111.2,2112.12 2 0
github.com/yi-nology/git-sync-service/biz/model/webhook/webhook.go:2114.66,2117.44 2 0
github.com/yi-nology/git-sync-service/biz/model/webhook/webhook.go:2117.44,2119.3 1 0
github.com/yi-nology/git-sync-service/biz/model/webhook/webhook.go:2119.8,2121.3 1 0
github.com/yi-nology/git-sync-service/biz/model/webhook/webhook.go:2122.2,2123.12 2 0
github.com/yi-nology/git-sync-service/biz/model/webhook/webhook.go:2125.66,2128.46 2 0
github.com/yi-nology/git-sync-service/biz/model/webhook/webhook.go:2128.46,2130.3 1 0
github.com/yi-nology/git-sync-service/biz/model/webhook/webhook.go:2130.8,2132.3 1 0
github.com/yi-nology/git-sync-service/biz/model/webhook/webhook.go:2133.2,2134.12 2 0
github.com/yi-nology/git-sync-service/biz/model/webhook/webhook.go:2137.67,2139.63 2 0
github.com/yi-nology/git-sync-service/biz/model/webhook/webhook.go:2139.63,2140.29 1 0
github.com/yi-nology/git-sync-service/biz/model/webhook/webhook.go:2142.2,2142.14 1 0
github.com/yi-nology/git-sync-service/biz/model/webhook/webhook.go:2142.14,2143.45 1 0
github.com/yi-nology/git-sync-service/biz/model/webhook/webhook.go:2143.45,2145.24 2 0
github.com/yi-nology/git-sync-service/biz/model/webhook/webhook.go:2147.3,2147.45 1 0
github.com/yi-nology/git-sync-service/biz/model/webhook/webhook.go:2147.45,2149.24 2 0
github.com/yi-nology/git-sync-service/biz/model/webhook/webhook.go:2151.3,2151.45 1 0
github.com/yi-nology/git-sync-service/biz/model/webhook/webhook.go:2151.45,2153.24 2 0
github.com/yi-nology/git-sync-service/biz/model/webhook/webhook.go:2155.3,2155.45 1 0
github.com/yi-nology/git-sync-service/biz/model/webhook/webhook.go:2155.45,2157.24 2 0
github.com/yi-nology/git-sync-service/biz/model/webhook/webhook.go:2159.3,2159.45 1 0
github.com/yi-nology/git-sync-service/biz/model/webhook/webhook.go:2159.45,2161.24 2 0
github.com/yi-nology/git-sync-service/biz/model/webhook/webhook.go:2163.3,2163.45 1 0
github.com/yi-nology/git-sync-service/biz/model/webhook/webhook.go:2163.45,2165.24 2 0
github.com/yi-nology/git-sync-service/biz/model/webhook/webhook.go:2167.3,2167.45 1 0
github.com/yi-nology/git-sync-service/biz/model/webhook/webhook.go:2167.45,2169.24 2 0
github.com/yi-nology/git-sync-service/biz/model/webhook/webhook.go:2171.3,2171.45 1 0
github.com/yi-nology/git-sync-service/biz/model/webhook/webhook.go:2171.45,2173.24 2 0
github.com/yi-nology/git-sync-service/biz/model/webhook/webhook.go:2175.3,2175.45 1 0
github.com/yi-nology/git-sync-service/biz/model/webhook/webhook.go:2175.45,2177.24 2 0
github.com/yi-nology/git-sync-service/biz/model/webhook/webhook.go:2180.2,2180.46 1 0
github.com/yi-nology/git-sync-service/biz/model/webhook/webhook.go:2180.46,2181.27 1 0
github.com/yi-nology/git-sync-service/biz/model/webhook/webhook.go:2183.2,2183.46 1 0
github.com/yi-nology/git-sync-service/biz/model/webhook/webhook.go:2183.46,2184.27 1 0
github.com/yi-nology/git-sync-service/biz/model/webhook/webhook.go:2186.2,2187.1 2 0
github.com/yi-nology/git-sync-service/biz/model/webhook/webhook.go:2188.2,2189.1 2 0
github.com/yi-nology/git-sync-service/biz/model/webhook/webhook.go:2190.2,2191.1 2 0
github.com/yi-nology/git-sync-service/biz/model/webhook/webhook.go:2192.2,2193.1 2 0
github.com/yi-nology/git-sync-service/biz/model/webhook/webhook.go:2194.2,2194.80 1 0
github.com/yi-nology/git-sync-service/biz/model/webhook/webhook.go:2197.73,2198.66 1 0
github.com/yi-nology/git-sync-service/biz/model/webhook/webhook.go:2198.66,2199.28 1 0
github.com/yi-nology/git-sync-service/biz/model/webhook/webhook.go:2201.2,2201.45 1 0
github.com/yi-nology/git-sync-service/biz/model/webhook/webhook.go:2201.45,2203.3 1 0
github.com/yi-nology/git-sync-service/biz/model/webhook/webhook.go:2204.2,2204.45 1 0
github.com/yi-nology/git-sync-service/biz/model/webhook/webhook.go:2204.45,2205.26 1 0
github.com/yi-nology/git-sync-service/biz/model/webhook/webhook.go:2207.2,2208.1 2 0
github.com/yi-nology/git-sync-service/biz/model/webhook/webhook.go:2209.2,2210.1 2 0
github.com/yi-nology/git-sync-service/biz/model/webhook/webhook.go:2211.2,2211.81 1 0
github.com/yi-nology/git-sync-service/biz/model/webhook/webhook.go:2214.73,2215.71 1 0
github.com/yi-nology/git-sync-service/biz/model/webhook/webhook.go:2215.71,2216.28 1 0
github.com/yi-nology/git-sync-service/biz/model/webhook/webhook.go:2218.2,2218.50 1 0
github.com/yi-nology/git-sync-service/biz/model/webhook/webhook.go:2218.50,2220.3 1 0
github.com/yi-nology/git-sync-service/biz/model/webhook/webhook.go:2221.2,2221.45 1 0
github.com/yi-nology/git-sync-service/biz/model/webhook/webhook.go:2221.45,2222.26 1 0
github.com/yi-nology/git-sync-service/biz/model/webhook/webhook.go:2224.2,2225.1 2 0
github.com/yi-nology/git-sync-service/biz/model/webhook/webhook.go:2226.2,2227.1 2 0
github.com/yi-nology/git-sync-service/biz/model/webhook/webhook.go:2228.2,2228.81 1 0
github.com/yi-nology/git-sync-service/biz/model/webhook/webhook.go:2231.73,2232.77 1 0
github.com/yi-nology/git-sync-service/biz/model/webhook/webhook.go:2232.77,2233.28 1 0
github.com/yi-nology/git-sync-service/biz/model/webhook/webhook.go:2235.2,2235.55 1 0
github.com/yi-nology/git-sync-service/biz/model/webhook/webhook.go:2235.55,2237.3 1 0
github.com/yi-nology/git-sync-service/biz/model/webhook/webhook.go:2238.2,2238.45 1 0
github.com/yi-nology/git-sync-service/biz/model/webhook/webhook.go:2238.45,2239.26 1 0
github.com/yi-nology/git-sync-service/biz/model/webhook/webhook.go:2241.2,2242.1 2 0
github.com/yi-nology/git-sync-service/biz/model/webhook/webhook.go:2243.2,2244.1 2 0
github.com/yi-nology/git-sync-service/biz/model/webhook/webhook.go:2245.2,2245.81 1 0
github.com/yi-nology/git-sync-service/biz/model/webhook/webhook.go:2248.73,2249.81 1 0
github.com/yi-nology/git-sync-service/biz/model/webhook/webhook.go:2249.81,2250.28 1 0
github.com/yi-nology/git-sync-service/biz/model/webhook/webhook.go:2252.2,2252.59 1 0
github.com/yi-nology/git-sync-service/biz/model/webhook/webhook.go:2252.59,2254.3 1 0
github.com/yi-nology/git-sync-service/biz/model/webhook/webhook.go:2255.2,2255.45 1 0
github.com/yi-nology/git-sync-service/biz/model/webhook/webhook.go:2255.45,2256.26 1 0
github.com/yi-nology/git-sync-service/biz/model/webhook/webhook.go:2258.2,2259.1 2 0
github.com/yi-nology/git-sync-service/biz/model/webhook/webhook.go:2260.2,2261.1 2 0
github.com/yi-nology/git-sync-service/biz/model/webhook/webhook.go:2262.2,2262.81 1 0
github.com/yi-nology/git-sync-service/biz/model/webhook/webhook.go:2265.73,2266.73 1 0
github.com/yi-nology/git-sync-service/biz/model/webhook/webhook.go:2266.73,2267.28 1 0
github.com/yi-nology/git-sync-service/biz/model/webhook/webhook.go:2269.2,2269.52 1 0
github.com/yi-nology/git-sync-service/biz/model/webhook/webhook.go:2269.52,2271.3 1 0
github.com/yi-nology/git-sync-service/biz/model/webhook/webhook.go:2272.2,2272.45 1 0
github.com/yi-nology/git-sync-service/biz/model/webhook/webhook.go:2272.45,2273.26 1 0
github.com/yi-nology/git-sync-service/biz/model/webhook/webhook.go:2275.2,2276.1 2 0
github.com/yi-nology/git-sync-service/biz/model/webhook/webhook.go:2277.2,2278.1 2 0
github.com/yi-nology/git-sync-service/biz/model/webhook/webhook.go:2279.2,2279.81 1 0
github.com/yi-nology/git-sync-service/biz/model/webhook/webhook.go:2282.73,2283.81 1 0
github.com/yi-nology/git-sync-service/biz/model/webhook/webhook.go:2283.81,2284.28 1 0
github.com/yi-nology/git-sync-service/biz/model/webhook/webhook.go:2286.2,2286.58 1 0
github.com/yi-nology/git-sync-service/biz/model/webhook/webhook.go:2286.58,2288.3 1 0
github.com/yi-nology/git-sync-service/biz/model/webhook/webhook.go:2289.2,2289.45 1 0
github.com/yi-nology/git-sync-service/biz/model/webhook/webhook.go:2289.45,2290.26 1 0
github.com/yi-nology/git-sync-service/biz/model/webhook/webhook.go:2292.2,2293.1 2 0
github.com/yi-nology/git-sync-service/biz/model/webhook/webhook.go:2294.2,2295.1 2 0
github.com/yi-nology/git-sync-service/biz/model/webhook/webhook.go:2296.2,2296.81 1 0
github.com/yi-nology/git-sync-service/biz/model/webhook/webhook.go:2299.73,2300.76 1 0
github.com/yi-nology/git-sync-service/biz/model/webhook/webhook.go:2300.76,2301.28 1 0
github.com/yi-nology/git-sync-service/biz/model/webhook/webhook.go:2303.2,2303.54 1 0
github.com/yi-nology/git-sync-service/biz/model/webhook/webhook.go:2303.54,2305.3 1 0
github.com/yi-nology/git-sync-service/biz/model/webhook/webhook.go:2306.2,2306.45 1 0
github.com/yi-nology/git-sync-service/biz/model/webhook/webhook.go:2306.45,2307.26 1 0
github.com/yi-nology/git-sync-service/biz/model/webhook/webhook.go:2309.2,2310.1 2 0
github.com/yi-nology/git-sync-service/biz/model/webhook/webhook.go:2311.2,2312.1 2 0
github.com/yi-nology/git-sync-service/biz/model/webhook/webhook.go:2313.2,2313.81 1 0
github.com/yi-nology/git-sync-service/biz/model/webhook/webhook.go:2316.73,2317.72 1 0
github.com/yi-nology/git-sync-service/biz/model/webhook/webhook.go:2317.72,2318.28 1 0
github.com/yi-nology/git-sync-service/biz/model/webhook/webhook.go:2320.2,2320.51 1 0
github.com/yi-nology/git-sync-service/biz/model/webhook/webhook.go:2320.51,2322.3 1 0
github.com/yi-nology/git-sync-service/biz/model/webhook/webhook.go:2323.2,2323.45 1 0
github.com/yi-nology/git-sync-service/biz/model/webhook/webhook.go:2323.45,2324.26 1 0
github.com/yi-nology/git-sync-service/biz/model/webhook/webhook.go:2326.2,2327.1 2 0
github.com/yi-nology/git-sync-service/biz/model/webhook/webhook.go:2328.2,2329.1 2 0
github.com/yi-nology/git-sync-service/biz/model/webhook/webhook.go:2330.2,2330.81 1 0
github.com/yi-nology/git-sync-service/biz/model/webhook/webhook.go:2333.73,2334.78 1 0
github.com/yi-nology/git-sync-service/biz/model/webhook/webhook.go:2334.78,2335.28 1 0
github.com/yi-nology/git-sync-service/biz/model/webhook/webhook.go:2337.2,2337.57 1 0
github.com/yi-nology/git-sync-service/biz/model/webhook/webhook.go:2337.57,2339.3 1 0
github.com/yi-nology/git-sync-service/biz/model/webhook/webhook.go:2340.2,2340.45 1 0
github.com/yi-nology/git-sync-service/biz/model/webhook/webhook.go:2340.45,2341.26 1 0
github.com/yi-nology/git-sync-service/biz/model/webhook/webhook.go:2343.2,2344.1 2 0
github.com/yi-nology/git-sync-service/biz/model/webhook/webhook.go:2345.2,2346.1 2 0
github.com/yi-nology/git-sync-service/biz/model/webhook/webhook.go:2347.2,2347.81 1 0
github.com/yi-nology/git-sync-service/biz/model/webhook/webhook.go:2350.41,2351.14 1 0
github.com/yi-nology/git-sync-service/biz/model/webhook/webhook.go:2351.14,2353.3 1 0
github.com/yi-nology/git-sync-service/biz/model/webhook/webhook.go:2354.2,2354.46 1 0
github.com/yi-nology/git-sync-service/biz/model/webhook/webhook.go:2362.42,2364.2 1 0
github.com/yi-nology/git-sync-service/biz/model/webhook/webhook.go:2366.41,2367.2 0 0
github.com/yi-nology/git-sync-service/biz/model/webhook/webhook.go:2371.57,2372.20 1 0
github.com/yi-nology/git-sync-service/biz/model/webhook/webhook.go:2372.20,2374.3 1 0
github.com/yi-nology/git-sync-service/biz/model/webhook/webhook.go:2375.2,2375.15 1 0
github.com/yi-nology/git-sync-service/biz/model/webhook/webhook.go:2382.43,2384.2 1 0
github.com/yi-nology/git-sync-service/biz/model/webhook/webhook.go:2386.67,2391.50 3 0
github.com/yi-nology/git-sync-service/biz/model/webhook/webhook.go:2391.50,2392.28 1 0
github.com/yi-nology/git-sync-service/biz/model/webhook/webhook.go:2395.2,2395.6 1 0
github.com/yi-nology/git-sync-service/biz/model/webhook/webhook.go:2395.6,2397.17 2 0
github.com/yi-nology/git-sync-service/biz/model/webhook/webhook.go:2397.17,2398.28 1 0
github.com/yi-nology/git-sync-service/biz/model/webhook/webhook.go:2400.3,2400.33 1 0
github.com/yi-nology/git-sync-service/biz/model/webhook/webhook.go:2400.33,2401.9 1 0
github.com/yi-nology/git-sync-service/biz/model/webhook/webhook.go:2404.3,2404.18 1 0
github.com/yi-nology/git-sync-service/biz/model/webhook/webhook.go:2405.10,2406.36 1 0
github.com/yi-nology/git-sync-service/biz/model/webhook/webhook.go:2406.36,2407.46 1 0
github.com/yi-nology/git-sync-service/biz/model/webhook/webhook.go:2407.46,2408.25 1 0
github.com/yi-nology/git-sync-service/biz/model/webhook/webhook.go:2410.10,2410.56 1 0
github.com/yi-nology/git-sync-service/biz/model/webhook/webhook.go:2410.56,2411.24 1 0
github.com/yi-nology/git-sync-service/biz/model/webhook/webhook.go:2413.11,2414.49 1 0
github.com/yi-nology/git-sync-service/biz/model/webhook/webhook.go:2414.49,2415.24 1 0
github.com/yi-nology/git-sync-service/biz/model/webhook/webhook.go:2418.3,2418.45 1 0
github.com/yi-nology/git-sync-service/biz/model/webhook/webhook.go:2418.45,2419.26 1 0
github.com/yi-nology/git-sync-service/biz/model/webhook/webhook.go:2422.2,2422.45 1 0
github.com/yi-nology/git-sync-service/biz/model/webhook/webhook.go:2422.45,2423.26 1 0
github.com/yi-nology/git-sync-service/biz/model/webhook/webhook.go:2426.2,2427.1 2 0
github.com/yi-nology/git-sync-service/biz/model/webhook/webhook.go:2428.2,2429.1 2 0
github.com/yi-nology/git-sync-service/biz/model/webhook/webhook.go:2430.2,2431.1 2 0
github.com/yi-nology/git-sync-service/biz/model/webhook/webhook.go:2432.2,2433.1 2 0
github.com/yi-nology/git-sync-service/biz/model/webhook/webhook.go:2434.2,2436.1 2 0
github.com/yi-nology/git-sync-service/biz/model/webhook/webhook.go:2437.2,2438.1 2 0
github.com/yi-nology/git-sync-service/biz/model/webhook/webhook.go:2439.2,2439.79 1 0
github.com/yi-nology/git-sync-service/biz/model/webhook/webhook.go:2442.67,2444.43 2 0
github.com/yi-nology/git-sync-service/biz/model/webhook/webhook.go:2444.43,2446.3 1 0
github.com/yi-nology/git-sync-service/biz/model/webhook/webhook.go:2447.2,2448.12 2 0
github.com/yi-nology/git-sync-service/biz/model/webhook/webhook.go:2451.68,2453.64 2 0
github.com/yi-nology/git-sync-service/biz/model/webhook/webhook.go:2453.64,2454.29 1 0
github.com/yi-nology/git-sync-service/biz/model/webhook/webhook.go:2456.2,2456.14 1 0
github.com/yi-nology/git-sync-service/biz/model/webhook/webhook.go:2456.14,2457.45 1 0
github.com/yi-nology/git-sync-service/biz/model/webhook/webhook.go:2457.45,2459.24 2 0
github.com/yi-nology/git-sync-service/biz/model/webhook/webhook.go:2462.2,2462.46 1 0
github.com/yi-nology/git-sync-service/biz/model/webhook/webhook.go:2462.46,2463.27 1 0
github.com/yi-nology/git-sync-service/biz/model/webhook/webhook.go:2465.2,2465.46 1 0
github.com/yi-nology/git-sync-service/biz/model/webhook/webhook.go:2465.46,2466.27 1 0
github.com/yi-nology/git-sync-service/biz/model/webhook/webhook.go:2468.2,2469.1 2 0
github.com/yi-nology/git-sync-service/biz/model/webhook/webhook.go:2470.2,2471.1 2 0
github.com/yi-nology/git-sync-service/biz/model/webhook/webhook.go:2472.2,2473.1 2 0
github.com/yi-nology/git-sync-service/biz/model/webhook/webhook.go:2474.2,2475.1 2 0
github.com/yi-nology/git-sync-service/biz/model/webhook/webhook.go:2476.2,2476.80 1 0
github.com/yi-nology/git-sync-service/biz/model/webhook/webhook.go:2479.74,2480.71 1 0
github.com/yi-nology/git-sync-service/biz/model/webhook/webhook.go:2480.71,2481.28 1 0
github.com/yi-nology/git-sync-service/biz/model/webhook/webhook.go:2483.2,2483.44 1 0
github.com/yi-nology/git-sync-service/biz/model/webhook/webhook.go:2483.44,2485.3 1 0
github.com/yi-nology/git-sync-service/biz/model/webhook/webhook.go:2486.2,2486.45 1 0
github.com/yi-nology/git-sync-service/biz/model/webhook/webhook.go:2486.45,2487.26 1 0
github.com/yi-nology/git-sync-service/biz/model/webhook/webhook.go:2489.2,2490.1 2 0
github.com/yi-nology/git-sync-service/biz/model/webhook/webhook.go:2491.2,2492.1 2 0
github.com/yi-nology/git-sync-service/biz/model/webhook/webhook.go:2493.2,2493.81 1 0
github.com/yi-nology/git-sync-service/biz/model/webhook/webhook.go:2496.42,2497.14 1 0
github.com/yi-nology/git-sync-service/biz/model/webhook/webhook.go:2497.14,2499.3 1 0
github.com/yi-nology/git-sync-service/biz/model/webhook/webhook.go:2500.2,2500.47 1 0
github.com/yi-nology/git-sync-service/biz/model/webhook/webhook.go:2508.40,2510.2 1 0
github.com/yi-nology/git-sync-service/biz/model/webhook/webhook.go:2512.40,2513.2 0 0
github.com/yi-nology/git-sync-service/biz/model/webhook/webhook.go:2515.43,2517.2 1 0
github.com/yi-nology/git-sync-service/biz/model/webhook/webhook.go:2523.66,2528.50 3 0
github.com/yi-nology/git-sync-service/biz/model/webhook/webhook.go:2528.50,2529.28 1 0
github.com/yi-nology/git-sync-service/biz/model/webhook/webhook.go:2532.2,2532.6 1 0
github.com/yi-nology/git-sync-service/biz/model/webhook/webhook.go:2532.6,2534.17 2 0
github.com/yi-nology/git-sync-service/biz/model/webhook/webhook.go:2534.17,2535.28 1 0
github.com/yi-nology/git-sync-service/biz/model/webhook/webhook.go:2537.3,2537.33 1 0
github.com/yi-nology/git-sync-service/biz/model/webhook/webhook.go:2537.33,2538.9 1 0
github.com/yi-nology/git-sync-service/biz/model/webhook/webhook.go:2541.3,2541.18 1 0
github.com/yi-nology/git-sync-service/biz/model/webhook/webhook.go:2542.10,2543.33 1 0
github.com/yi-nology/git-sync-service/biz/model/webhook/webhook.go:2543.33,2544.46 1 0
github.com/yi-nology/git-sync-service/biz/model/webhook/webhook.go:2544.46,2545.25 1 0
github.com/yi-nology/git-sync-service/biz/model/webhook/webhook.go:2547.10,2547.56 1 0
github.com/yi-nology/git-sync-service/biz/model/webhook/webhook.go:2547.56,2548.24 1 0
github.com/yi-nology/git-sync-service/biz/model/webhook/webhook.go:2550.11,2551.49 1 0
github.com/yi-nology/git-sync-service/biz/model/webhook/webhook.go:2551.49,2552.24 1 0
github.com/yi-nology/git-sync-service/biz/model/webhook/webhook.go:2555.3,2555.45 1 0
github.com/yi-nology/git-sync-service/biz/model/webhook/webhook.go:2555.45,2556.26 1 0
github.com/yi-nology/git-sync-service/biz/model/webhook/webhook.go:2559.2,2559.45 1 0
github.com/yi-nology/git-sync-service/biz/model/webhook/webhook.go:2559.45,2560.26 1 0
github.com/yi-nology/git-sync-service/biz/model/webhook/webhook.go:2563.2,2564.1 2 0
github.com/yi-nology/git-sync-service/biz/model/webhook/webhook.go:2565.2,2566.1 2 0
github.com/yi-nology/git-sync-service/biz/model/webhook/webhook.go:2567.2,2568.1 2 0
github.com/yi-nology/git-sync-service/biz/model/webhook/webhook.go:2569.2,2570.1 2 0
github.com/yi-nology/git-sync-service/biz/model/webhook/webhook.go:2571.2,2573.1 2 0
github.com/yi-nology/git-sync-service/biz/model/webhook/webhook.go:2574.2,2575.1 2 0
github.com/yi-nology/git-sync-service/biz/model/webhook/webhook.go:2576.2,2576.79 1 0
github.com/yi-nology/git-sync-service/biz/model/webhook/webhook.go:2579.66,2582.43 2 0
github.com/yi-nology/git-sync-service/biz/model/webhook/webhook.go:2582.43,2584.3 1 0
github.com/yi-nology/git-sync-service/biz/model/webhook/webhook.go:2584.8,2586.3 1 0
github.com/yi-nology/git-sync-service/biz/model/webhook/webhook.go:2587.2,2588.12 2 0
github.com/yi-nology/git-sync-service/biz/model/webhook/webhook.go:2591.67,2593.63 2 0
github.com/yi-nology/git-sync-service/biz/model/webhook/webhook.go:2593.63,2594.29 1 0
github.com/yi-nology/git-sync-service/biz/model/webhook/webhook.go:2596.2,2596.14 1 0
github.com/yi-nology/git-sync-service/biz/model/webhook/webhook.go:2596.14,2597.45 1 0
github.com/yi-nology/git-sync-service/biz/model/webhook/webhook.go:2597.45,2599.24 2 0
github.com/yi-nology/git-sync-service/biz/model/webhook/webhook.go:2602.2,2602.46 1 0
github.com/yi-nology/git-sync-service/biz/model/webhook/webhook.go:2602.46,2603.27 1 0
github.com/yi-nology/git-sync-service/biz/model/webhook/webhook.go:2605.2,2605.46 1 0
github.com/yi-nology/git-sync-service/biz/model/webhook/webhook.go:2605.46,2606.27 1 0
github.com/yi-nology/git-sync-service/biz/model/webhook/webhook.go:2608.2,2609.1 2 0
github.com/yi-nology/git-sync-service/biz/model/webhook/webhook.go:2610.2,2611.1 2 0
github.com/yi-nology/git-sync-service/biz/model/webhook/webhook.go:2612.2,2613.1 2 0
github.com/yi-nology/git-sync-service/biz/model/webhook/webhook.go:2614.2,2615.1 2 0
github.com/yi-nology/git-sync-service/biz/model/webhook/webhook.go:2616.2,2616.80 1 0
github.com/yi-nology/git-sync-service/biz/model/webhook/webhook.go:2619.73,2620.66 1 0
github.com/yi-nology/git-sync-service/biz/model/webhook/webhook.go:2620.66,2621.28 1 0
github.com/yi-nology/git-sync-service/biz/model/webhook/webhook.go:2623.2,2623.45 1 0
github.com/yi-nology/git-sync-service/biz/model/webhook/webhook.go:2623.45,2625.3 1 0
github.com/yi-nology/git-sync-service/biz/model/webhook/webhook.go:2626.2,2626.45 1 0
github.com/yi-nology/git-sync-service/biz/model/webhook/webhook.go:2626.45,2627.26 1 0
github.com/yi-nology/git-sync-service/biz/model/webhook/webhook.go:2629.2,2630.1 2 0
github.com/yi-nology/git-sync-service/biz/model/webhook/webhook.go:2631.2,2632.1 2 0
github.com/yi-nology/git-sync-service/biz/model/webhook/webhook.go:2633.2,2633.81 1 0
github.com/yi-nology/git-sync-service/biz/model/webhook/webhook.go:2636.41,2637.14 1 0
github.com/yi-nology/git-sync-service/biz/model/webhook/webhook.go:2637.14,2639.3 1 0
github.com/yi-nology/git-sync-service/biz/model/webhook/webhook.go:2640.2,2640.46 1 0
github.com/yi-nology/git-sync-service/biz/model/webhook/webhook.go:2648.42,2650.2 1 0
github.com/yi-nology/git-sync-service/biz/model/webhook/webhook.go:2652.41,2653.2 0 0
github.com/yi-nology/git-sync-service/biz/model/webhook/webhook.go:2655.48,2657.2 1 0
github.com/yi-nology/git-sync-service/biz/model/webhook/webhook.go:2663.67,2668.50 3 0
github.com/yi-nology/git-sync-service/biz/model/webhook/webhook.go:2668.50,2669.28 1 0
github.com/yi-nology/git-sync-service/biz/model/webhook/webhook.go:2672.2,2672.6 1 0
github.com/yi-nology/git-sync-service/biz/model/webhook/webhook.go:2672.6,2674.17 2 0
github.com/yi-nology/git-sync-service/biz/model/webhook/webhook.go:2674.17,2675.28 1 0
github.com/yi-nology/git-sync-service/biz/model/webhook/webhook.go:2677.3,2677.33 1 0
github.com/yi-nology/git-sync-service/biz/model/webhook/webhook.go:2677.33,2678.9 1 0
github.com/yi-nology/git-sync-service/biz/model/webhook/webhook.go:2681.3,2681.18 1 0
github.com/yi-nology/git-sync-service/biz/model/webhook/webhook.go:2682.10,2683.34 1 0
github.com/yi-nology/git-sync-service/biz/model/webhook/webhook.go:2683.34,2684.46 1 0
github.com/yi-nology/git-sync-service/biz/model/webhook/webhook.go:2684.46,2685.25 1 0
github.com/yi-nology/git-sync-service/biz/model/webhook/webhook.go:2687.10,2687.56 1 0
github.com/yi-nology/git-sync-service/biz/model/webhook/webhook.go:2687.56,2688.24 1 0
github.com/yi-nology/git-sync-service/biz/model/webhook/webhook.go:2690.11,2691.49 1 0
github.com/yi-nology/git-sync-service/biz/model/webhook/webhook.go:2691.49,2692.24 1 0
github.com/yi-nology/git-sync-service/biz/model/webhook/webhook.go:2695.3,2695.45 1 0
github.com/yi-nology/git-sync-service/biz/model/webhook/webhook.go:2695.45,2696.26 1 0
github.com/yi-nology/git-sync-service/biz/model/webhook/webhook.go:2699.2,2699.45 1 0
github.com/yi-nology/git-sync-service/biz/model/webhook/webhook.go:2699.45,2700.26 1 0
github.com/yi-nology/git-sync-service/biz/model/webhook/webhook.go:2703.2,2704.1 2 0
github.com/yi-nology/git-sync-service/biz/model/webhook/webhook.go:2705.2,2706.1 2 0
github.com/yi-nology/git-sync-service/biz/model/webhook/webhook.go:2707.2,2708.1 2 0
github.com/yi-nology/git-sync-service/biz/model/webhook/webhook.go:2709.2,2710.1 2 0
github.com/yi-nology/git-sync-service/biz/model/webhook/webhook.go:2711.2,2713.1 2 0
github.com/yi-nology/git-sync-service/biz/model/webhook/webhook.go:2714.2,2715.1 2 0
github.com/yi-nology/git-sync-service/biz/model/webhook/webhook.go:2716.2,2716.79 1 0
github.com/yi-nology/git-sync-service/biz/model/webhook/webhook.go:2719.67,2722.44 2 0
github.com/yi-nology/git-sync-service/biz/model/webhook/webhook.go:2722.44,2724.3 1 0
github.com/yi-nology/git-sync-service/biz/model/webhook/webhook.go:2724.8,2726.3 1 0
github.com/yi-nology/git-sync-service/biz/model/webhook/webhook.go:2727.2,2728.12 2 0
github.com/yi-nology/git-sync-service/biz/model/webhook/webhook.go:2731.68,2733.64 2 0
github.com/yi-nology/git-sync-service/biz/model/webhook/webhook.go:2733.64,2734.29 1 0
github.com/yi-nology/git-sync-service/biz/model/webhook/webhook.go:2736.2,2736.14 1 0
github.com/yi-nology/git-sync-service/biz/model/webhook/webhook.go:2736.14,2737.45 1 0
github.com/yi-nology/git-sync-service/biz/model/webhook/webhook.go:2737.45,2739.24 2 0
github.com/yi-nology/git-sync-service/biz/model/webhook/webhook.go:2742.2,2742.46 1 0
github.com/yi-nology/git-sync-service/biz/model/webhook/webhook.go:2742.46,2743.27 1 0
github.com/yi-nology/git-sync-service/biz/model/webhook/webhook.go:2745.2,2745.46 1 0
github.com/yi-nology/git-sync-service/biz/model/webhook/webhook.go:2745.46,2746.27 1 0
github.com/yi-nology/git-sync-service/biz/model/webhook/webhook.go:2748.2,2749.1 2 0
github.com/yi-nology/git-sync-service/biz/model/webhook/webhook.go:2750.2,2751.1 2 0
github.com/yi-nology/git-sync-service/biz/model/webhook/webhook.go:2752.2,2753.1 2 0
github.com/yi-nology/git-sync-service/biz/model/webhook/webhook.go:2754.2,2755.1 2 0
github.com/yi-nology/git-sync-service/biz/model/webhook/webhook.go:2756.2,2756.80 1 0
github.com/yi-nology/git-sync-service/biz/model/webhook/webhook.go:2759.74,2760.72 1 0
github.com/yi-nology/git-sync-service/biz/model/webhook/webhook.go:2760.72,2761.28 1 0
github.com/yi-nology/git-sync-service/biz/model/webhook/webhook.go:2763.2,2763.51 1 0
github.com/yi-nology/git-sync-service/biz/model/webhook/webhook.go:2763.51,2765.3 1 0
github.com/yi-nology/git-sync-service/biz/model/webhook/webhook.go:2766.2,2766.45 1 0
github.com/yi-nology/git-sync-service/biz/model/webhook/webhook.go:2766.45,2767.26 1 0
github.com/yi-nology/git-sync-service/biz/model/webhook/webhook.go:2769.2,2770.1 2 0
github.com/yi-nology/git-sync-service/biz/model/webhook/webhook.go:2771.2,2772.1 2 0
github.com/yi-nology/git-sync-service/biz/model/webhook/webhook.go:2773.2,2773.81 1 0
github.com/yi-nology/git-sync-service/biz/model/webhook/webhook.go:2776.42,2777.14 1 0
github.com/yi-nology/git-sync-service/biz/model/webhook/webhook.go:2777.14,2779.3 1 0
github.com/yi-nology/git-sync-service/biz/model/webhook/webhook.go:2780.2,2780.47 1 0
github.com/yi-nology/git-sync-service/biz/model/webhook/webhook.go:2799.46,2801.2 1 0
github.com/yi-nology/git-sync-service/biz/model/webhook/webhook.go:2803.43,2804.2 0 0
github.com/yi-nology/git-sync-service/biz/model/webhook/webhook.go:2806.46,2808.2 1 0
github.com/yi-nology/git-sync-service/biz/model/webhook/webhook.go:2810.52,2812.2 1 0
github.com/yi-nology/git-sync-service/biz/model/webhook/webhook.go:2814.52,2816.2 1 0
github.com/yi-nology/git-sync-service/biz/model/webhook/webhook.go:2818.54,2820.2 1 0
github.com/yi-nology/git-sync-service/biz/model/webhook/webhook.go:2822.51,2824.2 1 0
github.com/yi-nology/git-sync-service/biz/model/webhook/webhook.go:2826.54,2828.2 1 0
github.com/yi-nology/git-sync-service/biz/model/webhook/webhook.go:2830.51,2832.2 1 0
github.com/yi-nology/git-sync-service/biz/model/webhook/webhook.go:2834.54,2836.2 1 0
github.com/yi-nology/git-sync-service/biz/model/webhook/webhook.go:2838.51,2840.2 1 0
github.com/yi-nology/git-sync-service/biz/model/webhook/webhook.go:2842.57,2844.2 1 0
github.com/yi-nology/git-sync-service/biz/model/webhook/webhook.go:2846.56,2848.2 1 0
github.com/yi-nology/git-sync-service/biz/model/webhook/webhook.go:2850.54,2852.2 1 0
github.com/yi-nology/git-sync-service/biz/model/webhook/webhook.go:2869.69,2874.50 3 0
github.com/yi-nology/git-sync-service/biz/model/webhook/webhook.go:2874.50,2875.28 1 0
github.com/yi-nology/git-sync-service/biz/model/webhook/webhook.go:2878.2,2878.6 1 0
github.com/yi-nology/git-sync-service/biz/model/webhook/webhook.go:2878.6,2880.17 2 0
github.com/yi-nology/git-sync-service/biz/model/webhook/webhook.go:2880.17,2881.28 1 0
github.com/yi-nology/git-sync-service/biz/model/webhook/webhook.go:2883.3,2883.33 1 0
github.com/yi-nology/git-sync-service/biz/model/webhook/webhook.go:2883.33,2884.9 1 0
github.com/yi-nology/git-sync-service/biz/model/webhook/webhook.go:2887.3,2887.18 1 0
github.com/yi-nology/git-sync-service/biz/model/webhook/webhook.go:2888.10,2889.33 1 0
github.com/yi-nology/git-sync-service/biz/model/webhook/webhook.go:2889.33,2890.46 1 0
github.com/yi-nology/git-sync-service/biz/model/webhook/webhook.go:2890.46,2891.25 1 0
github.com/yi-nology/git-sync-service/biz/model/webhook/webhook.go:2893.10,2893.56 1 0
github.com/yi-nology/git-sync-service/biz/model/webhook/webhook.go:2893.56,2894.24 1 0
github.com/yi-nology/git-sync-service/biz/model/webhook/webhook.go:2896.10,2897.36 1 0
github.com/yi-nology/git-sync-service/biz/model/webhook/webhook.go:2897.36,2898.46 1 0
github.com/yi-nology/git-sync-service/biz/model/webhook/webhook.go:2898.46,2899.25 1 0
github.com/yi-nology/git-sync-service/biz/model/webhook/webhook.go:2901.10,2901.56 1 0
github.com/yi-nology/git-sync-service/biz/model/webhook/webhook.go:2901.56,2902.24 1 0
github.com/yi-nology/git-sync-service/biz/model/webhook/webhook.go:2904.10,2905.36 1 0
github.com/yi-nology/git-sync-service/biz/model/webhook/webhook.go:2905.36,2906.46 1 0
github.com/yi-nology/git-sync-service/biz/model/webhook/webhook.go:2906.46,2907.25 1 0
github.com/yi-nology/git-sync-service/biz/model/webhook/webhook.go:2909.10,2909.56 1 0
github.com/yi-nology/git-sync-service/biz/model/webhook/webhook.go:2909.56,2910.24 1 0
github.com/yi-nology/git-sync-service/biz/model/webhook/webhook.go:2912.10,2913.36 1 0
github.com/yi-nology/git-sync-service/biz/model/webhook/webhook.go:2913.36,2914.46 1 0
github.com/yi-nology/git-sync-service/biz/model/webhook/webhook.go:2914.46,2915.25 1 0
github.com/yi-nology/git-sync-service/biz/model/webhook/webhook.go:2917.10,2917.56 1 0
github.com/yi-nology/git-sync-service/biz/model/webhook/webhook.go:2917.56,2918.24 1 0
github.com/yi-nology/git-sync-service/biz/model/webhook/webhook.go:2920.10,2921.36 1 0
github.com/yi-nology/git-sync-service/biz/model/webhook/webhook.go:2921.36,2922.46 1 0
github.com/yi-nology/git-sync-service/biz/model/webhook/webhook.go:2922.46,2923.25 1 0
github.com/yi-nology/git-sync-service/biz/model/webhook/webhook.go:2925.10,2925.56 1 0
github.com/yi-nology/git-sync-service/biz/model/webhook/webhook.go:2925.56,2926.24 1 0
github.com/yi-nology/git-sync-service/biz/model/webhook/webhook.go:2928.10,2929.36 1 0
github.com/yi-nology/git-sync-service/biz/model/webhook/webhook.go:2929.36,2930.46 1 0
github.com/yi-nology/git-sync-service/biz/model/webhook/webhook.go:2930.46,2931.25 1 0
github.com/yi-nology/git-sync-service/biz/model/webhook/webhook.go:2933.10,2933.56 1 0
github.com/yi-nology/git-sync-service/biz/model/webhook/webhook.go:2933.56,2934.24 1 0
github.com/yi-nology/git-sync-service/biz/model/webhook/webhook.go:2936.10,2937.36 1 0
github.com/yi-nology/git-sync-service/biz/model/webhook/webhook.go:2937.36,2938.46 1 0
github.com/yi-nology/git-sync-service/biz/model/webhook/webhook.go:2938.46,2939.25 1 0
github.com/yi-nology/git-sync-service/biz/model/webhook/webhook.go:2941.10,2941.56 1 0
github.com/yi-nology/git-sync-service/biz/model/webhook/webhook.go:2941.56,2942.24 1 0
github.com/yi-nology/git-sync-service/biz/model/webhook/webhook.go:2944.10,2945.36 1 0
github.com/yi-nology/git-sync-service/biz/model/webhook/webhook.go:2945.36,2946.46 1 0
github.com/yi-nology/git-sync-service/biz/model/webhook/webhook.go:2946.46,2947.25 1 0
github.com/yi-nology/git-sync-service/biz/model/webhook/webhook.go:2949.10,2949.56 1 0
github.com/yi-nology/git-sync-service/biz/model/webhook/webhook.go:2949.56,2950.24 1 0
github.com/yi-nology/git-sync-service/biz/model/webhook/webhook.go:2952.10,2953.36 1 0
github.com/yi-nology/git-sync-service/biz/model/webhook/webhook.go:2953.36,2954.46 1 0
github.com/yi-nology/git-sync-service/biz/model/webhook/webhook.go:2954.46,2955.25 1 0
github.com/yi-nology/git-sync-service/biz/model/webhook/webhook.go:2957.10,2957.56 1 0
github.com/yi-nology/git-sync-service/biz/model/webhook/webhook.go:2957.56,2958.24 1 0
github.com/yi-nology/git-sync-service/biz/model/webhook/webhook.go:2960.11,2961.36 1 0
github.com/yi-nology/git-sync-service/biz/model/webhook/webhook.go:2961.36,2962.47 1 0
github.com/yi-nology/git-sync-service/biz/model/webhook/webhook.go:2962.47,2963.25 1 0
github.com/yi-nology/git-sync-service/biz/model/webhook/webhook.go:2965.10,2965.56 1 0
github.com/yi-nology/git-sync-service/biz/model/webhook/webhook.go:2965.56,2966.24 1 0
github.com/yi-nology/git-sync-service/biz/model/webhook/webhook.go:2968.11,2969.36 1 0
github.com/yi-nology/git-sync-service/biz/model/webhook/webhook.go:2969.36,2970.47 1 0
github.com/yi-nology/git-sync-service/biz/model/webhook/webhook.go:2970.47,2971.25 1 0
github.com/yi-nology/git-sync-service/biz/model/webhook/webhook.go:2973.10,2973.56 1 0
github.com/yi-nology/git-sync-service/biz/model/webhook/webhook.go:2973.56,2974.24 1 0
github.com/yi-nology/git-sync-service/biz/model/webhook/webhook.go:2976.11,2977.36 1 0
github.com/yi-nology/git-sync-service/biz/model/webhook/webhook.go:2977.36,2978.47 1 0
github.com/yi-nology/git-sync-service/biz/model/webhook/webhook.go:2978.47,2979.25 1 0
github.com/yi-nology/git-sync-service/biz/model/webhook/webhook.go:2981.10,2981.56 1 0
github.com/yi-nology/git-sync-service/biz/model/webhook/webhook.go:2981.56,2982.24 1 0
github.com/yi-nology/git-sync-service/biz/model/webhook/webhook.go:2984.11,2985.49 1 0
github.com/yi-nology/git-sync-service/biz/model/webhook/webhook.go:2985.49,2986.24 1 0
github.com/yi-nology/git-sync-service/biz/model/webhook/webhook.go:2989.3,2989.45 1 0
github.com/yi-nology/git-sync-service/biz/model/webhook/webhook.go:2989.45,2990.26 1 0
github.com/yi-nology/git-sync-service/biz/model/webhook/webhook.go:2993.2,2993.45 1 0
github.com/yi-nology/git-sync-service/biz/model/webhook/webhook.go:2993.45,2994.26 1 0
github.com/yi-nology/git-sync-service/biz/model/webhook/webhook.go:2997.2,2998.1 2 0
github.com/yi-nology/git-sync-service/biz/model/webhook/webhook.go:2999.2,3000.1 2 0
github.com/yi-nology/git-sync-service/biz/model/webhook/webhook.go:3001.2,3002.1 2 0
github.com/yi-nology/git-sync-service/biz/model/webhook/webhook.go:3003.2,3004.1 2 0
github.com/yi-nology/git-sync-service/biz/model/webhook/webhook.go:3005.2,3007.1 2 0
github.com/yi-nology/git-sync-service/biz/model/webhook/webhook.go:3008.2,3009.1 2 0
github.com/yi-nology/git-sync-service/biz/model/webhook/webhook.go:3010.2,3010.79 1 0
github.com/yi-nology/git-sync-service/biz/model/webhook/webhook.go:3013.69,3016.43 2 0
github.com/yi-nology/git-sync-service/biz/model/webhook/webhook.go:3016.43,3018.3 1 0
github.com/yi-nology/git-sync-service/biz/model/webhook/webhook.go:3018.8,3020.3 1 0
github.com/yi-nology/git-sync-service/biz/model/webhook/webhook.go:3021.2,3022.12 2 0
github.com/yi-nology/git-sync-service/biz/model/webhook/webhook.go:3024.69,3027.46 2 0
github.com/yi-nology/git-sync-service/biz/model/webhook/webhook.go:3027.46,3029.3 1 0
github.com/yi-nology/git-sync-service/biz/model/webhook/webhook.go:3029.8,3031.3 1 0
github.com/yi-nology/git-sync-service/biz/model/webhook/webhook.go:3032.2,3033.12 2 0
github.com/yi-nology/git-sync-service/biz/model/webhook/webhook.go:3035.69,3038.46 2 0
github.com/yi-nology/git-sync-service/biz/model/webhook/webhook.go:3038.46,3040.3 1 0
github.com/yi-nology/git-sync-service/biz/model/webhook/webhook.go:3040.8,3042.3 1 0
github.com/yi-nology/git-sync-service/biz/model/webhook/webhook.go:3043.2,3044.12 2 0
github.com/yi-nology/git-sync-service/biz/model/webhook/webhook.go:3046.69,3049.46 2 0
github.com/yi-nology/git-sync-service/biz/model/webhook/webhook.go:3049.46,3051.3 1 0
github.com/yi-nology/git-sync-service/biz/model/webhook/webhook.go:3051.8,3053.3 1 0
github.com/yi-nology/git-sync-service/biz/model/webhook/webhook.go:3054.2,3055.12 2 0
github.com/yi-nology/git-sync-service/biz/model/webhook/webhook.go:3057.69,3060.46 2 0
github.com/yi-nology/git-sync-service/biz/model/webhook/webhook.go:3060.46,3062.3 1 0
github.com/yi-nology/git-sync-service/biz/model/webhook/webhook.go:3062.8,3064.3 1 0
github.com/yi-nology/git-sync-service/biz/model/webhook/webhook.go:3065.2,3066.12 2 0
github.com/yi-nology/git-sync-service/biz/model/webhook/webhook.go:3068.69,3071.46 2 0
github.com/yi-nology/git-sync-service/biz/model/webhook/webhook.go:3071.46,3073.3 1 0
github.com/yi-nology/git-sync-service/biz/model/webhook/webhook.go:3073.8,3075.3 1 0
github.com/yi-nology/git-sync-service/biz/model/webhook/webhook.go:3076.2,3077.12 2 0
github.com/yi-nology/git-sync-service/biz/model/webhook/webhook.go:3079.69,3082.46 2 0
github.com/yi-nology/git-sync-service/biz/model/webhook/webhook.go:3082.46,3084.3 1 0
github.com/yi-nology/git-sync-service/biz/model/webhook/webhook.go:3084.8,3086.3 1 0
github.com/yi-nology/git-sync-service/biz/model/webhook/webhook.go:3087.2,3088.12 2 0
github.com/yi-nology/git-sync-service/biz/model/webhook/webhook.go:3090.69,3093.46 2 0
github.com/yi-nology/git-sync-service/biz/model/webhook/webhook.go:3093.46,3095.3 1 0
github.com/yi-nology/git-sync-service/biz/model/webhook/webhook.go:3095.8,3097.3 1 0
github.com/yi-nology/git-sync-service/biz/model/webhook/webhook.go:3098.2,3099.12 2 0
github.com/yi-nology/git-sync-service/biz/model/webhook/webhook.go:3101.69,3104.46 2 0
github.com/yi-nology/git-sync-service/biz/model/webhook/webhook.go:3104.46,3106.3 1 0
github.com/yi-nology/git-sync-service/biz/model/webhook/webhook.go:3106.8,3108.3 1 0
github.com/yi-nology/git-sync-service/biz/model/webhook/webhook.go:3109.2,3110.12 2 0
github.com/yi-nology/git-sync-service/biz/model/webhook/webhook.go:3112.70,3115.46 2 0
github.com/yi-nology/git-sync-service/biz/model/webhook/webhook.go:3115.46,3117.3 1 0
github.com/yi-nology/git-sync-service/biz/model/webhook/webhook.go:3117.8,3119.3 1 0
github.com/yi-nology/git-sync-service/biz/model/webhook/webhook.go:3120.2,3121.12 2 0
github.com/yi-nology/git-sync-service/biz/model/webhook/webhook.go:3123.70,3126.46 2 0
github.com/yi-nology/git-sync-service/biz/model/webhook/webhook.go:3126.46,3128.3 1 0
github.com/yi-nology/git-sync-service/biz/model/webhook/webhook.go:3128.8,3130.3 1 0
github.com/yi-nology/git-sync-service/biz/model/webhook/webhook.go:3131.2,3132.12 2 0
github.com/yi-nology/git-sync-service/biz/model/webhook/webhook.go:3134.70,3137.46 2 0
github.com/yi-nology/git-sync-service/biz/model/webhook/webhook.go:3137.46,3139.3 1 0
github.com/yi-nology/git-sync-service/biz/model/webhook/webhook.go:3139.8,3141.3 1 0
github.com/yi-nology/git-sync-service/biz/model/webhook/webhook.go:3142.2,3143.12 2 0
github.com/yi-nology/git-sync-service/biz/model/webhook/webhook.go:3146.70,3148.66 2 0
github.com/yi-nology/git-sync-service/biz/model/webhook/webhook.go:3148.66,3149.29 1 0
github.com/yi-nology/git-sync-service/biz/model/webhook/webhook.go:3151.2,3151.14 1 0
github.com/yi-nology/git-sync-service/biz/model/webhook/webhook.go:3151.14,3152.45 1 0
github.com/yi-nology/git-sync-service/biz/model/webhook/webhook.go:3152.45,3154.24 2 0
github.com/yi-nology/git-sync-service/biz/model/webhook/webhook.go:3156.3,3156.45 1 0
github.com/yi-nology/git-sync-service/biz/model/webhook/webhook.go:3156.45,3158.24 2 0
github.com/yi-nology/git-sync-service/biz/model/webhook/webhook.go:3160.3,3160.45 1 0
github.com/yi-nology/git-sync-service/biz/model/webhook/webhook.go:3160.45,3162.24 2 0
github.com/yi-nology/git-sync-service/biz/model/webhook/webhook.go:3164.3,3164.45 1 0
github.com/yi-nology/git-sync-service/biz/model/webhook/webhook.go:3164.45,3166.24 2 0
github.com/yi-nology/git-sync-service/biz/model/webhook/webhook.go:3168.3,3168.45 1 0
github.com/yi-nology/git-sync-service/biz/model/webhook/webhook.go:3168.45,3170.24 2 0
github.com/yi-nology/git-sync-service/biz/model/webhook/webhook.go:3172.3,3172.45 1 0
github.com/yi-nology/git-sync-service/biz/model/webhook/webhook.go:3172.45,3174.24 2 0
github.com/yi-nology/git-sync-service/biz/model/webhook/webhook.go:3176.3,3176.45 1 0
github.com/yi-nology/git-sync-service/biz/model/webhook/webhook.go:3176.45,3178.24 2 0
github.com/yi-nology/git-sync-service/biz/model/webhook/webhook.go:3180.3,3180.45 1 0
github.com/yi-nology/git-sync-service/biz/model/webhook/webhook.go:3180.45,3182.24 2 0
github.com/yi-nology/git-sync-service/biz/model/webhook/webhook.go:3184.3,3184.45 1 0
github.com/yi-nology/git-sync-service/biz/model/webhook/webhook.go:3184.45,3186.24 2 0
github.com/yi-nology/git-sync-service/biz/model/webhook/webhook.go:3188.3,3188.46 1 0
github.com/yi-nology/git-sync-service/biz/model/webhook/webhook.go:3188.46,3190.24 2 0
github.com/yi-nology/git-sync-service/biz/model/webhook/webhook.go:3192.3,3192.46 1 0
github.com/yi-nology/git-sync-service/biz/model/webhook/webhook.go:3192.46,3194.24 2 0
github.com/yi-nology/git-sync-service/biz/model/webhook/webhook.go:3196.3,3196.46 1 0
github.com/yi-nology/git-sync-service/biz/model/webhook/webhook.go:3196.46,3198.24 2 0
github.com/yi-nology/git-sync-service/biz/model/webhook/webhook.go:3201.2,3201.46 1 0
github.com/yi-nology/git-sync-service/biz/model/webhook/webhook.go:3201.46,3202.27 1 0
github.com/yi-nology/git-sync-service/biz/model/webhook/webhook.go:3204.2,3204.46 1 0
github.com/yi-nology/git-sync-service/biz/model/webhook/webhook.go:3204.46,3205.27 1 0
github.com/yi-nology/git-sync-service/biz/model/webhook/webhook.go:3207.2,3208.1 2 0
github.com/yi-nology/git-sync-service/biz/model/webhook/webhook.go:3209.2,3210.1 2 0
github.com/yi-nology/git-sync-service/biz/model/webhook/webhook.go:3211.2,3212.1 2 0
github.com/yi-nology/git-sync-service/biz/model/webhook/webhook.go:3213.2,3214.1 2 0
github.com/yi-nology/git-sync-service/biz/model/webhook/webhook.go:3215.2,3215.80 1 0
github.com/yi-nology/git-sync-service/biz/model/webhook/webhook.go:3218.76,3219.66 1 0
github.com/yi-nology/git-sync-service/biz/model/webhook/webhook.go:3219.66,3220.28 1 0
github.com/yi-nology/git-sync-service/biz/model/webhook/webhook.go:3222.2,3222.45 1 0
github.com/yi-nology/git-sync-service/biz/model/webhook/webhook.go:3222.45,3224.3 1 0
github.com/yi-nology/git-sync-service/biz/model/webhook/webhook.go:3225.2,3225.45 1 0
github.com/yi-nology/git-sync-service/biz/model/webhook/webhook.go:3225.45,3226.26 1 0
github.com/yi-nology/git-sync-service/biz/model/webhook/webhook.go:3228.2,3229.1 2 0
github.com/yi-nology/git-sync-service/biz/model/webhook/webhook.go:3230.2,3231.1 2 0
github.com/yi-nology/git-sync-service/biz/model/webhook/webhook.go:3232.2,3232.81 1 0
github.com/yi-nology/git-sync-service/biz/model/webhook/webhook.go:3235.76,3236.75 1 0
github.com/yi-nology/git-sync-service/biz/model/webhook/webhook.go:3236.75,3237.28 1 0
github.com/yi-nology/git-sync-service/biz/model/webhook/webhook.go:3239.2,3239.53 1 0
github.com/yi-nology/git-sync-service/biz/model/webhook/webhook.go:3239.53,3241.3 1 0
github.com/yi-nology/git-sync-service/biz/model/webhook/webhook.go:3242.2,3242.45 1 0
github.com/yi-nology/git-sync-service/biz/model/webhook/webhook.go:3242.45,3243.26 1 0
github.com/yi-nology/git-sync-service/biz/model/webhook/webhook.go:3245.2,3246.1 2 0
github.com/yi-nology/git-sync-service/biz/model/webhook/webhook.go:3247.2,3248.1 2 0
github.com/yi-nology/git-sync-service/biz/model/webhook/webhook.go:3249.2,3249.81 1 0
github.com/yi-nology/git-sync-service/biz/model/webhook/webhook.go:3252.76,3253.75 1 0
github.com/yi-nology/git-sync-service/biz/model/webhook/webhook.go:3253.75,3254.28 1 0
github.com/yi-nology/git-sync-service/biz/model/webhook/webhook.go:3256.2,3256.53 1 0
github.com/yi-nology/git-sync-service/biz/model/webhook/webhook.go:3256.53,3258.3 1 0
github.com/yi-nology/git-sync-service/biz/model/webhook/webhook.go:3259.2,3259.45 1 0
github.com/yi-nology/git-sync-service/biz/model/webhook/webhook.go:3259.45,3260.26 1 0
github.com/yi-nology/git-sync-service/biz/model/webhook/webhook.go:3262.2,3263.1 2 0
github.com/yi-nology/git-sync-service/biz/model/webhook/webhook.go:3264.2,3265.1 2 0
github.com/yi-nology/git-sync-service/biz/model/webhook/webhook.go:3266.2,3266.81 1 0
github.com/yi-nology/git-sync-service/biz/model/webhook/webhook.go:3269.76,3270.77 1 0
github.com/yi-nology/git-sync-service/biz/model/webhook/webhook.go:3270.77,3271.28 1 0
github.com/yi-nology/git-sync-service/biz/model/webhook/webhook.go:3273.2,3273.55 1 0
github.com/yi-nology/git-sync-service/biz/model/webhook/webhook.go:3273.55,3275.3 1 0
github.com/yi-nology/git-sync-service/biz/model/webhook/webhook.go:3276.2,3276.45 1 0
github.com/yi-nology/git-sync-service/biz/model/webhook/webhook.go:3276.45,3277.26 1 0
github.com/yi-nology/git-sync-service/biz/model/webhook/webhook.go:3279.2,3280.1 2 0
github.com/yi-nology/git-sync-service/biz/model/webhook/webhook.go:3281.2,3282.1 2 0
github.com/yi-nology/git-sync-service/biz/model/webhook/webhook.go:3283.2,3283.81 1 0
github.com/yi-nology/git-sync-service/biz/model/webhook/webhook.go:3286.76,3287.73 1 0
github.com/yi-nology/git-sync-service/biz/model/webhook/webhook.go:3287.73,3288.28 1 0
github.com/yi-nology/git-sync-service/biz/model/webhook/webhook.go:3290.2,3290.52 1 0
github.com/yi-nology/git-sync-service/biz/model/webhook/webhook.go:3290.52,3292.3 1 0
github.com/yi-nology/git-sync-service/biz/model/webhook/webhook.go:3293.2,3293.45 1 0
github.com/yi-nology/git-sync-service/biz/model/webhook/webhook.go:3293.45,3294.26 1 0
github.com/yi-nology/git-sync-service/biz/model/webhook/webhook.go:3296.2,3297.1 2 0
github.com/yi-nology/git-sync-service/biz/model/webhook/webhook.go:3298.2,3299.1 2 0
github.com/yi-nology/git-sync-service/biz/model/webhook/webhook.go:3300.2,3300.81 1 0
github.com/yi-nology/git-sync-service/biz/model/webhook/webhook.go:3303.76,3304.77 1 0
github.com/yi-nology/git-sync-service/biz/model/webhook/webhook.go:3304.77,3305.28 1 0
github.com/yi-nology/git-sync-service/biz/model/webhook/webhook.go:3307.2,3307.55 1 0
github.com/yi-nology/git-sync-service/biz/model/webhook/webhook.go:3307.55,3309.3 1 0
github.com/yi-nology/git-sync-service/biz/model/webhook/webhook.go:3310.2,3310.45 1 0
github.com/yi-nology/git-sync-service/biz/model/webhook/webhook.go:3310.45,3311.26 1 0
github.com/yi-nology/git-sync-service/biz/model/webhook/webhook.go:3313.2,3314.1 2 0
github.com/yi-nology/git-sync-service/biz/model/webhook/webhook.go:3315.2,3316.1 2 0
github.com/yi-nology/git-sync-service/biz/model/webhook/webhook.go:3317.2,3317.81 1 0
github.com/yi-nology/git-sync-service/biz/model/webhook/webhook.go:3320.76,3321.73 1 0
github.com/yi-nology/git-sync-service/biz/model/webhook/webhook.go:3321.73,3322.28 1 0
github.com/yi-nology/git-sync-service/biz/model/webhook/webhook.go:3324.2,3324.52 1 0
github.com/yi-nology/git-sync-service/biz/model/webhook/webhook.go:3324.52,3326.3 1 0
github.com/yi-nology/git-sync-service/biz/model/webhook/webhook.go:3327.2,3327.45 1 0
github.com/yi-nology/git-sync-service/biz/model/webhook/webhook.go:3327.45,3328.26 1 0
github.com/yi-nology/git-sync-service/biz/model/webhook/webhook.go:3330.2,3331.1 2 0
github.com/yi-nology/git-sync-service/biz/model/webhook/webhook.go:3332.2,3333.1 2 0
github.com/yi-nology/git-sync-service/biz/model/webhook/webhook.go:3334.2,3334.81 1 0
github.com/yi-nology/git-sync-service/biz/model/webhook/webhook.go:3337.76,3338.77 1 0
github.com/yi-nology/git-sync-service/biz/model/webhook/webhook.go:3338.77,3339.28 1 0
github.com/yi-nology/git-sync-service/biz/model/webhook/webhook.go:3341.2,3341.55 1 0
github.com/yi-nology/git-sync-service/biz/model/webhook/webhook.go:3341.55,3343.3 1 0
github.com/yi-nology/git-sync-service/biz/model/webhook/webhook.go:3344.2,3344.45 1 0
github.com/yi-nology/git-sync-service/biz/model/webhook/webhook.go:3344.45,3345.26 1 0
github.com/yi-nology/git-sync-service/biz/model/webhook/webhook.go:3347.2,3348.1 2 0
github.com/yi-nology/git-sync-service/biz/model/webhook/webhook.go:3349.2,3350.1 2 0
github.com/yi-nology/git-sync-service/biz/model/webhook/webhook.go:3351.2,3351.81 1 0
github.com/yi-nology/git-sync-service/biz/model/webhook/webhook.go:3354.76,3355.73 1 0
github.com/yi-nology/git-sync-service/biz/model/webhook/webhook.go:3355.73,3356.28 1 0
github.com/yi-nology/git-sync-service/biz/model/webhook/webhook.go:3358.2,3358.52 1 0
github.com/yi-nology/git-sync-service/biz/model/webhook/webhook.go:3358.52,3360.3 1 0
github.com/yi-nology/git-sync-service/biz/model/webhook/webhook.go:3361.2,3361.45 1 0
github.com/yi-nology/git-sync-service/biz/model/webhook/webhook.go:3361.45,3362.26 1 0
github.com/yi-nology/git-sync-service/biz/model/webhook/webhook.go:3364.2,3365.1 2 0
github.com/yi-nology/git-sync-service/biz/model/webhook/webhook.go:3366.2,3367.1 2 0
github.com/yi-nology/git-sync-service/biz/model/webhook/webhook.go:3368.2,3368.81 1 0
github.com/yi-nology/git-sync-service/biz/model/webhook/webhook.go:3371.77,3372.81 1 0
github.com/yi-nology/git-sync-service/biz/model/webhook/webhook.go:3372.81,3373.28 1 0
github.com/yi-nology/git-sync-service/biz/model/webhook/webhook.go:3375.2,3375.58 1 0
github.com/yi-nology/git-sync-service/biz/model/webhook/webhook.go:3375.58,3377.3 1 0
github.com/yi-nology/git-sync-service/biz/model/webhook/webhook.go:3378.2,3378.45 1 0
github.com/yi-nology/git-sync-service/biz/model/webhook/webhook.go:3378.45,3379.26 1 0
github.com/yi-nology/git-sync-service/biz/model/webhook/webhook.go:3381.2,3382.1 2 0
github.com/yi-nology/git-sync-service/biz/model/webhook/webhook.go:3383.2,3384.1 2 0
github.com/yi-nology/git-sync-service/biz/model/webhook/webhook.go:3385.2,3385.82 1 0
github.com/yi-nology/git-sync-service/biz/model/webhook/webhook.go:3388.77,3389.80 1 0
github.com/yi-nology/git-sync-service/biz/model/webhook/webhook.go:3389.80,3390.28 1 0
github.com/yi-nology/git-sync-service/biz/model/webhook/webhook.go:3392.2,3392.57 1 0
github.com/yi-nology/git-sync-service/biz/model/webhook/webhook.go:3392.57,3394.3 1 0
github.com/yi-nology/git-sync-service/biz/model/webhook/webhook.go:3395.2,3395.45 1 0
github.com/yi-nology/git-sync-service/biz/model/webhook/webhook.go:3395.45,3396.26 1 0
github.com/yi-nology/git-sync-service/biz/model/webhook/webhook.go:3398.2,3399.1 2 0
github.com/yi-nology/git-sync-service/biz/model/webhook/webhook.go:3400.2,3401.1 2 0
github.com/yi-nology/git-sync-service/biz/model/webhook/webhook.go:3402.2,3402.82 1 0
github.com/yi-nology/git-sync-service/biz/model/webhook/webhook.go:3405.77,3406.78 1 0
github.com/yi-nology/git-sync-service/biz/model/webhook/webhook.go:3406.78,3407.28 1 0
github.com/yi-nology/git-sync-service/biz/model/webhook/webhook.go:3409.2,3409.55 1 0
github.com/yi-nology/git-sync-service/biz/model/webhook/webhook.go:3409.55,3411.3 1 0
github.com/yi-nology/git-sync-service/biz/model/webhook/webhook.go:3412.2,3412.45 1 0
github.com/yi-nology/git-sync-service/biz/model/webhook/webhook.go:3412.45,3413.26 1 0
github.com/yi-nology/git-sync-service/biz/model/webhook/webhook.go:3415.2,3416.1 2 0
github.com/yi-nology/git-sync-service/biz/model/webhook/webhook.go:3417.2,3418.1 2 0
github.com/yi-nology/git-sync-service/biz/model/webhook/webhook.go:3419.2,3419.82 1 0
github.com/yi-nology/git-sync-service/biz/model/webhook/webhook.go:3422.44,3423.14 1 0
github.com/yi-nology/git-sync-service/biz/model/webhook/webhook.go:3423.14,3425.3 1 0
github.com/yi-nology/git-sync-service/biz/model/webhook/webhook.go:3426.2,3426.49 1 0
github.com/yi-nology/git-sync-service/biz/model/webhook/webhook.go:3435.40,3437.2 1 0
github.com/yi-nology/git-sync-service/biz/model/webhook/webhook.go:3439.40,3440.2 0 0
github.com/yi-nology/git-sync-service/biz/model/webhook/webhook.go:3442.49,3444.2 1 0
github.com/yi-nology/git-sync-service/biz/model/webhook/webhook.go:3446.46,3448.2 1 0
github.com/yi-nology/git-sync-service/biz/model/webhook/webhook.go:3455.66,3460.50 3 0
github.com/yi-nology/git-sync-service/biz/model/webhook/webhook.go:3460.50,3461.28 1 0
github.com/yi-nology/git-sync-service/biz/model/webhook/webhook.go:3464.2,3464.6 1 0
github.com/yi-nology/git-sync-service/biz/model/webhook/webhook.go:3464.6,3466.17 2 0
github.com/yi-nology/git-sync-service/biz/model/webhook/webhook.go:3466.17,3467.28 1 0
github.com/yi-nology/git-sync-service/biz/model/webhook/webhook.go:3469.3,3469.33 1 0
github.com/yi-nology/git-sync-service/biz/model/webhook/webhook.go:3469.33,3470.9 1 0
github.com/yi-nology/git-sync-service/biz/model/webhook/webhook.go:3473.3,3473.18 1 0
github.com/yi-nology/git-sync-service/biz/model/webhook/webhook.go:3474.10,3475.36 1 0
github.com/yi-nology/git-sync-service/biz/model/webhook/webhook.go:3475.36,3476.46 1 0
github.com/yi-nology/git-sync-service/biz/model/webhook/webhook.go:3476.46,3477.25 1 0
github.com/yi-nology/git-sync-service/biz/model/webhook/webhook.go:3479.10,3479.56 1 0
github.com/yi-nology/git-sync-service/biz/model/webhook/webhook.go:3479.56,3480.24 1 0
github.com/yi-nology/git-sync-service/biz/model/webhook/webhook.go:3482.10,3483.33 1 0
github.com/yi-nology/git-sync-service/biz/model/webhook/webhook.go:3483.33,3484.46 1 0
github.com/yi-nology/git-sync-service/biz/model/webhook/webhook.go:3484.46,3485.25 1 0
github.com/yi-nology/git-sync-service/biz/model/webhook/webhook.go:3487.10,3487.56 1 0
github.com/yi-nology/git-sync-service/biz/model/webhook/webhook.go:3487.56,3488.24 1 0
github.com/yi-nology/git-sync-service/biz/model/webhook/webhook.go:3490.11,3491.49 1 0
github.com/yi-nology/git-sync-service/biz/model/webhook/webhook.go:3491.49,3492.24 1 0
github.com/yi-nology/git-sync-service/biz/model/webhook/webhook.go:3495.3,3495.45 1 0
github.com/yi-nology/git-sync-service/biz/model/webhook/webhook.go:3495.45,3496.26 1 0
github.com/yi-nology/git-sync-service/biz/model/webhook/webhook.go:3499.2,3499.45 1 0
github.com/yi-nology/git-sync-service/biz/model/webhook/webhook.go:3499.45,3500.26 1 0
github.com/yi-nology/git-sync-service/biz/model/webhook/webhook.go:3503.2,3504.1 2 0
github.com/yi-nology/git-sync-service/biz/model/webhook/webhook.go:3505.2,3506.1 2 0
github.com/yi-nology/git-sync-service/biz/model/webhook/webhook.go:3507.2,3508.1 2 0
github.com/yi-nology/git-sync-service/biz/model/webhook/webhook.go:3509.2,3510.1 2 0
github.com/yi-nology/git-sync-service/biz/model/webhook/webhook.go:3511.2,3513.1 2 0
github.com/yi-nology/git-sync-service/biz/model/webhook/webhook.go:3514.2,3515.1 2 0
github.com/yi-nology/git-sync-service/biz/model/webhook/webhook.go:3516.2,3516.79 1 0
github.com/yi-nology/git-sync-service/biz/model/webhook/webhook.go:3519.66,3522.46 2 0
github.com/yi-nology/git-sync-service/biz/model/webhook/webhook.go:3522.46,3524.3 1 0
github.com/yi-nology/git-sync-service/biz/model/webhook/webhook.go:3524.8,3526.3 1 0
github.com/yi-nology/git-sync-service/biz/model/webhook/webhook.go:3527.2,3528.12 2 0
github.com/yi-nology/git-sync-service/biz/model/webhook/webhook.go:3530.66,3533.43 2 0
github.com/yi-nology/git-sync-service/biz/model/webhook/webhook.go:3533.43,3535.3 1 0
github.com/yi-nology/git-sync-service/biz/model/webhook/webhook.go:3535.8,3537.3 1 0
github.com/yi-nology/git-sync-service/biz/model/webhook/webhook.go:3538.2,3539.12 2 0
github.com/yi-nology/git-sync-service/biz/model/webhook/webhook.go:3542.67,3544.63 2 0
github.com/yi-nology/git-sync-service/biz/model/webhook/webhook.go:3544.63,3545.29 1 0
github.com/yi-nology/git-sync-service/biz/model/webhook/webhook.go:3547.2,3547.14 1 0
github.com/yi-nology/git-sync-service/biz/model/webhook/webhook.go:3547.14,3548.45 1 0
github.com/yi-nology/git-sync-service/biz/model/webhook/webhook.go:3548.45,3550.24 2 0
github.com/yi-nology/git-sync-service/biz/model/webhook/webhook.go:3552.3,3552.45 1 0
github.com/yi-nology/git-sync-service/biz/model/webhook/webhook.go:3552.45,3554.24 2 0
github.com/yi-nology/git-sync-service/biz/model/webhook/webhook.go:3557.2,3557.46 1 0
github.com/yi-nology/git-sync-service/biz/model/webhook/webhook.go:3557.46,3558.27 1 0
github.com/yi-nology/git-sync-service/biz/model/webhook/webhook.go:3560.2,3560.46 1 0
github.com/yi-nology/git-sync-service/biz/model/webhook/webhook.go:3560.46,3561.27 1 0
github.com/yi-nology/git-sync-service/biz/model/webhook/webhook.go:3563.2,3564.1 2 0
github.com/yi-nology/git-sync-service/biz/model/webhook/webhook.go:3565.2,3566.1 2 0
github.com/yi-nology/git-sync-service/biz/model/webhook/webhook.go:3567.2,3568.1 2 0
github.com/yi-nology/git-sync-service/biz/model/webhook/webhook.go:3569.2,3570.1 2 0
github.com/yi-nology/git-sync-service/biz/model/webhook/webhook.go:3571.2,3571.80 1 0
github.com/yi-nology/git-sync-service/biz/model/webhook/webhook.go:3574.73,3575.75 1 0
github.com/yi-nology/git-sync-service/biz/model/webhook/webhook.go:3575.75,3576.28 1 0
github.com/yi-nology/git-sync-service/biz/model/webhook/webhook.go:3578.2,3578.53 1 0
github.com/yi-nology/git-sync-service/biz/model/webhook/webhook.go:3578.53,3580.3 1 0
github.com/yi-nology/git-sync-service/biz/model/webhook/webhook.go:3581.2,3581.45 1 0
github.com/yi-nology/git-sync-service/biz/model/webhook/webhook.go:3581.45,3582.26 1 0
github.com/yi-nology/git-sync-service/biz/model/webhook/webhook.go:3584.2,3585.1 2 0
github.com/yi-nology/git-sync-service/biz/model/webhook/webhook.go:3586.2,3587.1 2 0
github.com/yi-nology/git-sync-service/biz/model/webhook/webhook.go:3588.2,3588.81 1 0
github.com/yi-nology/git-sync-service/biz/model/webhook/webhook.go:3591.73,3592.69 1 0
github.com/yi-nology/git-sync-service/biz/model/webhook/webhook.go:3592.69,3593.28 1 0
github.com/yi-nology/git-sync-service/biz/model/webhook/webhook.go:3595.2,3595.48 1 0
github.com/yi-nology/git-sync-service/biz/model/webhook/webhook.go:3595.48,3597.3 1 0
github.com/yi-nology/git-sync-service/biz/model/webhook/webhook.go:3598.2,3598.45 1 0
github.com/yi-nology/git-sync-service/biz/model/webhook/webhook.go:3598.45,3599.26 1 0
github.com/yi-nology/git-sync-service/biz/model/webhook/webhook.go:3601.2,3602.1 2 0
github.com/yi-nology/git-sync-service/biz/model/webhook/webhook.go:3603.2,3604.1 2 0
github.com/yi-nology/git-sync-service/biz/model/webhook/webhook.go:3605.2,3605.81 1 0
github.com/yi-nology/git-sync-service/biz/model/webhook/webhook.go:3608.41,3609.14 1 0
github.com/yi-nology/git-sync-service/biz/model/webhook/webhook.go:3609.14,3611.3 1 0
github.com/yi-nology/git-sync-service/biz/model/webhook/webhook.go:3612.2,3612.46 1 0
github.com/yi-nology/git-sync-service/biz/model/webhook/webhook.go:3620.42,3622.2 1 0
github.com/yi-nology/git-sync-service/biz/model/webhook/webhook.go:3624.41,3625.2 0 0
github.com/yi-nology/git-sync-service/biz/model/webhook/webhook.go:3627.62,3629.2 1 0
github.com/yi-nology/git-sync-service/biz/model/webhook/webhook.go:3635.67,3640.50 3 0
github.com/yi-nology/git-sync-service/biz/model/webhook/webhook.go:3640.50,3641.28 1 0
github.com/yi-nology/git-sync-service/biz/model/webhook/webhook.go:3644.2,3644.6 1 0
github.com/yi-nology/git-sync-service/biz/model/webhook/webhook.go:3644.6,3646.17 2 0
github.com/yi-nology/git-sync-service/biz/model/webhook/webhook.go:3646.17,3647.28 1 0
github.com/yi-nology/git-sync-service/biz/model/webhook/webhook.go:3649.3,3649.33 1 0
github.com/yi-nology/git-sync-service/biz/model/webhook/webhook.go:3649.33,3650.9 1 0
github.com/yi-nology/git-sync-service/biz/model/webhook/webhook.go:3653.3,3653.18 1 0
github.com/yi-nology/git-sync-service/biz/model/webhook/webhook.go:3654.10,3655.34 1 0
github.com/yi-nology/git-sync-service/biz/model/webhook/webhook.go:3655.34,3656.46 1 0
github.com/yi-nology/git-sync-service/biz/model/webhook/webhook.go:3656.46,3657.25 1 0
github.com/yi-nology/git-sync-service/biz/model/webhook/webhook.go:3659.10,3659.56 1 0
github.com/yi-nology/git-sync-service/biz/model/webhook/webhook.go:3659.56,3660.24 1 0
github.com/yi-nology/git-sync-service/biz/model/webhook/webhook.go:3662.11,3663.49 1 0
github.com/yi-nology/git-sync-service/biz/model/webhook/webhook.go:3663.49,3664.24 1 0
github.com/yi-nology/git-sync-service/biz/model/webhook/webhook.go:3667.3,3667.45 1 0
github.com/yi-nology/git-sync-service/biz/model/webhook/webhook.go:3667.45,3668.26 1 0
github.com/yi-nology/git-sync-service/biz/model/webhook/webhook.go:3671.2,3671.45 1 0
github.com/yi-nology/git-sync-service/biz/model/webhook/webhook.go:3671.45,3672.26 1 0
github.com/yi-nology/git-sync-service/biz/model/webhook/webhook.go:3675.2,3676.1 2 0
github.com/yi-nology/git-sync-service/biz/model/webhook/webhook.go:3677.2,3678.1 2 0
github.com/yi-nology/git-sync-service/biz/model/webhook/webhook.go:3679.2,3680.1 2 0
github.com/yi-nology/git-sync-service/biz/model/webhook/webhook.go:3681.2,3682.1 2 0
github.com/yi-nology/git-sync-service/biz/model/webhook/webhook.go:3683.2,3685.1 2 0
github.com/yi-nology/git-sync-service/biz/model/webhook/webhook.go:3686.2,3687.1 2 0
github.com/yi-nology/git-sync-service/biz/model/webhook/webhook.go:3688.2,3688.79 1 0
github.com/yi-nology/git-sync-service/biz/model/webhook/webhook.go:3691.67,3693.16 2 0
github.com/yi-nology/git-sync-service/biz/model/webhook/webhook.go:3693.16,3695.3 1 0
github.com/yi-nology/git-sync-service/biz/model/webhook/webhook.go:3696.2,3698.28 3 0
github.com/yi-nology/git-sync-service/biz/model/webhook/webhook.go:3698.28,3702.43 3 0
github.com/yi-nology/git-sync-service/biz/model/webhook/webhook.go:3702.43,3704.4 1 0
github.com/yi-nology/git-sync-service/biz/model/webhook/webhook.go:3706.3,3706.33 1 0
github.com/yi-nology/git-sync-service/biz/model/webhook/webhook.go:3708.2,3708.44 1 0
github.com/yi-nology/git-sync-service/biz/model/webhook/webhook.go:3708.44,3710.3 1 0
github.com/yi-nology/git-sync-service/biz/model/webhook/webhook.go:3711.2,3712.12 2 0
github.com/yi-nology/git-sync-service/biz/model/webhook/webhook.go:3715.68,3717.64 2 0
github.com/yi-nology/git-sync-service/biz/model/webhook/webhook.go:3717.64,3718.29 1 0
github.com/yi-nology/git-sync-service/biz/model/webhook/webhook.go:3720.2,3720.14 1 0
github.com/yi-nology/git-sync-service/biz/model/webhook/webhook.go:3720.14,3721.45 1 0
github.com/yi-nology/git-sync-service/biz/model/webhook/webhook.go:3721.45,3723.24 2 0
github.com/yi-nology/git-sync-service/biz/model/webhook/webhook.go:3726.2,3726.46 1 0
github.com/yi-nology/git-sync-service/biz/model/webhook/webhook.go:3726.46,3727.27 1 0
github.com/yi-nology/git-sync-service/biz/model/webhook/webhook.go:3729.2,3729.46 1 0
github.com/yi-nology/git-sync-service/biz/model/webhook/webhook.go:3729.46,3730.27 1 0
github.com/yi-nology/git-sync-service/biz/model/webhook/webhook.go:3732.2,3733.1 2 0
github.com/yi-nology/git-sync-service/biz/model/webhook/webhook.go:3734.2,3735.1 2 0
github.com/yi-nology/git-sync-service/biz/model/webhook/webhook.go:3736.2,3737.1 2 0
github.com/yi-nology/git-sync-service/biz/model/webhook/webhook.go:3738.2,3739.1 2 0
github.com/yi-nology/git-sync-service/biz/model/webhook/webhook.go:3740.2,3740.80 1 0
github.com/yi-nology/git-sync-service/biz/model/webhook/webhook.go:3743.74,3744.71 1 0
github.com/yi-nology/git-sync-service/biz/model/webhook/webhook.go:3744.71,3745.28 1 0
github.com/yi-nology/git-sync-service/biz/model/webhook/webhook.go:3747.2,3747.75 1 0
github.com/yi-nology/git-sync-service/biz/model/webhook/webhook.go:3747.75,3749.3 1 0
github.com/yi-nology/git-sync-service/biz/model/webhook/webhook.go:3750.2,3750.29 1 0
github.com/yi-nology/git-sync-service/biz/model/webhook/webhook.go:3750.29,3751.40 1 0
github.com/yi-nology/git-sync-service/biz/model/webhook/webhook.go:3751.40,3753.4 1 0
github.com/yi-nology/git-sync-service/biz/model/webhook/webhook.go:3755.2,3755.45 1 0
github.com/yi-nology/git-sync-service/biz/model/webhook/webhook.go:3755.45,3757.3 1 0
github.com/yi-nology/git-sync-service/biz/model/webhook/webhook.go:3758.2,3758.45 1 0
github.com/yi-nology/git-sync-service/biz/model/webhook/webhook.go:3758.45,3759.26 1 0
github.com/yi-nology/git-sync-service/biz/model/webhook/webhook.go:3761.2,3762.1 2 0
github.com/yi-nology/git-sync-service/biz/model/webhook/webhook.go:3763.2,3764.1 2 0
github.com/yi-nology/git-sync-service/biz/model/webhook/webhook.go:3765.2,3765.81 1 0
github.com/yi-nology/git-sync-service/biz/model/webhook/webhook.go:3768.42,3769.14 1 0
github.com/yi-nology/git-sync-service/biz/model/webhook/webhook.go:3769.14,3771.3 1 0
github.com/yi-nology/git-sync-service/biz/model/webhook/webhook.go:3772.2,3772.47 1 0
github.com/yi-nology/git-sync-service/biz/model/webhook/webhook.go:3780.40,3782.2 1 0
github.com/yi-nology/git-sync-service/biz/model/webhook/webhook.go:3784.40,3785.2 0 0
github.com/yi-nology/git-sync-service/biz/model/webhook/webhook.go:3787.43,3789.2 1 0
github.com/yi-nology/git-sync-service/biz/model/webhook/webhook.go:3795.66,3800.50 3 0
github.com/yi-nology/git-sync-service/biz/model/webhook/webhook.go:3800.50,3801.28 1 0
github.com/yi-nology/git-sync-service/biz/model/webhook/webhook.go:3804.2,3804.6 1 0
github.com/yi-nology/git-sync-service/biz/model/webhook/webhook.go:3804.6,3806.17 2 0
github.com/yi-nology/git-sync-service/biz/model/webhook/webhook.go:3806.17,3807.28 1 0
github.com/yi-nology/git-sync-service/biz/model/webhook/webhook.go:3809.3,3809.33 1 0
github.com/yi-nology/git-sync-service/biz/model/webhook/webhook.go:3809.33,3810.9 1 0
github.com/yi-nology/git-sync-service/biz/model/webhook/webhook.go:3813.3,3813.18 1 0
github.com/yi-nology/git-sync-service/biz/model/webhook/webhook.go:3814.10,3815.33 1 0
github.com/yi-nology/git-sync-service/biz/model/webhook/webhook.go:3815.33,3816.46 1 0
github.com/yi-nology/git-sync-service/biz/model/webhook/webhook.go:3816.46,3817.25 1 0
github.com/yi-nology/git-sync-service/biz/model/webhook/webhook.go:3819.10,3819.56 1 0
github.com/yi-nology/git-sync-service/biz/model/webhook/webhook.go:3819.56,3820.24 1 0
github.com/yi-nology/git-sync-service/biz/model/webhook/webhook.go:3822.11,3823.49 1 0
github.com/yi-nology/git-sync-service/biz/model/webhook/webhook.go:3823.49,3824.24 1 0
github.com/yi-nology/git-sync-service/biz/model/webhook/webhook.go:3827.3,3827.45 1 0
github.com/yi-nology/git-sync-service/biz/model/webhook/webhook.go:3827.45,3828.26 1 0
github.com/yi-nology/git-sync-service/biz/model/webhook/webhook.go:3831.2,3831.45 1 0
github.com/yi-nology/git-sync-service/biz/model/webhook/webhook.go:3831.45,3832.26 1 0
github.com/yi-nology/git-sync-service/biz/model/webhook/webhook.go:3835.2,3836.1 2 0
github.com/yi-nology/git-sync-service/biz/model/webhook/webhook.go:3837.2,3838.1 2 0
github.com/yi-nology/git-sync-service/biz/model/webhook/webhook.go:3839.2,3840.1 2 0
github.com/yi-nology/git-sync-service/biz/model/webhook/webhook.go:3841.2,3842.1 2 0
github.com/yi-nology/git-sync-service/biz/model/webhook/webhook.go:3843.2,3845.1 2 0
github.com/yi-nology/git-sync-service/biz/model/webhook/webhook.go:3846.2,3847.1 2 0
github.com/yi-nology/git-sync-service/biz/model/webhook/webhook.go:3848.2,3848.79 1 0
github.com/yi-nology/git-sync-service/biz/model/webhook/webhook.go:3851.66,3854.43 2 0
github.com/yi-nology/git-sync-service/biz/model/webhook/webhook.go:3854.43,3856.3 1 0
github.com/yi-nology/git-sync-service/biz/model/webhook/webhook.go:3856.8,3858.3 1 0
github.com/yi-nology/git-sync-service/biz/model/webhook/webhook.go:3859.2,3860.12 2 0
github.com/yi-nology/git-sync-service/biz/model/webhook/webhook.go:3863.67,3865.63 2 0
github.com/yi-nology/git-sync-service/biz/model/webhook/webhook.go:3865.63,3866.29 1 0
github.com/yi-nology/git-sync-service/biz/model/webhook/webhook.go:3868.2,3868.14 1 0
github.com/yi-nology/git-sync-service/biz/model/webhook/webhook.go:3868.14,3869.45 1 0
github.com/yi-nology/git-sync-service/biz/model/webhook/webhook.go:3869.45,3871.24 2 0
github.com/yi-nology/git-sync-service/biz/model/webhook/webhook.go:3874.2,3874.46 1 0
github.com/yi-nology/git-sync-service/biz/model/webhook/webhook.go:3874.46,3875.27 1 0
github.com/yi-nology/git-sync-service/biz/model/webhook/webhook.go:3877.2,3877.46 1 0
github.com/yi-nology/git-sync-service/biz/model/webhook/webhook.go:3877.46,3878.27 1 0
github.com/yi-nology/git-sync-service/biz/model/webhook/webhook.go:3880.2,3881.1 2 0
github.com/yi-nology/git-sync-service/biz/model/webhook/webhook.go:3882.2,3883.1 2 0
github.com/yi-nology/git-sync-service/biz/model/webhook/webhook.go:3884.2,3885.1 2 0
github.com/yi-nology/git-sync-service/biz/model/webhook/webhook.go:3886.2,3887.1 2 0
github.com/yi-nology/git-sync-service/biz/model/webhook/webhook.go:3888.2,3888.80 1 0
github.com/yi-nology/git-sync-service/biz/model/webhook/webhook.go:3891.73,3892.66 1 0
github.com/yi-nology/git-sync-service/biz/model/webhook/webhook.go:3892.66,3893.28 1 0
github.com/yi-nology/git-sync-service/biz/model/webhook/webhook.go:3895.2,3895.45 1 0
github.com/yi-nology/git-sync-service/biz/model/webhook/webhook.go:3895.45,3897.3 1 0
github.com/yi-nology/git-sync-service/biz/model/webhook/webhook.go:3898.2,3898.45 1 0
github.com/yi-nology/git-sync-service/biz/model/webhook/webhook.go:3898.45,3899.26 1 0
github.com/yi-nology/git-sync-service/biz/model/webhook/webhook.go:3901.2,3902.1 2 0
github.com/yi-nology/git-sync-service/biz/model/webhook/webhook.go:3903.2,3904.1 2 0
github.com/yi-nology/git-sync-service/biz/model/webhook/webhook.go:3905.2,3905.81 1 0
github.com/yi-nology/git-sync-service/biz/model/webhook/webhook.go:3908.41,3909.14 1 0
github.com/yi-nology/git-sync-service/biz/model/webhook/webhook.go:3909.14,3911.3 1 0
github.com/yi-nology/git-sync-service/biz/model/webhook/webhook.go:3912.2,3912.46 1 0
github.com/yi-nology/git-sync-service/biz/model/webhook/webhook.go:3921.42,3923.2 1 0
github.com/yi-nology/git-sync-service/biz/model/webhook/webhook.go:3925.41,3926.2 0 0
github.com/yi-nology/git-sync-service/biz/model/webhook/webhook.go:3928.48,3930.2 1 0
github.com/yi-nology/git-sync-service/biz/model/webhook/webhook.go:3932.50,3934.2 1 0
github.com/yi-nology/git-sync-service/biz/model/webhook/webhook.go:3941.67,3946.50 3 0
github.com/yi-nology/git-sync-service/biz/model/webhook/webhook.go:3946.50,3947.28 1 0
github.com/yi-nology/git-sync-service/biz/model/webhook/webhook.go:3950.2,3950.6 1 0
github.com/yi-nology/git-sync-service/biz/model/webhook/webhook.go:3950.6,3952.17 2 0
github.com/yi-nology/git-sync-service/biz/model/webhook/webhook.go:3952.17,3953.28 1 0
github.com/yi-nology/git-sync-service/biz/model/webhook/webhook.go:3955.3,3955.33 1 0
github.com/yi-nology/git-sync-service/biz/model/webhook/webhook.go:3955.33,3956.9 1 0
github.com/yi-nology/git-sync-service/biz/model/webhook/webhook.go:3959.3,3959.18 1 0
github.com/yi-nology/git-sync-service/biz/model/webhook/webhook.go:3960.10,3961.34 1 0
github.com/yi-nology/git-sync-service/biz/model/webhook/webhook.go:3961.34,3962.46 1 0
github.com/yi-nology/git-sync-service/biz/model/webhook/webhook.go:3962.46,3963.25 1 0
github.com/yi-nology/git-sync-service/biz/model/webhook/webhook.go:3965.10,3965.56 1 0
github.com/yi-nology/git-sync-service/biz/model/webhook/webhook.go:3965.56,3966.24 1 0
github.com/yi-nology/git-sync-service/biz/model/webhook/webhook.go:3968.10,3969.36 1 0
github.com/yi-nology/git-sync-service/biz/model/webhook/webhook.go:3969.36,3970.46 1 0
github.com/yi-nology/git-sync-service/biz/model/webhook/webhook.go:3970.46,3971.25 1 0
github.com/yi-nology/git-sync-service/biz/model/webhook/webhook.go:3973.10,3973.56 1 0
github.com/yi-nology/git-sync-service/biz/model/webhook/webhook.go:3973.56,3974.24 1 0
github.com/yi-nology/git-sync-service/biz/model/webhook/webhook.go:3976.11,3977.49 1 0
github.com/yi-nology/git-sync-service/biz/model/webhook/webhook.go:3977.49,3978.24 1 0
github.com/yi-nology/git-sync-service/biz/model/webhook/webhook.go:3981.3,3981.45 1 0
github.com/yi-nology/git-sync-service/biz/model/webhook/webhook.go:3981.45,3982.26 1 0
github.com/yi-nology/git-sync-service/biz/model/webhook/webhook.go:3985.2,3985.45 1 0
github.com/yi-nology/git-sync-service/biz/model/webhook/webhook.go:3985.45,3986.26 1 0
github.com/yi-nology/git-sync-service/biz/model/webhook/webhook.go:3989.2,3990.1 2 0
github.com/yi-nology/git-sync-service/biz/model/webhook/webhook.go:3991.2,3992.1 2 0
github.com/yi-nology/git-sync-service/biz/model/webhook/webhook.go:3993.2,3994.1 2 0
github.com/yi-nology/git-sync-service/biz/model/webhook/webhook.go:3995.2,3996.1 2 0
github.com/yi-nology/git-sync-service/biz/model/webhook/webhook.go:3997.2,3999.1 2 0
github.com/yi-nology/git-sync-service/biz/model/webhook/webhook.go:4000.2,4001.1 2 0
github.com/yi-nology/git-sync-service/biz/model/webhook/webhook.go:4002.2,4002.79 1 0
github.com/yi-nology/git-sync-service/biz/model/webhook/webhook.go:4005.67,4008.44 2 0
github.com/yi-nology/git-sync-service/biz/model/webhook/webhook.go:4008.44,4010.3 1 0
github.com/yi-nology/git-sync-service/biz/model/webhook/webhook.go:4010.8,4012.3 1 0
github.com/yi-nology/git-sync-service/biz/model/webhook/webhook.go:4013.2,4014.12 2 0
github.com/yi-nology/git-sync-service/biz/model/webhook/webhook.go:4016.67,4019.46 2 0
github.com/yi-nology/git-sync-service/biz/model/webhook/webhook.go:4019.46,4021.3 1 0
github.com/yi-nology/git-sync-service/biz/model/webhook/webhook.go:4021.8,4023.3 1 0
github.com/yi-nology/git-sync-service/biz/model/webhook/webhook.go:4024.2,4025.12 2 0
github.com/yi-nology/git-sync-service/biz/model/webhook/webhook.go:4028.68,4030.64 2 0
github.com/yi-nology/git-sync-service/biz/model/webhook/webhook.go:4030.64,4031.29 1 0
github.com/yi-nology/git-sync-service/biz/model/webhook/webhook.go:4033.2,4033.14 1 0
github.com/yi-nology/git-sync-service/biz/model/webhook/webhook.go:4033.14,4034.45 1 0
github.com/yi-nology/git-sync-service/biz/model/webhook/webhook.go:4034.45,4036.24 2 0
github.com/yi-nology/git-sync-service/biz/model/webhook/webhook.go:4038.3,4038.45 1 0
github.com/yi-nology/git-sync-service/biz/model/webhook/webhook.go:4038.45,4040.24 2 0
github.com/yi-nology/git-sync-service/biz/model/webhook/webhook.go:4043.2,4043.46 1 0
github.com/yi-nology/git-sync-service/biz/model/webhook/webhook.go:4043.46,4044.27 1 0
github.com/yi-nology/git-sync-service/biz/model/webhook/webhook.go:4046.2,4046.46 1 0
github.com/yi-nology/git-sync-service/biz/model/webhook/webhook.go:4046.46,4047.27 1 0
github.com/yi-nology/git-sync-service/biz/model/webhook/webhook.go:4049.2,4050.1 2 0
github.com/yi-nology/git-sync-service/biz/model/webhook/webhook.go:4051.2,4052.1 2 0
github.com/yi-nology/git-sync-service/biz/model/webhook/webhook.go:4053.2,4054.1 2 0
github.com/yi-nology/git-sync-service/biz/model/webhook/webhook.go:4055.2,4056.1 2 0
github.com/yi-nology/git-sync-service/biz/model/webhook/webhook.go:4057.2,4057.80 1 0
github.com/yi-nology/git-sync-service/biz/model/webhook/webhook.go:4060.74,4061.72 1 0
github.com/yi-nology/git-sync-service/biz/model/webhook/webhook.go:4061.72,4062.28 1 0
github.com/yi-nology/git-sync-service/biz/model/webhook/webhook.go:4064.2,4064.51 1 0
github.com/yi-nology/git-sync-service/biz/model/webhook/webhook.go:4064.51,4066.3 1 0
github.com/yi-nology/git-sync-service/biz/model/webhook/webhook.go:4067.2,4067.45 1 0
github.com/yi-nology/git-sync-service/biz/model/webhook/webhook.go:4067.45,4068.26 1 0
github.com/yi-nology/git-sync-service/biz/model/webhook/webhook.go:4070.2,4071.1 2 0
github.com/yi-nology/git-sync-service/biz/model/webhook/webhook.go:4072.2,4073.1 2 0
github.com/yi-nology/git-sync-service/biz/model/webhook/webhook.go:4074.2,4074.81 1 0
github.com/yi-nology/git-sync-service/biz/model/webhook/webhook.go:4077.74,4078.74 1 0
github.com/yi-nology/git-sync-service/biz/model/webhook/webhook.go:4078.74,4079.28 1 0
github.com/yi-nology/git-sync-service/biz/model/webhook/webhook.go:4081.2,4081.53 1 0
github.com/yi-nology/git-sync-service/biz/model/webhook/webhook.go:4081.53,4083.3 1 0
github.com/yi-nology/git-sync-service/biz/model/webhook/webhook.go:4084.2,4084.45 1 0
github.com/yi-nology/git-sync-service/biz/model/webhook/webhook.go:4084.45,4085.26 1 0
github.com/yi-nology/git-sync-service/biz/model/webhook/webhook.go:4087.2,4088.1 2 0
github.com/yi-nology/git-sync-service/biz/model/webhook/webhook.go:4089.2,4090.1 2 0
github.com/yi-nology/git-sync-service/biz/model/webhook/webhook.go:4091.2,4091.81 1 0
github.com/yi-nology/git-sync-service/biz/model/webhook/webhook.go:4094.42,4095.14 1 0
github.com/yi-nology/git-sync-service/biz/model/webhook/webhook.go:4095.14,4097.3 1 0
github.com/yi-nology/git-sync-service/biz/model/webhook/webhook.go:4098.2,4098.47 1 0
github.com/yi-nology/git-sync-service/biz/model/repo/repo.go:24.30,26.2 1 0
github.com/yi-nology/git-sync-service/biz/model/repo/repo.go:28.35,29.2 0 0
github.com/yi-nology/git-sync-service/biz/model/repo/repo.go:31.38,33.2 1 0
github.com/yi-nology/git-sync-service/biz/model/repo/repo.go:35.40,37.2 1 0
github.com/yi-nology/git-sync-service/biz/model/repo/repo.go:39.41,41.2 1 0
github.com/yi-nology/git-sync-service/biz/model/repo/repo.go:43.45,45.2 1 0
github.com/yi-nology/git-sync-service/biz/model/repo/repo.go:47.50,49.2 1 0
github.com/yi-nology/git-sync-service/biz/model/repo/repo.go:51.49,53.2 1 0
github.com/yi-nology/git-sync-service/biz/model/repo/repo.go:55.45,57.2 1 0
github.com/yi-nology/git-sync-service/biz/model/repo/repo.go:59.43,61.2 1 0
github.com/yi-nology/git-sync-service/biz/model/repo/repo.go:63.50,65.2 1 0
github.com/yi-nology/git-sync-service/biz/model/repo/repo.go:67.43,69.2 1 0
github.com/yi-nology/git-sync-service/biz/model/repo/repo.go:71.46,73.2 1 0
github.com/yi-nology/git-sync-service/biz/model/repo/repo.go:89.61,94.50 3 0
github.com/yi-nology/git-sync-service/biz/model/repo/repo.go:94.50,95.28 1 0
github.com/yi-nology/git-sync-service/biz/model/repo/repo.go:98.2,98.6 1 0
github.com/yi-nology/git-sync-service/biz/model/repo/repo.go:98.6,100.17 2 0
github.com/yi-nology/git-sync-service/biz/model/repo/repo.go:100.17,101.28 1 0
github.com/yi-nology/git-sync-service/biz/model/repo/repo.go:103.3,103.33 1 0
github.com/yi-nology/git-sync-service/biz/model/repo/repo.go:103.33,104.9 1 0
github.com/yi-nology/git-sync-service/biz/model/repo/repo.go:107.3,107.18 1 0
github.com/yi-nology/git-sync-service/biz/model/repo/repo.go:108.10,109.33 1 0
github.com/yi-nology/git-sync-service/biz/model/repo/repo.go:109.33,110.46 1 0
github.com/yi-nology/git-sync-service/biz/model/repo/repo.go:110.46,111.25 1 0
github.com/yi-nology/git-sync-service/biz/model/repo/repo.go:113.10,113.56 1 0
github.com/yi-nology/git-sync-service/biz/model/repo/repo.go:113.56,114.24 1 0
github.com/yi-nology/git-sync-service/biz/model/repo/repo.go:116.10,117.36 1 0
github.com/yi-nology/git-sync-service/biz/model/repo/repo.go:117.36,118.46 1 0
github.com/yi-nology/git-sync-service/biz/model/repo/repo.go:118.46,119.25 1 0
github.com/yi-nology/git-sync-service/biz/model/repo/repo.go:121.10,121.56 1 0
github.com/yi-nology/git-sync-service/biz/model/repo/repo.go:121.56,122.24 1 0
github.com/yi-nology/git-sync-service/biz/model/repo/repo.go:124.10,125.36 1 0
github.com/yi-nology/git-sync-service/biz/model/repo/repo.go:125.36,126.46 1 0
github.com/yi-nology/git-sync-service/biz/model/repo/repo.go:126.46,127.25 1 0
github.com/yi-nology/git-sync-service/biz/model/repo/repo.go:129.10,129.56 1 0
github.com/yi-nology/git-sync-service/biz/model/repo/repo.go:129.56,130.24 1 0
github.com/yi-nology/git-sync-service/biz/model/repo/repo.go:132.10,133.36 1 0
github.com/yi-nology/git-sync-service/biz/model/repo/repo.go:133.36,134.46 1 0
github.com/yi-nology/git-sync-service/biz/model/repo/repo.go:134.46,135.25 1 0
github.com/yi-nology/git-sync-service/biz/model/repo/repo.go:137.10,137.56 1 0
github.com/yi-nology/git-sync-service/biz/model/repo/repo.go:137.56,138.24 1 0
github.com/yi-nology/git-sync-service/biz/model/repo/repo.go:140.10,141.36 1 0
github.com/yi-nology/git-sync-service/biz/model/repo/repo.go:141.36,142.46 1 0
github.com/yi-nology/git-sync-service/biz/model/repo/repo.go:142.46,143.25 1 0
github.com/yi-nology/git-sync-service/biz/model/repo/repo.go:145.10,145.56 1 0
github.com/yi-nology/git-sync-service/biz/model/repo/repo.go:145.56,146.24 1 0
github.com/yi-nology/git-sync-service/biz/model/repo/repo.go:148.10,149.36 1 0
github.com/yi-nology/git-sync-service/biz/model/repo/repo.go:149.36,150.46 1 0
github.com/yi-nology/git-sync-service/biz/model/repo/repo.go:150.46,151.25 1 0
github.com/yi-nology/git-sync-service/biz/model/repo/repo.go:153.10,153.56 1 0
github.com/yi-nology/git-sync-service/biz/model/repo/repo.go:153.56,154.24 1 0
github.com/yi-nology/git-sync-service/biz/model/repo/repo.go:156.10,157.36 1 0
github.com/yi-nology/git-sync-service/biz/model/repo/repo.go:157.36,158.46 1 0
github.com/yi-nology/git-sync-service/biz/model/repo/repo.go:158.46,159.25 1 0
github.com/yi-nology/git-sync-service/biz/model/repo/repo.go:161.10,161.56 1 0
github.com/yi-nology/git-sync-service/biz/model/repo/repo.go:161.56,162.24 1 0
github.com/yi-nology/git-sync-service/biz/model/repo/repo.go:164.10,165.36 1 0
github.com/yi-nology/git-sync-service/biz/model/repo/repo.go:165.36,166.46 1 0
github.com/yi-nology/git-sync-service/biz/model/repo/repo.go:166.46,167.25 1 0
github.com/yi-nology/git-sync-service/biz/model/repo/repo.go:169.10,169.56 1 0
github.com/yi-nology/git-sync-service/biz/model/repo/repo.go:169.56,170.24 1 0
github.com/yi-nology/git-sync-service/biz/model/repo/repo.go:172.10,173.36 1 0
github.com/yi-nology/git-sync-service/biz/model/repo/repo.go:173.36,174.46 1 0
github.com/yi-nology/git-sync-service/biz/model/repo/repo.go:174.46,175.25 1 0
github.com/yi-nology/git-sync-service/biz/model/repo/repo.go:177.10,177.56 1 0
github.com/yi-nology/git-sync-service/biz/model/repo/repo.go:177.56,178.24 1 0
github.com/yi-nology/git-sync-service/biz/model/repo/repo.go:180.11,181.36 1 0
github.com/yi-nology/git-sync-service/biz/model/repo/repo.go:181.36,182.47 1 0
github.com/yi-nology/git-sync-service/biz/model/repo/repo.go:182.47,183.25 1 0
github.com/yi-nology/git-sync-service/biz/model/repo/repo.go:185.10,185.56 1 0
github.com/yi-nology/git-sync-service/biz/model/repo/repo.go:185.56,186.24 1 0
github.com/yi-nology/git-sync-service/biz/model/repo/repo.go:188.11,189.36 1 0
github.com/yi-nology/git-sync-service/biz/model/repo/repo.go:189.36,190.47 1 0
github.com/yi-nology/git-sync-service/biz/model/repo/repo.go:190.47,191.25 1 0
github.com/yi-nology/git-sync-service/biz/model/repo/repo.go:193.10,193.56 1 0
github.com/yi-nology/git-sync-service/biz/model/repo/repo.go:193.56,194.24 1 0
github.com/yi-nology/git-sync-service/biz/model/repo/repo.go:196.11,197.49 1 0
github.com/yi-nology/git-sync-service/biz/model/repo/repo.go:197.49,198.24 1 0
github.com/yi-nology/git-sync-service/biz/model/repo/repo.go:201.3,201.45 1 0
github.com/yi-nology/git-sync-service/biz/model/repo/repo.go:201.45,202.26 1 0
github.com/yi-nology/git-sync-service/biz/model/repo/repo.go:205.2,205.45 1 0
github.com/yi-nology/git-sync-service/biz/model/repo/repo.go:205.45,206.26 1 0
github.com/yi-nology/git-sync-service/biz/model/repo/repo.go:209.2,210.1 2 0
github.com/yi-nology/git-sync-service/biz/model/repo/repo.go:211.2,212.1 2 0
github.com/yi-nology/git-sync-service/biz/model/repo/repo.go:213.2,214.1 2 0
github.com/yi-nology/git-sync-service/biz/model/repo/repo.go:215.2,216.1 2 0
github.com/yi-nology/git-sync-service/biz/model/repo/repo.go:217.2,219.1 2 0
github.com/yi-nology/git-sync-service/biz/model/repo/repo.go:220.2,221.1 2 0
github.com/yi-nology/git-sync-service/biz/model/repo/repo.go:222.2,222.79 1 0
github.com/yi-nology/git-sync-service/biz/model/repo/repo.go:225.61,228.43 2 0
github.com/yi-nology/git-sync-service/biz/model/repo/repo.go:228.43,230.3 1 0
github.com/yi-nology/git-sync-service/biz/model/repo/repo.go:230.8,232.3 1 0
github.com/yi-nology/git-sync-service/biz/model/repo/repo.go:233.2,234.12 2 0
github.com/yi-nology/git-sync-service/biz/model/repo/repo.go:236.61,239.46 2 0
github.com/yi-nology/git-sync-service/biz/model/repo/repo.go:239.46,241.3 1 0
github.com/yi-nology/git-sync-service/biz/model/repo/repo.go:241.8,243.3 1 0
github.com/yi-nology/git-sync-service/biz/model/repo/repo.go:244.2,245.12 2 0
github.com/yi-nology/git-sync-service/biz/model/repo/repo.go:247.61,250.46 2 0
github.com/yi-nology/git-sync-service/biz/model/repo/repo.go:250.46,252.3 1 0
github.com/yi-nology/git-sync-service/biz/model/repo/repo.go:252.8,254.3 1 0
github.com/yi-nology/git-sync-service/biz/model/repo/repo.go:255.2,256.12 2 0
github.com/yi-nology/git-sync-service/biz/model/repo/repo.go:258.61,261.46 2 0
github.com/yi-nology/git-sync-service/biz/model/repo/repo.go:261.46,263.3 1 0
github.com/yi-nology/git-sync-service/biz/model/repo/repo.go:263.8,265.3 1 0
github.com/yi-nology/git-sync-service/biz/model/repo/repo.go:266.2,267.12 2 0
github.com/yi-nology/git-sync-service/biz/model/repo/repo.go:269.61,272.46 2 0
github.com/yi-nology/git-sync-service/biz/model/repo/repo.go:272.46,274.3 1 0
github.com/yi-nology/git-sync-service/biz/model/repo/repo.go:274.8,276.3 1 0
github.com/yi-nology/git-sync-service/biz/model/repo/repo.go:277.2,278.12 2 0
github.com/yi-nology/git-sync-service/biz/model/repo/repo.go:280.61,283.46 2 0
github.com/yi-nology/git-sync-service/biz/model/repo/repo.go:283.46,285.3 1 0
github.com/yi-nology/git-sync-service/biz/model/repo/repo.go:285.8,287.3 1 0
github.com/yi-nology/git-sync-service/biz/model/repo/repo.go:288.2,289.12 2 0
github.com/yi-nology/git-sync-service/biz/model/repo/repo.go:291.61,294.46 2 0
github.com/yi-nology/git-sync-service/biz/model/repo/repo.go:294.46,296.3 1 0
github.com/yi-nology/git-sync-service/biz/model/repo/repo.go:296.8,298.3 1 0
github.com/yi-nology/git-sync-service/biz/model/repo/repo.go:299.2,300.12 2 0
github.com/yi-nology/git-sync-service/biz/model/repo/repo.go:302.61,305.46 2 0
github.com/yi-nology/git-sync-service/biz/model/repo/repo.go:305.46,307.3 1 0
github.com/yi-nology/git-sync-service/biz/model/repo/repo.go:307.8,309.3 1 0
github.com/yi-nology/git-sync-service/biz/model/repo/repo.go:310.2,311.12 2 0
github.com/yi-nology/git-sync-service/biz/model/repo/repo.go:313.61,316.46 2 0
github.com/yi-nology/git-sync-service/biz/model/repo/repo.go:316.46,318.3 1 0
github.com/yi-nology/git-sync-service/biz/model/repo/repo.go:318.8,320.3 1 0
github.com/yi-nology/git-sync-service/biz/model/repo/repo.go:321.2,322.12 2 0
github.com/yi-nology/git-sync-service/biz/model/repo/repo.go:324.62,327.46 2 0
github.com/yi-nology/git-sync-service/biz/model/repo/repo.go:327.46,329.3 1 0
github.com/yi-nology/git-sync-service/biz/model/repo/repo.go:329.8,331.3 1 0
github.com/yi-nology/git-sync-service/biz/model/repo/repo.go:332.2,333.12 2 0
github.com/yi-nology/git-sync-service/biz/model/repo/repo.go:335.62,338.46 2 0
github.com/yi-nology/git-sync-service/biz/model/repo/repo.go:338.46,340.3 1 0
github.com/yi-nology/git-sync-service/biz/model/repo/repo.go:340.8,342.3 1 0
github.com/yi-nology/git-sync-service/biz/model/repo/repo.go:343.2,344.12 2 0
github.com/yi-nology/git-sync-service/biz/model/repo/repo.go:347.62,349.58 2 0
github.com/yi-nology/git-sync-service/biz/model/repo/repo.go:349.58,350.29 1 0
github.com/yi-nology/git-sync-service/biz/model/repo/repo.go:352.2,352.14 1 0
github.com/yi-nology/git-sync-service/biz/model/repo/repo.go:352.14,353.45 1 0
github.com/yi-nology/git-sync-service/biz/model/repo/repo.go:353.45,355.24 2 0
github.com/yi-nology/git-sync-service/biz/model/repo/repo.go:357.3,357.45 1 0
github.com/yi-nology/git-sync-service/biz/model/repo/repo.go:357.45,359.24 2 0
github.com/yi-nology/git-sync-service/biz/model/repo/repo.go:361.3,361.45 1 0
github.com/yi-nology/git-sync-service/biz/model/repo/repo.go:361.45,363.24 2 0
github.com/yi-nology/git-sync-service/biz/model/repo/repo.go:365.3,365.45 1 0
github.com/yi-nology/git-sync-service/biz/model/repo/repo.go:365.45,367.24 2 0
github.com/yi-nology/git-sync-service/biz/model/repo/repo.go:369.3,369.45 1 0
github.com/yi-nology/git-sync-service/biz/model/repo/repo.go:369.45,371.24 2 0
github.com/yi-nology/git-sync-service/biz/model/repo/repo.go:373.3,373.45 1 0
github.com/yi-nology/git-sync-service/biz/model/repo/repo.go:373.45,375.24 2 0
github.com/yi-nology/git-sync-service/biz/model/repo/repo.go:377.3,377.45 1 0
github.com/yi-nology/git-sync-service/biz/model/repo/repo.go:377.45,379.24 2 0
github.com/yi-nology/git-sync-service/biz/model/repo/repo.go:381.3,381.45 1 0
github.com/yi-nology/git-sync-service/biz/model/repo/repo.go:381.45,383.24 2 0
github.com/yi-nology/git-sync-service/biz/model/repo/repo.go:385.3,385.45 1 0
github.com/yi-nology/git-sync-service/biz/model/repo/repo.go:385.45,387.24 2 0
github.com/yi-nology/git-sync-service/biz/model/repo/repo.go:389.3,389.46 1 0
github.com/yi-nology/git-sync-service/biz/model/repo/repo.go:389.46,391.24 2 0
github.com/yi-nology/git-sync-service/biz/model/repo/repo.go:393.3,393.46 1 0
github.com/yi-nology/git-sync-service/biz/model/repo/repo.go:393.46,395.24 2 0
github.com/yi-nology/git-sync-service/biz/model/repo/repo.go:398.2,398.46 1 0
github.com/yi-nology/git-sync-service/biz/model/repo/repo.go:398.46,399.27 1 0
github.com/yi-nology/git-sync-service/biz/model/repo/repo.go:401.2,401.46 1 0
github.com/yi-nology/git-sync-service/biz/model/repo/repo.go:401.46,402.27 1 0
github.com/yi-nology/git-sync-service/biz/model/repo/repo.go:404.2,405.1 2 0
github.com/yi-nology/git-sync-service/biz/model/repo/repo.go:406.2,407.1 2 0
github.com/yi-nology/git-sync-service/biz/model/repo/repo.go:408.2,409.1 2 0
github.com/yi-nology/git-sync-service/biz/model/repo/repo.go:410.2,411.1 2 0
github.com/yi-nology/git-sync-service/biz/model/repo/repo.go:412.2,412.80 1 0
github.com/yi-nology/git-sync-service/biz/model/repo/repo.go:415.68,416.66 1 0
github.com/yi-nology/git-sync-service/biz/model/repo/repo.go:416.66,417.28 1 0
github.com/yi-nology/git-sync-service/biz/model/repo/repo.go:419.2,419.45 1 0
github.com/yi-nology/git-sync-service/biz/model/repo/repo.go:419.45,421.3 1 0
github.com/yi-nology/git-sync-service/biz/model/repo/repo.go:422.2,422.45 1 0
github.com/yi-nology/git-sync-service/biz/model/repo/repo.go:422.45,423.26 1 0
github.com/yi-nology/git-sync-service/biz/model/repo/repo.go:425.2,426.1 2 0
github.com/yi-nology/git-sync-service/biz/model/repo/repo.go:427.2,428.1 2 0
github.com/yi-nology/git-sync-service/biz/model/repo/repo.go:429.2,429.81 1 0
github.com/yi-nology/git-sync-service/biz/model/repo/repo.go:432.68,433.70 1 0
github.com/yi-nology/git-sync-service/biz/model/repo/repo.go:433.70,434.28 1 0
github.com/yi-nology/git-sync-service/biz/model/repo/repo.go:436.2,436.49 1 0
github.com/yi-nology/git-sync-service/biz/model/repo/repo.go:436.49,438.3 1 0
github.com/yi-nology/git-sync-service/biz/model/repo/repo.go:439.2,439.45 1 0
github.com/yi-nology/git-sync-service/biz/model/repo/repo.go:439.45,440.26 1 0
github.com/yi-nology/git-sync-service/biz/model/repo/repo.go:442.2,443.1 2 0
github.com/yi-nology/git-sync-service/biz/model/repo/repo.go:444.2,445.1 2 0
github.com/yi-nology/git-sync-service/biz/model/repo/repo.go:446.2,446.81 1 0
github.com/yi-nology/git-sync-service/biz/model/repo/repo.go:449.68,450.71 1 0
github.com/yi-nology/git-sync-service/biz/model/repo/repo.go:450.71,451.28 1 0
github.com/yi-nology/git-sync-service/biz/model/repo/repo.go:453.2,453.50 1 0
github.com/yi-nology/git-sync-service/biz/model/repo/repo.go:453.50,455.3 1 0
github.com/yi-nology/git-sync-service/biz/model/repo/repo.go:456.2,456.45 1 0
github.com/yi-nology/git-sync-service/biz/model/repo/repo.go:456.45,457.26 1 0
github.com/yi-nology/git-sync-service/biz/model/repo/repo.go:459.2,460.1 2 0
github.com/yi-nology/git-sync-service/biz/model/repo/repo.go:461.2,462.1 2 0
github.com/yi-nology/git-sync-service/biz/model/repo/repo.go:463.2,463.81 1 0
github.com/yi-nology/git-sync-service/biz/model/repo/repo.go:466.68,467.75 1 0
github.com/yi-nology/git-sync-service/biz/model/repo/repo.go:467.75,468.28 1 0
github.com/yi-nology/git-sync-service/biz/model/repo/repo.go:470.2,470.54 1 0
github.com/yi-nology/git-sync-service/biz/model/repo/repo.go:470.54,472.3 1 0
github.com/yi-nology/git-sync-service/biz/model/repo/repo.go:473.2,473.45 1 0
github.com/yi-nology/git-sync-service/biz/model/repo/repo.go:473.45,474.26 1 0
github.com/yi-nology/git-sync-service/biz/model/repo/repo.go:476.2,477.1 2 0
github.com/yi-nology/git-sync-service/biz/model/repo/repo.go:478.2,479.1 2 0
github.com/yi-nology/git-sync-service/biz/model/repo/repo.go:480.2,480.81 1 0
github.com/yi-nology/git-sync-service/biz/model/repo/repo.go:483.68,484.81 1 0
github.com/yi-nology/git-sync-service/biz/model/repo/repo.go:484.81,485.28 1 0
github.com/yi-nology/git-sync-service/biz/model/repo/repo.go:487.2,487.59 1 0
github.com/yi-nology/git-sync-service/biz/model/repo/repo.go:487.59,489.3 1 0
github.com/yi-nology/git-sync-service/biz/model/repo/repo.go:490.2,490.45 1 0
github.com/yi-nology/git-sync-service/biz/model/repo/repo.go:490.45,491.26 1 0
github.com/yi-nology/git-sync-service/biz/model/repo/repo.go:493.2,494.1 2 0
github.com/yi-nology/git-sync-service/biz/model/repo/repo.go:495.2,496.1 2 0
github.com/yi-nology/git-sync-service/biz/model/repo/repo.go:497.2,497.81 1 0
github.com/yi-nology/git-sync-service/biz/model/repo/repo.go:500.68,501.80 1 0
github.com/yi-nology/git-sync-service/biz/model/repo/repo.go:501.80,502.28 1 0
github.com/yi-nology/git-sync-service/biz/model/repo/repo.go:504.2,504.58 1 0
github.com/yi-nology/git-sync-service/biz/model/repo/repo.go:504.58,506.3 1 0
github.com/yi-nology/git-sync-service/biz/model/repo/repo.go:507.2,507.45 1 0
github.com/yi-nology/git-sync-service/biz/model/repo/repo.go:507.45,508.26 1 0
github.com/yi-nology/git-sync-service/biz/model/repo/repo.go:510.2,511.1 2 0
github.com/yi-nology/git-sync-service/biz/model/repo/repo.go:512.2,513.1 2 0
github.com/yi-nology/git-sync-service/biz/model/repo/repo.go:514.2,514.81 1 0
github.com/yi-nology/git-sync-service/biz/model/repo/repo.go:517.68,518.76 1 0
github.com/yi-nology/git-sync-service/biz/model/repo/repo.go:518.76,519.28 1 0
github.com/yi-nology/git-sync-service/biz/model/repo/repo.go:521.2,521.54 1 0
github.com/yi-nology/git-sync-service/biz/model/repo/repo.go:521.54,523.3 1 0
github.com/yi-nology/git-sync-service/biz/model/repo/repo.go:524.2,524.45 1 0
github.com/yi-nology/git-sync-service/biz/model/repo/repo.go:524.45,525.26 1 0
github.com/yi-nology/git-sync-service/biz/model/repo/repo.go:527.2,528.1 2 0
github.com/yi-nology/git-sync-service/biz/model/repo/repo.go:529.2,530.1 2 0
github.com/yi-nology/git-sync-service/biz/model/repo/repo.go:531.2,531.81 1 0
github.com/yi-nology/git-sync-service/biz/model/repo/repo.go:534.68,535.74 1 0
github.com/yi-nology/git-sync-service/biz/model/repo/repo.go:535.74,536.28 1 0
github.com/yi-nology/git-sync-service/biz/model/repo/repo.go:538.2,538.52 1 0
github.com/yi-nology/git-sync-service/biz/model/repo/repo.go:538.52,540.3 1 0
github.com/yi-nology/git-sync-service/biz/model/repo/repo.go:541.2,541.45 1 0
github.com/yi-nology/git-sync-service/biz/model/repo/repo.go:541.45,542.26 1 0
github.com/yi-nology/git-sync-service/biz/model/repo/repo.go:544.2,545.1 2 0
github.com/yi-nology/git-sync-service/biz/model/repo/repo.go:546.2,547.1 2 0
github.com/yi-nology/git-sync-service/biz/model/repo/repo.go:548.2,548.81 1 0
github.com/yi-nology/git-sync-service/biz/model/repo/repo.go:551.68,552.81 1 0
github.com/yi-nology/git-sync-service/biz/model/repo/repo.go:552.81,553.28 1 0
github.com/yi-nology/git-sync-service/biz/model/repo/repo.go:555.2,555.59 1 0
github.com/yi-nology/git-sync-service/biz/model/repo/repo.go:555.59,557.3 1 0
github.com/yi-nology/git-sync-service/biz/model/repo/repo.go:558.2,558.45 1 0
github.com/yi-nology/git-sync-service/biz/model/repo/repo.go:558.45,559.26 1 0
github.com/yi-nology/git-sync-service/biz/model/repo/repo.go:561.2,562.1 2 0
github.com/yi-nology/git-sync-service/biz/model/repo/repo.go:563.2,564.1 2 0
github.com/yi-nology/git-sync-service/biz/model/repo/repo.go:565.2,565.81 1 0
github.com/yi-nology/git-sync-service/biz/model/repo/repo.go:568.69,569.74 1 0
github.com/yi-nology/git-sync-service/biz/model/repo/repo.go:569.74,570.28 1 0
github.com/yi-nology/git-sync-service/biz/model/repo/repo.go:572.2,572.52 1 0
github.com/yi-nology/git-sync-service/biz/model/repo/repo.go:572.52,574.3 1 0
github.com/yi-nology/git-sync-service/biz/model/repo/repo.go:575.2,575.45 1 0
github.com/yi-nology/git-sync-service/biz/model/repo/repo.go:575.45,576.26 1 0
github.com/yi-nology/git-sync-service/biz/model/repo/repo.go:578.2,579.1 2 0
github.com/yi-nology/git-sync-service/biz/model/repo/repo.go:580.2,581.1 2 0
github.com/yi-nology/git-sync-service/biz/model/repo/repo.go:582.2,582.82 1 0
github.com/yi-nology/git-sync-service/biz/model/repo/repo.go:585.69,586.78 1 0
github.com/yi-nology/git-sync-service/biz/model/repo/repo.go:586.78,587.28 1 0
github.com/yi-nology/git-sync-service/biz/model/repo/repo.go:589.2,589.55 1 0
github.com/yi-nology/git-sync-service/biz/model/repo/repo.go:589.55,591.3 1 0
github.com/yi-nology/git-sync-service/biz/model/repo/repo.go:592.2,592.45 1 0
github.com/yi-nology/git-sync-service/biz/model/repo/repo.go:592.45,593.26 1 0
github.com/yi-nology/git-sync-service/biz/model/repo/repo.go:595.2,596.1 2 0
github.com/yi-nology/git-sync-service/biz/model/repo/repo.go:597.2,598.1 2 0
github.com/yi-nology/git-sync-service/biz/model/repo/repo.go:599.2,599.82 1 0
github.com/yi-nology/git-sync-service/biz/model/repo/repo.go:602.36,603.14 1 0
github.com/yi-nology/git-sync-service/biz/model/repo/repo.go:603.14,605.3 1 0
github.com/yi-nology/git-sync-service/biz/model/repo/repo.go:606.2,606.41 1 0
github.com/yi-nology/git-sync-service/biz/model/repo/repo.go:615.38,617.2 1 0
github.com/yi-nology/git-sync-service/biz/model/repo/repo.go:619.39,620.2 0 0
github.com/yi-nology/git-sync-service/biz/model/repo/repo.go:622.44,624.2 1 0
github.com/yi-nology/git-sync-service/biz/model/repo/repo.go:626.48,628.2 1 0
github.com/yi-nology/git-sync-service/biz/model/repo/repo.go:635.65,640.50 3 0
github.com/yi-nology/git-sync-service/biz/model/repo/repo.go:640.50,641.28 1 0
github.com/yi-nology/git-sync-service/biz/model/repo/repo.go:644.2,644.6 1 0
github.com/yi-nology/git-sync-service/biz/model/repo/repo.go:644.6,646.17 2 0
github.com/yi-nology/git-sync-service/biz/model/repo/repo.go:646.17,647.28 1 0
github.com/yi-nology/git-sync-service/biz/model/repo/repo.go:649.3,649.33 1 0
github.com/yi-nology/git-sync-service/biz/model/repo/repo.go:649.33,650.9 1 0
github.com/yi-nology/git-sync-service/biz/model/repo/repo.go:653.3,653.18 1 0
github.com/yi-nology/git-sync-service/biz/model/repo/repo.go:654.10,655.33 1 0
github.com/yi-nology/git-sync-service/biz/model/repo/repo.go:655.33,656.46 1 0
github.com/yi-nology/git-sync-service/biz/model/repo/repo.go:656.46,657.25 1 0
github.com/yi-nology/git-sync-service/biz/model/repo/repo.go:659.10,659.56 1 0
github.com/yi-nology/git-sync-service/biz/model/repo/repo.go:659.56,660.24 1 0
github.com/yi-nology/git-sync-service/biz/model/repo/repo.go:662.10,663.33 1 0
github.com/yi-nology/git-sync-service/biz/model/repo/repo.go:663.33,664.46 1 0
github.com/yi-nology/git-sync-service/biz/model/repo/repo.go:664.46,665.25 1 0
github.com/yi-nology/git-sync-service/biz/model/repo/repo.go:667.10,667.56 1 0
github.com/yi-nology/git-sync-service/biz/model/repo/repo.go:667.56,668.24 1 0
github.com/yi-nology/git-sync-service/biz/model/repo/repo.go:670.11,671.49 1 0
github.com/yi-nology/git-sync-service/biz/model/repo/repo.go:671.49,672.24 1 0
github.com/yi-nology/git-sync-service/biz/model/repo/repo.go:675.3,675.45 1 0
github.com/yi-nology/git-sync-service/biz/model/repo/repo.go:675.45,676.26 1 0
github.com/yi-nology/git-sync-service/biz/model/repo/repo.go:679.2,679.45 1 0
github.com/yi-nology/git-sync-service/biz/model/repo/repo.go:679.45,680.26 1 0
github.com/yi-nology/git-sync-service/biz/model/repo/repo.go:683.2,684.1 2 0
github.com/yi-nology/git-sync-service/biz/model/repo/repo.go:685.2,686.1 2 0
github.com/yi-nology/git-sync-service/biz/model/repo/repo.go:687.2,688.1 2 0
github.com/yi-nology/git-sync-service/biz/model/repo/repo.go:689.2,690.1 2 0
github.com/yi-nology/git-sync-service/biz/model/repo/repo.go:691.2,693.1 2 0
github.com/yi-nology/git-sync-service/biz/model/repo/repo.go:694.2,695.1 2 0
github.com/yi-nology/git-sync-service/biz/model/repo/repo.go:696.2,696.79 1 0
github.com/yi-nology/git-sync-service/biz/model/repo/repo.go:699.65,702.43 2 0
github.com/yi-nology/git-sync-service/biz/model/repo/repo.go:702.43,704.3 1 0
github.com/yi-nology/git-sync-service/biz/model/repo/repo.go:704.8,706.3 1 0
github.com/yi-nology/git-sync-service/biz/model/repo/repo.go:707.2,708.12 2 0
github.com/yi-nology/git-sync-service/biz/model/repo/repo.go:710.65,713.43 2 0
github.com/yi-nology/git-sync-service/biz/model/repo/repo.go:713.43,715.3 1 0
github.com/yi-nology/git-sync-service/biz/model/repo/repo.go:715.8,717.3 1 0
github.com/yi-nology/git-sync-service/biz/model/repo/repo.go:718.2,719.12 2 0
github.com/yi-nology/git-sync-service/biz/model/repo/repo.go:722.66,724.62 2 0
github.com/yi-nology/git-sync-service/biz/model/repo/repo.go:724.62,725.29 1 0
github.com/yi-nology/git-sync-service/biz/model/repo/repo.go:727.2,727.14 1 0
github.com/yi-nology/git-sync-service/biz/model/repo/repo.go:727.14,728.45 1 0
github.com/yi-nology/git-sync-service/biz/model/repo/repo.go:728.45,730.24 2 0
github.com/yi-nology/git-sync-service/biz/model/repo/repo.go:732.3,732.45 1 0
github.com/yi-nology/git-sync-service/biz/model/repo/repo.go:732.45,734.24 2 0
github.com/yi-nology/git-sync-service/biz/model/repo/repo.go:737.2,737.46 1 0
github.com/yi-nology/git-sync-service/biz/model/repo/repo.go:737.46,738.27 1 0
github.com/yi-nology/git-sync-service/biz/model/repo/repo.go:740.2,740.46 1 0
github.com/yi-nology/git-sync-service/biz/model/repo/repo.go:740.46,741.27 1 0
github.com/yi-nology/git-sync-service/biz/model/repo/repo.go:743.2,744.1 2 0
github.com/yi-nology/git-sync-service/biz/model/repo/repo.go:745.2,746.1 2 0
github.com/yi-nology/git-sync-service/biz/model/repo/repo.go:747.2,748.1 2 0
github.com/yi-nology/git-sync-service/biz/model/repo/repo.go:749.2,750.1 2 0
github.com/yi-nology/git-sync-service/biz/model/repo/repo.go:751.2,751.80 1 0
github.com/yi-nology/git-sync-service/biz/model/repo/repo.go:754.72,755.68 1 0
github.com/yi-nology/git-sync-service/biz/model/repo/repo.go:755.68,756.28 1 0
github.com/yi-nology/git-sync-service/biz/model/repo/repo.go:758.2,758.47 1 0
github.com/yi-nology/git-sync-service/biz/model/repo/repo.go:758.47,760.3 1 0
github.com/yi-nology/git-sync-service/biz/model/repo/repo.go:761.2,761.45 1 0
github.com/yi-nology/git-sync-service/biz/model/repo/repo.go:761.45,762.26 1 0
github.com/yi-nology/git-sync-service/biz/model/repo/repo.go:764.2,765.1 2 0
github.com/yi-nology/git-sync-service/biz/model/repo/repo.go:766.2,767.1 2 0
github.com/yi-nology/git-sync-service/biz/model/repo/repo.go:768.2,768.81 1 0
github.com/yi-nology/git-sync-service/biz/model/repo/repo.go:771.72,772.73 1 0
github.com/yi-nology/git-sync-service/biz/model/repo/repo.go:772.73,773.28 1 0
github.com/yi-nology/git-sync-service/biz/model/repo/repo.go:775.2,775.51 1 0
github.com/yi-nology/git-sync-service/biz/model/repo/repo.go:775.51,777.3 1 0
github.com/yi-nology/git-sync-service/biz/model/repo/repo.go:778.2,778.45 1 0
github.com/yi-nology/git-sync-service/biz/model/repo/repo.go:778.45,779.26 1 0
github.com/yi-nology/git-sync-service/biz/model/repo/repo.go:781.2,782.1 2 0
github.com/yi-nology/git-sync-service/biz/model/repo/repo.go:783.2,784.1 2 0
github.com/yi-nology/git-sync-service/biz/model/repo/repo.go:785.2,785.81 1 0
github.com/yi-nology/git-sync-service/biz/model/repo/repo.go:788.40,789.14 1 0
github.com/yi-nology/git-sync-service/biz/model/repo/repo.go:789.14,791.3 1 0
github.com/yi-nology/git-sync-service/biz/model/repo/repo.go:792.2,792.45 1 0
github.com/yi-nology/git-sync-service/biz/model/repo/repo.go:801.40,803.2 1 0
github.com/yi-nology/git-sync-service/biz/model/repo/repo.go:805.40,806.2 0 0
github.com/yi-nology/git-sync-service/biz/model/repo/repo.go:808.52,810.2 1 0
github.com/yi-nology/git-sync-service/biz/model/repo/repo.go:812.46,814.2 1 0
github.com/yi-nology/git-sync-service/biz/model/repo/repo.go:821.66,826.50 3 0
github.com/yi-nology/git-sync-service/biz/model/repo/repo.go:826.50,827.28 1 0
github.com/yi-nology/git-sync-service/biz/model/repo/repo.go:830.2,830.6 1 0
github.com/yi-nology/git-sync-service/biz/model/repo/repo.go:830.6,832.17 2 0
github.com/yi-nology/git-sync-service/biz/model/repo/repo.go:832.17,833.28 1 0
github.com/yi-nology/git-sync-service/biz/model/repo/repo.go:835.3,835.33 1 0
github.com/yi-nology/git-sync-service/biz/model/repo/repo.go:835.33,836.9 1 0
github.com/yi-nology/git-sync-service/biz/model/repo/repo.go:839.3,839.18 1 0
github.com/yi-nology/git-sync-service/biz/model/repo/repo.go:840.10,841.34 1 0
github.com/yi-nology/git-sync-service/biz/model/repo/repo.go:841.34,842.46 1 0
github.com/yi-nology/git-sync-service/biz/model/repo/repo.go:842.46,843.25 1 0
github.com/yi-nology/git-sync-service/biz/model/repo/repo.go:845.10,845.56 1 0
github.com/yi-nology/git-sync-service/biz/model/repo/repo.go:845.56,846.24 1 0
github.com/yi-nology/git-sync-service/biz/model/repo/repo.go:848.10,849.33 1 0
github.com/yi-nology/git-sync-service/biz/model/repo/repo.go:849.33,850.46 1 0
github.com/yi-nology/git-sync-service/biz/model/repo/repo.go:850.46,851.25 1 0
github.com/yi-nology/git-sync-service/biz/model/repo/repo.go:853.10,853.56 1 0
github.com/yi-nology/git-sync-service/biz/model/repo/repo.go:853.56,854.24 1 0
github.com/yi-nology/git-sync-service/biz/model/repo/repo.go:856.11,857.49 1 0
github.com/yi-nology/git-sync-service/biz/model/repo/repo.go:857.49,858.24 1 0
github.com/yi-nology/git-sync-service/biz/model/repo/repo.go:861.3,861.45 1 0
github.com/yi-nology/git-sync-service/biz/model/repo/repo.go:861.45,862.26 1 0
github.com/yi-nology/git-sync-service/biz/model/repo/repo.go:865.2,865.45 1 0
github.com/yi-nology/git-sync-service/biz/model/repo/repo.go:865.45,866.26 1 0
github.com/yi-nology/git-sync-service/biz/model/repo/repo.go:869.2,870.1 2 0
github.com/yi-nology/git-sync-service/biz/model/repo/repo.go:871.2,872.1 2 0
github.com/yi-nology/git-sync-service/biz/model/repo/repo.go:873.2,874.1 2 0
github.com/yi-nology/git-sync-service/biz/model/repo/repo.go:875.2,876.1 2 0
github.com/yi-nology/git-sync-service/biz/model/repo/repo.go:877.2,879.1 2 0
github.com/yi-nology/git-sync-service/biz/model/repo/repo.go:880.2,881.1 2 0
github.com/yi-nology/git-sync-service/biz/model/repo/repo.go:882.2,882.79 1 0
github.com/yi-nology/git-sync-service/biz/model/repo/repo.go:885.66,887.16 2 0
github.com/yi-nology/git-sync-service/biz/model/repo/repo.go:887.16,889.3 1 0
github.com/yi-nology/git-sync-service/biz/model/repo/repo.go:890.2,892.28 3 0
github.com/yi-nology/git-sync-service/biz/model/repo/repo.go:892.28,896.43 3 0
github.com/yi-nology/git-sync-service/biz/model/repo/repo.go:896.43,898.4 1 0
github.com/yi-nology/git-sync-service/biz/model/repo/repo.go:900.3,900.33 1 0
github.com/yi-nology/git-sync-service/biz/model/repo/repo.go:902.2,902.44 1 0
github.com/yi-nology/git-sync-service/biz/model/repo/repo.go:902.44,904.3 1 0
github.com/yi-nology/git-sync-service/biz/model/repo/repo.go:905.2,906.12 2 0
github.com/yi-nology/git-sync-service/biz/model/repo/repo.go:908.66,911.43 2 0
github.com/yi-nology/git-sync-service/biz/model/repo/repo.go:911.43,913.3 1 0
github.com/yi-nology/git-sync-service/biz/model/repo/repo.go:913.8,915.3 1 0
github.com/yi-nology/git-sync-service/biz/model/repo/repo.go:916.2,917.12 2 0
github.com/yi-nology/git-sync-service/biz/model/repo/repo.go:920.67,922.63 2 0
github.com/yi-nology/git-sync-service/biz/model/repo/repo.go:922.63,923.29 1 0
github.com/yi-nology/git-sync-service/biz/model/repo/repo.go:925.2,925.14 1 0
github.com/yi-nology/git-sync-service/biz/model/repo/repo.go:925.14,926.45 1 0
github.com/yi-nology/git-sync-service/biz/model/repo/repo.go:926.45,928.24 2 0
github.com/yi-nology/git-sync-service/biz/model/repo/repo.go:930.3,930.45 1 0
github.com/yi-nology/git-sync-service/biz/model/repo/repo.go:930.45,932.24 2 0
github.com/yi-nology/git-sync-service/biz/model/repo/repo.go:935.2,935.46 1 0
github.com/yi-nology/git-sync-service/biz/model/repo/repo.go:935.46,936.27 1 0
github.com/yi-nology/git-sync-service/biz/model/repo/repo.go:938.2,938.46 1 0
github.com/yi-nology/git-sync-service/biz/model/repo/repo.go:938.46,939.27 1 0
github.com/yi-nology/git-sync-service/biz/model/repo/repo.go:941.2,942.1 2 0
github.com/yi-nology/git-sync-service/biz/model/repo/repo.go:943.2,944.1 2 0
github.com/yi-nology/git-sync-service/biz/model/repo/repo.go:945.2,946.1 2 0
github.com/yi-nology/git-sync-service/biz/model/repo/repo.go:947.2,948.1 2 0
github.com/yi-nology/git-sync-service/biz/model/repo/repo.go:949.2,949.80 1 0
github.com/yi-nology/git-sync-service/biz/model/repo/repo.go:952.73,953.70 1 0
github.com/yi-nology/git-sync-service/biz/model/repo/repo.go:953.70,954.28 1 0
github.com/yi-nology/git-sync-service/biz/model/repo/repo.go:956.2,956.74 1 0
github.com/yi-nology/git-sync-service/biz/model/repo/repo.go:956.74,958.3 1 0
github.com/yi-nology/git-sync-service/biz/model/repo/repo.go:959.2,959.28 1 0
github.com/yi-nology/git-sync-service/biz/model/repo/repo.go:959.28,960.40 1 0
github.com/yi-nology/git-sync-service/biz/model/repo/repo.go:960.40,962.4 1 0
github.com/yi-nology/git-sync-service/biz/model/repo/repo.go:964.2,964.45 1 0
github.com/yi-nology/git-sync-service/biz/model/repo/repo.go:964.45,966.3 1 0
github.com/yi-nology/git-sync-service/biz/model/repo/repo.go:967.2,967.45 1 0
github.com/yi-nology/git-sync-service/biz/model/repo/repo.go:967.45,968.26 1 0
github.com/yi-nology/git-sync-service/biz/model/repo/repo.go:970.2,971.1 2 0
github.com/yi-nology/git-sync-service/biz/model/repo/repo.go:972.2,973.1 2 0
github.com/yi-nology/git-sync-service/biz/model/repo/repo.go:974.2,974.81 1 0
github.com/yi-nology/git-sync-service/biz/model/repo/repo.go:977.73,978.69 1 0
github.com/yi-nology/git-sync-service/biz/model/repo/repo.go:978.69,979.28 1 0
github.com/yi-nology/git-sync-service/biz/model/repo/repo.go:981.2,981.48 1 0
github.com/yi-nology/git-sync-service/biz/model/repo/repo.go:981.48,983.3 1 0
github.com/yi-nology/git-sync-service/biz/model/repo/repo.go:984.2,984.45 1 0
github.com/yi-nology/git-sync-service/biz/model/repo/repo.go:984.45,985.26 1 0
github.com/yi-nology/git-sync-service/biz/model/repo/repo.go:987.2,988.1 2 0
github.com/yi-nology/git-sync-service/biz/model/repo/repo.go:989.2,990.1 2 0
github.com/yi-nology/git-sync-service/biz/model/repo/repo.go:991.2,991.81 1 0
github.com/yi-nology/git-sync-service/biz/model/repo/repo.go:994.41,995.14 1 0
github.com/yi-nology/git-sync-service/biz/model/repo/repo.go:995.14,997.3 1 0
github.com/yi-nology/git-sync-service/biz/model/repo/repo.go:998.2,998.46 1 0
github.com/yi-nology/git-sync-service/biz/model/repo/repo.go:1006.34,1008.2 1 0
github.com/yi-nology/git-sync-service/biz/model/repo/repo.go:1010.37,1011.2 0 0
github.com/yi-nology/git-sync-service/biz/model/repo/repo.go:1013.42,1015.2 1 0
github.com/yi-nology/git-sync-service/biz/model/repo/repo.go:1021.63,1026.50 3 0
github.com/yi-nology/git-sync-service/biz/model/repo/repo.go:1026.50,1027.28 1 0
github.com/yi-nology/git-sync-service/biz/model/repo/repo.go:1030.2,1030.6 1 0
github.com/yi-nology/git-sync-service/biz/model/repo/repo.go:1030.6,1032.17 2 0
github.com/yi-nology/git-sync-service/biz/model/repo/repo.go:1032.17,1033.28 1 0
github.com/yi-nology/git-sync-service/biz/model/repo/repo.go:1035.3,1035.33 1 0
github.com/yi-nology/git-sync-service/biz/model/repo/repo.go:1035.33,1036.9 1 0
github.com/yi-nology/git-sync-service/biz/model/repo/repo.go:1039.3,1039.18 1 0
github.com/yi-nology/git-sync-service/biz/model/repo/repo.go:1040.10,1041.36 1 0
github.com/yi-nology/git-sync-service/biz/model/repo/repo.go:1041.36,1042.46 1 0
github.com/yi-nology/git-sync-service/biz/model/repo/repo.go:1042.46,1043.25 1 0
github.com/yi-nology/git-sync-service/biz/model/repo/repo.go:1045.10,1045.56 1 0
github.com/yi-nology/git-sync-service/biz/model/repo/repo.go:1045.56,1046.24 1 0
github.com/yi-nology/git-sync-service/biz/model/repo/repo.go:1048.11,1049.49 1 0
github.com/yi-nology/git-sync-service/biz/model/repo/repo.go:1049.49,1050.24 1 0
github.com/yi-nology/git-sync-service/biz/model/repo/repo.go:1053.3,1053.45 1 0
github.com/yi-nology/git-sync-service/biz/model/repo/repo.go:1053.45,1054.26 1 0
github.com/yi-nology/git-sync-service/biz/model/repo/repo.go:1057.2,1057.45 1 0
github.com/yi-nology/git-sync-service/biz/model/repo/repo.go:1057.45,1058.26 1 0
github.com/yi-nology/git-sync-service/biz/model/repo/repo.go:1061.2,1062.1 2 0
github.com/yi-nology/git-sync-service/biz/model/repo/repo.go:1063.2,1064.1 2 0
github.com/yi-nology/git-sync-service/biz/model/repo/repo.go:1065.2,1066.1 2 0
github.com/yi-nology/git-sync-service/biz/model/repo/repo.go:1067.2,1068.1 2 0
github.com/yi-nology/git-sync-service/biz/model/repo/repo.go:1069.2,1071.1 2 0
github.com/yi-nology/git-sync-service/biz/model/repo/repo.go:1072.2,1073.1 2 0
github.com/yi-nology/git-sync-service/biz/model/repo/repo.go:1074.2,1074.79 1 0
github.com/yi-nology/git-sync-service/biz/model/repo/repo.go:1077.63,1080.46 2 0
github.com/yi-nology/git-sync-service/biz/model/repo/repo.go:1080.46,1082.3 1 0
github.com/yi-nology/git-sync-service/biz/model/repo/repo.go:1082.8,1084.3 1 0
github.com/yi-nology/git-sync-service/biz/model/repo/repo.go:1085.2,1086.12 2 0
github.com/yi-nology/git-sync-service/biz/model/repo/repo.go:1089.64,1091.60 2 0
github.com/yi-nology/git-sync-service/biz/model/repo/repo.go:1091.60,1092.29 1 0
github.com/yi-nology/git-sync-service/biz/model/repo/repo.go:1094.2,1094.14 1 0
github.com/yi-nology/git-sync-service/biz/model/repo/repo.go:1094.14,1095.45 1 0
github.com/yi-nology/git-sync-service/biz/model/repo/repo.go:1095.45,1097.24 2 0
github.com/yi-nology/git-sync-service/biz/model/repo/repo.go:1100.2,1100.46 1 0
github.com/yi-nology/git-sync-service/biz/model/repo/repo.go:1100.46,1101.27 1 0
github.com/yi-nology/git-sync-service/biz/model/repo/repo.go:1103.2,1103.46 1 0
github.com/yi-nology/git-sync-service/biz/model/repo/repo.go:1103.46,1104.27 1 0
github.com/yi-nology/git-sync-service/biz/model/repo/repo.go:1106.2,1107.1 2 0
github.com/yi-nology/git-sync-service/biz/model/repo/repo.go:1108.2,1109.1 2 0
github.com/yi-nology/git-sync-service/biz/model/repo/repo.go:1110.2,1111.1 2 0
github.com/yi-nology/git-sync-service/biz/model/repo/repo.go:1112.2,1113.1 2 0
github.com/yi-nology/git-sync-service/biz/model/repo/repo.go:1114.2,1114.80 1 0
github.com/yi-nology/git-sync-service/biz/model/repo/repo.go:1117.70,1118.70 1 0
github.com/yi-nology/git-sync-service/biz/model/repo/repo.go:1118.70,1119.28 1 0
github.com/yi-nology/git-sync-service/biz/model/repo/repo.go:1121.2,1121.49 1 0
github.com/yi-nology/git-sync-service/biz/model/repo/repo.go:1121.49,1123.3 1 0
github.com/yi-nology/git-sync-service/biz/model/repo/repo.go:1124.2,1124.45 1 0
github.com/yi-nology/git-sync-service/biz/model/repo/repo.go:1124.45,1125.26 1 0
github.com/yi-nology/git-sync-service/biz/model/repo/repo.go:1127.2,1128.1 2 0
github.com/yi-nology/git-sync-service/biz/model/repo/repo.go:1129.2,1130.1 2 0
github.com/yi-nology/git-sync-service/biz/model/repo/repo.go:1131.2,1131.81 1 0
github.com/yi-nology/git-sync-service/biz/model/repo/repo.go:1134.38,1135.14 1 0
github.com/yi-nology/git-sync-service/biz/model/repo/repo.go:1135.14,1137.3 1 0
github.com/yi-nology/git-sync-service/biz/model/repo/repo.go:1138.2,1138.43 1 0
github.com/yi-nology/git-sync-service/biz/model/repo/repo.go:1146.36,1148.2 1 0
github.com/yi-nology/git-sync-service/biz/model/repo/repo.go:1150.38,1151.2 0 0
github.com/yi-nology/git-sync-service/biz/model/repo/repo.go:1155.47,1156.20 1 0
github.com/yi-nology/git-sync-service/biz/model/repo/repo.go:1156.20,1158.3 1 0
github.com/yi-nology/git-sync-service/biz/model/repo/repo.go:1159.2,1159.15 1 0
github.com/yi-nology/git-sync-service/biz/model/repo/repo.go:1166.40,1168.2 1 0
github.com/yi-nology/git-sync-service/biz/model/repo/repo.go:1170.64,1175.50 3 0
github.com/yi-nology/git-sync-service/biz/model/repo/repo.go:1175.50,1176.28 1 0
github.com/yi-nology/git-sync-service/biz/model/repo/repo.go:1179.2,1179.6 1 0
github.com/yi-nology/git-sync-service/biz/model/repo/repo.go:1179.6,1181.17 2 0
github.com/yi-nology/git-sync-service/biz/model/repo/repo.go:1181.17,1182.28 1 0
github.com/yi-nology/git-sync-service/biz/model/repo/repo.go:1184.3,1184.33 1 0
github.com/yi-nology/git-sync-service/biz/model/repo/repo.go:1184.33,1185.9 1 0
github.com/yi-nology/git-sync-service/biz/model/repo/repo.go:1188.3,1188.18 1 0
github.com/yi-nology/git-sync-service/biz/model/repo/repo.go:1189.10,1190.36 1 0
github.com/yi-nology/git-sync-service/biz/model/repo/repo.go:1190.36,1191.46 1 0
github.com/yi-nology/git-sync-service/biz/model/repo/repo.go:1191.46,1192.25 1 0
github.com/yi-nology/git-sync-service/biz/model/repo/repo.go:1194.10,1194.56 1 0
github.com/yi-nology/git-sync-service/biz/model/repo/repo.go:1194.56,1195.24 1 0
github.com/yi-nology/git-sync-service/biz/model/repo/repo.go:1197.11,1198.49 1 0
github.com/yi-nology/git-sync-service/biz/model/repo/repo.go:1198.49,1199.24 1 0
github.com/yi-nology/git-sync-service/biz/model/repo/repo.go:1202.3,1202.45 1 0
github.com/yi-nology/git-sync-service/biz/model/repo/repo.go:1202.45,1203.26 1 0
github.com/yi-nology/git-sync-service/biz/model/repo/repo.go:1206.2,1206.45 1 0
github.com/yi-nology/git-sync-service/biz/model/repo/repo.go:1206.45,1207.26 1 0
github.com/yi-nology/git-sync-service/biz/model/repo/repo.go:1210.2,1211.1 2 0
github.com/yi-nology/git-sync-service/biz/model/repo/repo.go:1212.2,1213.1 2 0
github.com/yi-nology/git-sync-service/biz/model/repo/repo.go:1214.2,1215.1 2 0
github.com/yi-nology/git-sync-service/biz/model/repo/repo.go:1216.2,1217.1 2 0
github.com/yi-nology/git-sync-service/biz/model/repo/repo.go:1218.2,1220.1 2 0
github.com/yi-nology/git-sync-service/biz/model/repo/repo.go:1221.2,1222.1 2 0
github.com/yi-nology/git-sync-service/biz/model/repo/repo.go:1223.2,1223.79 1 0
github.com/yi-nology/git-sync-service/biz/model/repo/repo.go:1226.64,1228.43 2 0
github.com/yi-nology/git-sync-service/biz/model/repo/repo.go:1228.43,1230.3 1 0
github.com/yi-nology/git-sync-service/biz/model/repo/repo.go:1231.2,1232.12 2 0
github.com/yi-nology/git-sync-service/biz/model/repo/repo.go:1235.65,1237.61 2 0
github.com/yi-nology/git-sync-service/biz/model/repo/repo.go:1237.61,1238.29 1 0
github.com/yi-nology/git-sync-service/biz/model/repo/repo.go:1240.2,1240.14 1 0
github.com/yi-nology/git-sync-service/biz/model/repo/repo.go:1240.14,1241.45 1 0
github.com/yi-nology/git-sync-service/biz/model/repo/repo.go:1241.45,1243.24 2 0
github.com/yi-nology/git-sync-service/biz/model/repo/repo.go:1246.2,1246.46 1 0
github.com/yi-nology/git-sync-service/biz/model/repo/repo.go:1246.46,1247.27 1 0
github.com/yi-nology/git-sync-service/biz/model/repo/repo.go:1249.2,1249.46 1 0
github.com/yi-nology/git-sync-service/biz/model/repo/repo.go:1249.46,1250.27 1 0
github.com/yi-nology/git-sync-service/biz/model/repo/repo.go:1252.2,1253.1 2 0
github.com/yi-nology/git-sync-service/biz/model/repo/repo.go:1254.2,1255.1 2 0
github.com/yi-nology/git-sync-service/biz/model/repo/repo.go:1256.2,1257.1 2 0
github.com/yi-nology/git-sync-service/biz/model/repo/repo.go:1258.2,1259.1 2 0
github.com/yi-nology/git-sync-service/biz/model/repo/repo.go:1260.2,1260.80 1 0
github.com/yi-nology/git-sync-service/biz/model/repo/repo.go:1263.71,1264.71 1 0
github.com/yi-nology/git-sync-service/biz/model/repo/repo.go:1264.71,1265.28 1 0
github.com/yi-nology/git-sync-service/biz/model/repo/repo.go:1267.2,1267.44 1 0
github.com/yi-nology/git-sync-service/biz/model/repo/repo.go:1267.44,1269.3 1 0
github.com/yi-nology/git-sync-service/biz/model/repo/repo.go:1270.2,1270.45 1 0
github.com/yi-nology/git-sync-service/biz/model/repo/repo.go:1270.45,1271.26 1 0
github.com/yi-nology/git-sync-service/biz/model/repo/repo.go:1273.2,1274.1 2 0
github.com/yi-nology/git-sync-service/biz/model/repo/repo.go:1275.2,1276.1 2 0
github.com/yi-nology/git-sync-service/biz/model/repo/repo.go:1277.2,1277.81 1 0
github.com/yi-nology/git-sync-service/biz/model/repo/repo.go:1280.39,1281.14 1 0
github.com/yi-nology/git-sync-service/biz/model/repo/repo.go:1281.14,1283.3 1 0
github.com/yi-nology/git-sync-service/biz/model/repo/repo.go:1284.2,1284.44 1 0
github.com/yi-nology/git-sync-service/biz/model/repo/repo.go:1294.40,1296.2 1 0
github.com/yi-nology/git-sync-service/biz/model/repo/repo.go:1298.40,1299.2 0 0
github.com/yi-nology/git-sync-service/biz/model/repo/repo.go:1301.46,1303.2 1 0
github.com/yi-nology/git-sync-service/biz/model/repo/repo.go:1305.51,1307.2 1 0
github.com/yi-nology/git-sync-service/biz/model/repo/repo.go:1309.53,1311.2 1 0
github.com/yi-nology/git-sync-service/biz/model/repo/repo.go:1319.66,1324.50 3 0
github.com/yi-nology/git-sync-service/biz/model/repo/repo.go:1324.50,1325.28 1 0
github.com/yi-nology/git-sync-service/biz/model/repo/repo.go:1328.2,1328.6 1 0
github.com/yi-nology/git-sync-service/biz/model/repo/repo.go:1328.6,1330.17 2 0
github.com/yi-nology/git-sync-service/biz/model/repo/repo.go:1330.17,1331.28 1 0
github.com/yi-nology/git-sync-service/biz/model/repo/repo.go:1333.3,1333.33 1 0
github.com/yi-nology/git-sync-service/biz/model/repo/repo.go:1333.33,1334.9 1 0
github.com/yi-nology/git-sync-service/biz/model/repo/repo.go:1337.3,1337.18 1 0
github.com/yi-nology/git-sync-service/biz/model/repo/repo.go:1338.10,1339.36 1 0
github.com/yi-nology/git-sync-service/biz/model/repo/repo.go:1339.36,1340.46 1 0
github.com/yi-nology/git-sync-service/biz/model/repo/repo.go:1340.46,1341.25 1 0
github.com/yi-nology/git-sync-service/biz/model/repo/repo.go:1343.10,1343.56 1 0
github.com/yi-nology/git-sync-service/biz/model/repo/repo.go:1343.56,1344.24 1 0
github.com/yi-nology/git-sync-service/biz/model/repo/repo.go:1346.10,1347.36 1 0
github.com/yi-nology/git-sync-service/biz/model/repo/repo.go:1347.36,1348.46 1 0
github.com/yi-nology/git-sync-service/biz/model/repo/repo.go:1348.46,1349.25 1 0
github.com/yi-nology/git-sync-service/biz/model/repo/repo.go:1351.10,1351.56 1 0
github.com/yi-nology/git-sync-service/biz/model/repo/repo.go:1351.56,1352.24 1 0
github.com/yi-nology/git-sync-service/biz/model/repo/repo.go:1354.10,1355.36 1 0
github.com/yi-nology/git-sync-service/biz/model/repo/repo.go:1355.36,1356.46 1 0
github.com/yi-nology/git-sync-service/biz/model/repo/repo.go:1356.46,1357.25 1 0
github.com/yi-nology/git-sync-service/biz/model/repo/repo.go:1359.10,1359.56 1 0
github.com/yi-nology/git-sync-service/biz/model/repo/repo.go:1359.56,1360.24 1 0
github.com/yi-nology/git-sync-service/biz/model/repo/repo.go:1362.11,1363.49 1 0
github.com/yi-nology/git-sync-service/biz/model/repo/repo.go:1363.49,1364.24 1 0
github.com/yi-nology/git-sync-service/biz/model/repo/repo.go:1367.3,1367.45 1 0
github.com/yi-nology/git-sync-service/biz/model/repo/repo.go:1367.45,1368.26 1 0
github.com/yi-nology/git-sync-service/biz/model/repo/repo.go:1371.2,1371.45 1 0
github.com/yi-nology/git-sync-service/biz/model/repo/repo.go:1371.45,1372.26 1 0
github.com/yi-nology/git-sync-service/biz/model/repo/repo.go:1375.2,1376.1 2 0
github.com/yi-nology/git-sync-service/biz/model/repo/repo.go:1377.2,1378.1 2 0
github.com/yi-nology/git-sync-service/biz/model/repo/repo.go:1379.2,1380.1 2 0
github.com/yi-nology/git-sync-service/biz/model/repo/repo.go:1381.2,1382.1 2 0
github.com/yi-nology/git-sync-service/biz/model/repo/repo.go:1383.2,1385.1 2 0
github.com/yi-nology/git-sync-service/biz/model/repo/repo.go:1386.2,1387.1 2 0
github.com/yi-nology/git-sync-service/biz/model/repo/repo.go:1388.2,1388.79 1 0
github.com/yi-nology/git-sync-service/biz/model/repo/repo.go:1391.66,1394.46 2 0
github.com/yi-nology/git-sync-service/biz/model/repo/repo.go:1394.46,1396.3 1 0
github.com/yi-nology/git-sync-service/biz/model/repo/repo.go:1396.8,1398.3 1 0
github.com/yi-nology/git-sync-service/biz/model/repo/repo.go:1399.2,1400.12 2 0
github.com/yi-nology/git-sync-service/biz/model/repo/repo.go:1402.66,1405.46 2 0
github.com/yi-nology/git-sync-service/biz/model/repo/repo.go:1405.46,1407.3 1 0
github.com/yi-nology/git-sync-service/biz/model/repo/repo.go:1407.8,1409.3 1 0
github.com/yi-nology/git-sync-service/biz/model/repo/repo.go:1410.2,1411.12 2 0
github.com/yi-nology/git-sync-service/biz/model/repo/repo.go:1413.66,1416.46 2 0
github.com/yi-nology/git-sync-service/biz/model/repo/repo.go:1416.46,1418.3 1 0
github.com/yi-nology/git-sync-service/biz/model/repo/repo.go:1418.8,1420.3 1 0
github.com/yi-nology/git-sync-service/biz/model/repo/repo.go:1421.2,1422.12 2 0
github.com/yi-nology/git-sync-service/biz/model/repo/repo.go:1425.67,1427.63 2 0
github.com/yi-nology/git-sync-service/biz/model/repo/repo.go:1427.63,1428.29 1 0
github.com/yi-nology/git-sync-service/biz/model/repo/repo.go:1430.2,1430.14 1 0
github.com/yi-nology/git-sync-service/biz/model/repo/repo.go:1430.14,1431.45 1 0
github.com/yi-nology/git-sync-service/biz/model/repo/repo.go:1431.45,1433.24 2 0
github.com/yi-nology/git-sync-service/biz/model/repo/repo.go:1435.3,1435.45 1 0
github.com/yi-nology/git-sync-service/biz/model/repo/repo.go:1435.45,1437.24 2 0
github.com/yi-nology/git-sync-service/biz/model/repo/repo.go:1439.3,1439.45 1 0
github.com/yi-nology/git-sync-service/biz/model/repo/repo.go:1439.45,1441.24 2 0
github.com/yi-nology/git-sync-service/biz/model/repo/repo.go:1444.2,1444.46 1 0
github.com/yi-nology/git-sync-service/biz/model/repo/repo.go:1444.46,1445.27 1 0
github.com/yi-nology/git-sync-service/biz/model/repo/repo.go:1447.2,1447.46 1 0
github.com/yi-nology/git-sync-service/biz/model/repo/repo.go:1447.46,1448.27 1 0
github.com/yi-nology/git-sync-service/biz/model/repo/repo.go:1450.2,1451.1 2 0
github.com/yi-nology/git-sync-service/biz/model/repo/repo.go:1452.2,1453.1 2 0
github.com/yi-nology/git-sync-service/biz/model/repo/repo.go:1454.2,1455.1 2 0
github.com/yi-nology/git-sync-service/biz/model/repo/repo.go:1456.2,1457.1 2 0
github.com/yi-nology/git-sync-service/biz/model/repo/repo.go:1458.2,1458.80 1 0
github.com/yi-nology/git-sync-service/biz/model/repo/repo.go:1461.73,1462.71 1 0
github.com/yi-nology/git-sync-service/biz/model/repo/repo.go:1462.71,1463.28 1 0
github.com/yi-nology/git-sync-service/biz/model/repo/repo.go:1465.2,1465.50 1 0
github.com/yi-nology/git-sync-service/biz/model/repo/repo.go:1465.50,1467.3 1 0
github.com/yi-nology/git-sync-service/biz/model/repo/repo.go:1468.2,1468.45 1 0
github.com/yi-nology/git-sync-service/biz/model/repo/repo.go:1468.45,1469.26 1 0
github.com/yi-nology/git-sync-service/biz/model/repo/repo.go:1471.2,1472.1 2 0
github.com/yi-nology/git-sync-service/biz/model/repo/repo.go:1473.2,1474.1 2 0
github.com/yi-nology/git-sync-service/biz/model/repo/repo.go:1475.2,1475.81 1 0
github.com/yi-nology/git-sync-service/biz/model/repo/repo.go:1478.73,1479.77 1 0
github.com/yi-nology/git-sync-service/biz/model/repo/repo.go:1479.77,1480.28 1 0
github.com/yi-nology/git-sync-service/biz/model/repo/repo.go:1482.2,1482.55 1 0
github.com/yi-nology/git-sync-service/biz/model/repo/repo.go:1482.55,1484.3 1 0
github.com/yi-nology/git-sync-service/biz/model/repo/repo.go:1485.2,1485.45 1 0
github.com/yi-nology/git-sync-service/biz/model/repo/repo.go:1485.45,1486.26 1 0
github.com/yi-nology/git-sync-service/biz/model/repo/repo.go:1488.2,1489.1 2 0
github.com/yi-nology/git-sync-service/biz/model/repo/repo.go:1490.2,1491.1 2 0
github.com/yi-nology/git-sync-service/biz/model/repo/repo.go:1492.2,1492.81 1 0
github.com/yi-nology/git-sync-service/biz/model/repo/repo.go:1495.73,1496.79 1 0
github.com/yi-nology/git-sync-service/biz/model/repo/repo.go:1496.79,1497.28 1 0
github.com/yi-nology/git-sync-service/biz/model/repo/repo.go:1499.2,1499.57 1 0
github.com/yi-nology/git-sync-service/biz/model/repo/repo.go:1499.57,1501.3 1 0
github.com/yi-nology/git-sync-service/biz/model/repo/repo.go:1502.2,1502.45 1 0
github.com/yi-nology/git-sync-service/biz/model/repo/repo.go:1502.45,1503.26 1 0
github.com/yi-nology/git-sync-service/biz/model/repo/repo.go:1505.2,1506.1 2 0
github.com/yi-nology/git-sync-service/biz/model/repo/repo.go:1507.2,1508.1 2 0
github.com/yi-nology/git-sync-service/biz/model/repo/repo.go:1509.2,1509.81 1 0
github.com/yi-nology/git-sync-service/biz/model/repo/repo.go:1512.41,1513.14 1 0
github.com/yi-nology/git-sync-service/biz/model/repo/repo.go:1513.14,1515.3 1 0
github.com/yi-nology/git-sync-service/biz/model/repo/repo.go:1516.2,1516.46 1 0
github.com/yi-nology/git-sync-service/biz/model/repo/repo.go:1524.42,1526.2 1 0
github.com/yi-nology/git-sync-service/biz/model/repo/repo.go:1528.41,1529.2 0 0
github.com/yi-nology/git-sync-service/biz/model/repo/repo.go:1533.50,1534.20 1 0
github.com/yi-nology/git-sync-service/biz/model/repo/repo.go:1534.20,1536.3 1 0
github.com/yi-nology/git-sync-service/biz/model/repo/repo.go:1537.2,1537.15 1 0
github.com/yi-nology/git-sync-service/biz/model/repo/repo.go:1544.43,1546.2 1 0
github.com/yi-nology/git-sync-service/biz/model/repo/repo.go:1548.67,1553.50 3 0
github.com/yi-nology/git-sync-service/biz/model/repo/repo.go:1553.50,1554.28 1 0
github.com/yi-nology/git-sync-service/biz/model/repo/repo.go:1557.2,1557.6 1 0
github.com/yi-nology/git-sync-service/biz/model/repo/repo.go:1557.6,1559.17 2 0
github.com/yi-nology/git-sync-service/biz/model/repo/repo.go:1559.17,1560.28 1 0
github.com/yi-nology/git-sync-service/biz/model/repo/repo.go:1562.3,1562.33 1 0
github.com/yi-nology/git-sync-service/biz/model/repo/repo.go:1562.33,1563.9 1 0
github.com/yi-nology/git-sync-service/biz/model/repo/repo.go:1566.3,1566.18 1 0
github.com/yi-nology/git-sync-service/biz/model/repo/repo.go:1567.10,1568.36 1 0
github.com/yi-nology/git-sync-service/biz/model/repo/repo.go:1568.36,1569.46 1 0
github.com/yi-nology/git-sync-service/biz/model/repo/repo.go:1569.46,1570.25 1 0
github.com/yi-nology/git-sync-service/biz/model/repo/repo.go:1572.10,1572.56 1 0
github.com/yi-nology/git-sync-service/biz/model/repo/repo.go:1572.56,1573.24 1 0
github.com/yi-nology/git-sync-service/biz/model/repo/repo.go:1575.11,1576.49 1 0
github.com/yi-nology/git-sync-service/biz/model/repo/repo.go:1576.49,1577.24 1 0
github.com/yi-nology/git-sync-service/biz/model/repo/repo.go:1580.3,1580.45 1 0
github.com/yi-nology/git-sync-service/biz/model/repo/repo.go:1580.45,1581.26 1 0
github.com/yi-nology/git-sync-service/biz/model/repo/repo.go:1584.2,1584.45 1 0
github.com/yi-nology/git-sync-service/biz/model/repo/repo.go:1584.45,1585.26 1 0
github.com/yi-nology/git-sync-service/biz/model/repo/repo.go:1588.2,1589.1 2 0
github.com/yi-nology/git-sync-service/biz/model/repo/repo.go:1590.2,1591.1 2 0
github.com/yi-nology/git-sync-service/biz/model/repo/repo.go:1592.2,1593.1 2 0
github.com/yi-nology/git-sync-service/biz/model/repo/repo.go:1594.2,1595.1 2 0
github.com/yi-nology/git-sync-service/biz/model/repo/repo.go:1596.2,1598.1 2 0
github.com/yi-nology/git-sync-service/biz/model/repo/repo.go:1599.2,1600.1 2 0
github.com/yi-nology/git-sync-service/biz/model/repo/repo.go:1601.2,1601.79 1 0
github.com/yi-nology/git-sync-service/biz/model/repo/repo.go:1604.67,1606.43 2 0
github.com/yi-nology/git-sync-service/biz/model/repo/repo.go:1606.43,1608.3 1 0
github.com/yi-nology/git-sync-service/biz/model/repo/repo.go:1609.2,1610.12 2 0
github.com/yi-nology/git-sync-service/biz/model/repo/repo.go:1613.68,1615.64 2 0
github.com/yi-nology/git-sync-service/biz/model/repo/repo.go:1615.64,1616.29 1 0
github.com/yi-nology/git-sync-service/biz/model/repo/repo.go:1618.2,1618.14 1 0
github.com/yi-nology/git-sync-service/biz/model/repo/repo.go:1618.14,1619.45 1 0
github.com/yi-nology/git-sync-service/biz/model/repo/repo.go:1619.45,1621.24 2 0
github.com/yi-nology/git-sync-service/biz/model/repo/repo.go:1624.2,1624.46 1 0
github.com/yi-nology/git-sync-service/biz/model/repo/repo.go:1624.46,1625.27 1 0
github.com/yi-nology/git-sync-service/biz/model/repo/repo.go:1627.2,1627.46 1 0
github.com/yi-nology/git-sync-service/biz/model/repo/repo.go:1627.46,1628.27 1 0
github.com/yi-nology/git-sync-service/biz/model/repo/repo.go:1630.2,1631.1 2 0
github.com/yi-nology/git-sync-service/biz/model/repo/repo.go:1632.2,1633.1 2 0
github.com/yi-nology/git-sync-service/biz/model/repo/repo.go:1634.2,1635.1 2 0
github.com/yi-nology/git-sync-service/biz/model/repo/repo.go:1636.2,1637.1 2 0
github.com/yi-nology/git-sync-service/biz/model/repo/repo.go:1638.2,1638.80 1 0
github.com/yi-nology/git-sync-service/biz/model/repo/repo.go:1641.74,1642.71 1 0
github.com/yi-nology/git-sync-service/biz/model/repo/repo.go:1642.71,1643.28 1 0
github.com/yi-nology/git-sync-service/biz/model/repo/repo.go:1645.2,1645.44 1 0
github.com/yi-nology/git-sync-service/biz/model/repo/repo.go:1645.44,1647.3 1 0
github.com/yi-nology/git-sync-service/biz/model/repo/repo.go:1648.2,1648.45 1 0
github.com/yi-nology/git-sync-service/biz/model/repo/repo.go:1648.45,1649.26 1 0
github.com/yi-nology/git-sync-service/biz/model/repo/repo.go:1651.2,1652.1 2 0
github.com/yi-nology/git-sync-service/biz/model/repo/repo.go:1653.2,1654.1 2 0
github.com/yi-nology/git-sync-service/biz/model/repo/repo.go:1655.2,1655.81 1 0
github.com/yi-nology/git-sync-service/biz/model/repo/repo.go:1658.42,1659.14 1 0
github.com/yi-nology/git-sync-service/biz/model/repo/repo.go:1659.14,1661.3 1 0
github.com/yi-nology/git-sync-service/biz/model/repo/repo.go:1662.2,1662.47 1 0
github.com/yi-nology/git-sync-service/biz/model/repo/repo.go:1672.40,1674.2 1 0
github.com/yi-nology/git-sync-service/biz/model/repo/repo.go:1676.40,1677.2 0 0
github.com/yi-nology/git-sync-service/biz/model/repo/repo.go:1679.45,1681.2 1 0
github.com/yi-nology/git-sync-service/biz/model/repo/repo.go:1683.46,1685.2 1 0
github.com/yi-nology/git-sync-service/biz/model/repo/repo.go:1687.53,1689.2 1 0
github.com/yi-nology/git-sync-service/biz/model/repo/repo.go:1697.66,1702.50 3 0
github.com/yi-nology/git-sync-service/biz/model/repo/repo.go:1702.50,1703.28 1 0
github.com/yi-nology/git-sync-service/biz/model/repo/repo.go:1706.2,1706.6 1 0
github.com/yi-nology/git-sync-service/biz/model/repo/repo.go:1706.6,1708.17 2 0
github.com/yi-nology/git-sync-service/biz/model/repo/repo.go:1708.17,1709.28 1 0
github.com/yi-nology/git-sync-service/biz/model/repo/repo.go:1711.3,1711.33 1 0
github.com/yi-nology/git-sync-service/biz/model/repo/repo.go:1711.33,1712.9 1 0
github.com/yi-nology/git-sync-service/biz/model/repo/repo.go:1715.3,1715.18 1 0
github.com/yi-nology/git-sync-service/biz/model/repo/repo.go:1716.10,1717.36 1 0
github.com/yi-nology/git-sync-service/biz/model/repo/repo.go:1717.36,1718.46 1 0
github.com/yi-nology/git-sync-service/biz/model/repo/repo.go:1718.46,1719.25 1 0
github.com/yi-nology/git-sync-service/biz/model/repo/repo.go:1721.10,1721.56 1 0
github.com/yi-nology/git-sync-service/biz/model/repo/repo.go:1721.56,1722.24 1 0
github.com/yi-nology/git-sync-service/biz/model/repo/repo.go:1724.10,1725.36 1 0
github.com/yi-nology/git-sync-service/biz/model/repo/repo.go:1725.36,1726.46 1 0
github.com/yi-nology/git-sync-service/biz/model/repo/repo.go:1726.46,1727.25 1 0
github.com/yi-nology/git-sync-service/biz/model/repo/repo.go:1729.10,1729.56 1 0
github.com/yi-nology/git-sync-service/biz/model/repo/repo.go:1729.56,1730.24 1 0
github.com/yi-nology/git-sync-service/biz/model/repo/repo.go:1732.10,1733.36 1 0
github.com/yi-nology/git-sync-service/biz/model/repo/repo.go:1733.36,1734.46 1 0
github.com/yi-nology/git-sync-service/biz/model/repo/repo.go:1734.46,1735.25 1 0
github.com/yi-nology/git-sync-service/biz/model/repo/repo.go:1737.10,1737.56 1 0
github.com/yi-nology/git-sync-service/biz/model/repo/repo.go:1737.56,1738.24 1 0
github.com/yi-nology/git-sync-service/biz/model/repo/repo.go:1740.11,1741.49 1 0
github.com/yi-nology/git-sync-service/biz/model/repo/repo.go:1741.49,1742.24 1 0
github.com/yi-nology/git-sync-service/biz/model/repo/repo.go:1745.3,1745.45 1 0
github.com/yi-nology/git-sync-service/biz/model/repo/repo.go:1745.45,1746.26 1 0
github.com/yi-nology/git-sync-service/biz/model/repo/repo.go:1749.2,1749.45 1 0
github.com/yi-nology/git-sync-service/biz/model/repo/repo.go:1749.45,1750.26 1 0
github.com/yi-nology/git-sync-service/biz/model/repo/repo.go:1753.2,1754.1 2 0
github.com/yi-nology/git-sync-service/biz/model/repo/repo.go:1755.2,1756.1 2 0
github.com/yi-nology/git-sync-service/biz/model/repo/repo.go:1757.2,1758.1 2 0
github.com/yi-nology/git-sync-service/biz/model/repo/repo.go:1759.2,1760.1 2 0
github.com/yi-nology/git-sync-service/biz/model/repo/repo.go:1761.2,1763.1 2 0
github.com/yi-nology/git-sync-service/biz/model/repo/repo.go:1764.2,1765.1 2 0
github.com/yi-nology/git-sync-service/biz/model/repo/repo.go:1766.2,1766.79 1 0
github.com/yi-nology/git-sync-service/biz/model/repo/repo.go:1769.66,1772.46 2 0
github.com/yi-nology/git-sync-service/biz/model/repo/repo.go:1772.46,1774.3 1 0
github.com/yi-nology/git-sync-service/biz/model/repo/repo.go:1774.8,1776.3 1 0
github.com/yi-nology/git-sync-service/biz/model/repo/repo.go:1777.2,1778.12 2 0
github.com/yi-nology/git-sync-service/biz/model/repo/repo.go:1780.66,1783.46 2 0
github.com/yi-nology/git-sync-service/biz/model/repo/repo.go:1783.46,1785.3 1 0
github.com/yi-nology/git-sync-service/biz/model/repo/repo.go:1785.8,1787.3 1 0
github.com/yi-nology/git-sync-service/biz/model/repo/repo.go:1788.2,1789.12 2 0
github.com/yi-nology/git-sync-service/biz/model/repo/repo.go:1791.66,1794.46 2 0
github.com/yi-nology/git-sync-service/biz/model/repo/repo.go:1794.46,1796.3 1 0
github.com/yi-nology/git-sync-service/biz/model/repo/repo.go:1796.8,1798.3 1 0
github.com/yi-nology/git-sync-service/biz/model/repo/repo.go:1799.2,1800.12 2 0
github.com/yi-nology/git-sync-service/biz/model/repo/repo.go:1803.67,1805.63 2 0
github.com/yi-nology/git-sync-service/biz/model/repo/repo.go:1805.63,1806.29 1 0
github.com/yi-nology/git-sync-service/biz/model/repo/repo.go:1808.2,1808.14 1 0
github.com/yi-nology/git-sync-service/biz/model/repo/repo.go:1808.14,1809.45 1 0
github.com/yi-nology/git-sync-service/biz/model/repo/repo.go:1809.45,1811.24 2 0
github.com/yi-nology/git-sync-service/biz/model/repo/repo.go:1813.3,1813.45 1 0
github.com/yi-nology/git-sync-service/biz/model/repo/repo.go:1813.45,1815.24 2 0
github.com/yi-nology/git-sync-service/biz/model/repo/repo.go:1817.3,1817.45 1 0
github.com/yi-nology/git-sync-service/biz/model/repo/repo.go:1817.45,1819.24 2 0
github.com/yi-nology/git-sync-service/biz/model/repo/repo.go:1822.2,1822.46 1 0
github.com/yi-nology/git-sync-service/biz/model/repo/repo.go:1822.46,1823.27 1 0
github.com/yi-nology/git-sync-service/biz/model/repo/repo.go:1825.2,1825.46 1 0
github.com/yi-nology/git-sync-service/biz/model/repo/repo.go:1825.46,1826.27 1 0
github.com/yi-nology/git-sync-service/biz/model/repo/repo.go:1828.2,1829.1 2 0
github.com/yi-nology/git-sync-service/biz/model/repo/repo.go:1830.2,1831.1 2 0
github.com/yi-nology/git-sync-service/biz/model/repo/repo.go:1832.2,1833.1 2 0
github.com/yi-nology/git-sync-service/biz/model/repo/repo.go:1834.2,1835.1 2 0
github.com/yi-nology/git-sync-service/biz/model/repo/repo.go:1836.2,1836.80 1 0
github.com/yi-nology/git-sync-service/biz/model/repo/repo.go:1839.73,1840.70 1 0
github.com/yi-nology/git-sync-service/biz/model/repo/repo.go:1840.70,1841.28 1 0
github.com/yi-nology/git-sync-service/biz/model/repo/repo.go:1843.2,1843.49 1 0
github.com/yi-nology/git-sync-service/biz/model/repo/repo.go:1843.49,1845.3 1 0
github.com/yi-nology/git-sync-service/biz/model/repo/repo.go:1846.2,1846.45 1 0
github.com/yi-nology/git-sync-service/biz/model/repo/repo.go:1846.45,1847.26 1 0
github.com/yi-nology/git-sync-service/biz/model/repo/repo.go:1849.2,1850.1 2 0
github.com/yi-nology/git-sync-service/biz/model/repo/repo.go:1851.2,1852.1 2 0
github.com/yi-nology/git-sync-service/biz/model/repo/repo.go:1853.2,1853.81 1 0
github.com/yi-nology/git-sync-service/biz/model/repo/repo.go:1856.73,1857.71 1 0
github.com/yi-nology/git-sync-service/biz/model/repo/repo.go:1857.71,1858.28 1 0
github.com/yi-nology/git-sync-service/biz/model/repo/repo.go:1860.2,1860.50 1 0
github.com/yi-nology/git-sync-service/biz/model/repo/repo.go:1860.50,1862.3 1 0
github.com/yi-nology/git-sync-service/biz/model/repo/repo.go:1863.2,1863.45 1 0
github.com/yi-nology/git-sync-service/biz/model/repo/repo.go:1863.45,1864.26 1 0
github.com/yi-nology/git-sync-service/biz/model/repo/repo.go:1866.2,1867.1 2 0
github.com/yi-nology/git-sync-service/biz/model/repo/repo.go:1868.2,1869.1 2 0
github.com/yi-nology/git-sync-service/biz/model/repo/repo.go:1870.2,1870.81 1 0
github.com/yi-nology/git-sync-service/biz/model/repo/repo.go:1873.73,1874.79 1 0
github.com/yi-nology/git-sync-service/biz/model/repo/repo.go:1874.79,1875.28 1 0
github.com/yi-nology/git-sync-service/biz/model/repo/repo.go:1877.2,1877.57 1 0
github.com/yi-nology/git-sync-service/biz/model/repo/repo.go:1877.57,1879.3 1 0
github.com/yi-nology/git-sync-service/biz/model/repo/repo.go:1880.2,1880.45 1 0
github.com/yi-nology/git-sync-service/biz/model/repo/repo.go:1880.45,1881.26 1 0
github.com/yi-nology/git-sync-service/biz/model/repo/repo.go:1883.2,1884.1 2 0
github.com/yi-nology/git-sync-service/biz/model/repo/repo.go:1885.2,1886.1 2 0
github.com/yi-nology/git-sync-service/biz/model/repo/repo.go:1887.2,1887.81 1 0
github.com/yi-nology/git-sync-service/biz/model/repo/repo.go:1890.41,1891.14 1 0
github.com/yi-nology/git-sync-service/biz/model/repo/repo.go:1891.14,1893.3 1 0
github.com/yi-nology/git-sync-service/biz/model/repo/repo.go:1894.2,1894.46 1 0
github.com/yi-nology/git-sync-service/biz/model/repo/repo.go:1902.42,1904.2 1 0
github.com/yi-nology/git-sync-service/biz/model/repo/repo.go:1906.41,1907.2 0 0
github.com/yi-nology/git-sync-service/biz/model/repo/repo.go:1911.50,1912.20 1 0
github.com/yi-nology/git-sync-service/biz/model/repo/repo.go:1912.20,1914.3 1 0
github.com/yi-nology/git-sync-service/biz/model/repo/repo.go:1915.2,1915.15 1 0
github.com/yi-nology/git-sync-service/biz/model/repo/repo.go:1922.43,1924.2 1 0
github.com/yi-nology/git-sync-service/biz/model/repo/repo.go:1926.67,1931.50 3 0
github.com/yi-nology/git-sync-service/biz/model/repo/repo.go:1931.50,1932.28 1 0
github.com/yi-nology/git-sync-service/biz/model/repo/repo.go:1935.2,1935.6 1 0
github.com/yi-nology/git-sync-service/biz/model/repo/repo.go:1935.6,1937.17 2 0
github.com/yi-nology/git-sync-service/biz/model/repo/repo.go:1937.17,1938.28 1 0
github.com/yi-nology/git-sync-service/biz/model/repo/repo.go:1940.3,1940.33 1 0
github.com/yi-nology/git-sync-service/biz/model/repo/repo.go:1940.33,1941.9 1 0
github.com/yi-nology/git-sync-service/biz/model/repo/repo.go:1944.3,1944.18 1 0
github.com/yi-nology/git-sync-service/biz/model/repo/repo.go:1945.10,1946.36 1 0
github.com/yi-nology/git-sync-service/biz/model/repo/repo.go:1946.36,1947.46 1 0
github.com/yi-nology/git-sync-service/biz/model/repo/repo.go:1947.46,1948.25 1 0
github.com/yi-nology/git-sync-service/biz/model/repo/repo.go:1950.10,1950.56 1 0
github.com/yi-nology/git-sync-service/biz/model/repo/repo.go:1950.56,1951.24 1 0
github.com/yi-nology/git-sync-service/biz/model/repo/repo.go:1953.11,1954.49 1 0
github.com/yi-nology/git-sync-service/biz/model/repo/repo.go:1954.49,1955.24 1 0
github.com/yi-nology/git-sync-service/biz/model/repo/repo.go:1958.3,1958.45 1 0
github.com/yi-nology/git-sync-service/biz/model/repo/repo.go:1958.45,1959.26 1 0
github.com/yi-nology/git-sync-service/biz/model/repo/repo.go:1962.2,1962.45 1 0
github.com/yi-nology/git-sync-service/biz/model/repo/repo.go:1962.45,1963.26 1 0
github.com/yi-nology/git-sync-service/biz/model/repo/repo.go:1966.2,1967.1 2 0
github.com/yi-nology/git-sync-service/biz/model/repo/repo.go:1968.2,1969.1 2 0
github.com/yi-nology/git-sync-service/biz/model/repo/repo.go:1970.2,1971.1 2 0
github.com/yi-nology/git-sync-service/biz/model/repo/repo.go:1972.2,1973.1 2 0
github.com/yi-nology/git-sync-service/biz/model/repo/repo.go:1974.2,1976.1 2 0
github.com/yi-nology/git-sync-service/biz/model/repo/repo.go:1977.2,1978.1 2 0
github.com/yi-nology/git-sync-service/biz/model/repo/repo.go:1979.2,1979.79 1 0
github.com/yi-nology/git-sync-service/biz/model/repo/repo.go:1982.67,1984.43 2 0
github.com/yi-nology/git-sync-service/biz/model/repo/repo.go:1984.43,1986.3 1 0
github.com/yi-nology/git-sync-service/biz/model/repo/repo.go:1987.2,1988.12 2 0
github.com/yi-nology/git-sync-service/biz/model/repo/repo.go:1991.68,1993.64 2 0
github.com/yi-nology/git-sync-service/biz/model/repo/repo.go:1993.64,1994.29 1 0
github.com/yi-nology/git-sync-service/biz/model/repo/repo.go:1996.2,1996.14 1 0
github.com/yi-nology/git-sync-service/biz/model/repo/repo.go:1996.14,1997.45 1 0
github.com/yi-nology/git-sync-service/biz/model/repo/repo.go:1997.45,1999.24 2 0
github.com/yi-nology/git-sync-service/biz/model/repo/repo.go:2002.2,2002.46 1 0
github.com/yi-nology/git-sync-service/biz/model/repo/repo.go:2002.46,2003.27 1 0
github.com/yi-nology/git-sync-service/biz/model/repo/repo.go:2005.2,2005.46 1 0
github.com/yi-nology/git-sync-service/biz/model/repo/repo.go:2005.46,2006.27 1 0
github.com/yi-nology/git-sync-service/biz/model/repo/repo.go:2008.2,2009.1 2 0
github.com/yi-nology/git-sync-service/biz/model/repo/repo.go:2010.2,2011.1 2 0
github.com/yi-nology/git-sync-service/biz/model/repo/repo.go:2012.2,2013.1 2 0
github.com/yi-nology/git-sync-service/biz/model/repo/repo.go:2014.2,2015.1 2 0
github.com/yi-nology/git-sync-service/biz/model/repo/repo.go:2016.2,2016.80 1 0
github.com/yi-nology/git-sync-service/biz/model/repo/repo.go:2019.74,2020.71 1 0
github.com/yi-nology/git-sync-service/biz/model/repo/repo.go:2020.71,2021.28 1 0
github.com/yi-nology/git-sync-service/biz/model/repo/repo.go:2023.2,2023.44 1 0
github.com/yi-nology/git-sync-service/biz/model/repo/repo.go:2023.44,2025.3 1 0
github.com/yi-nology/git-sync-service/biz/model/repo/repo.go:2026.2,2026.45 1 0
github.com/yi-nology/git-sync-service/biz/model/repo/repo.go:2026.45,2027.26 1 0
github.com/yi-nology/git-sync-service/biz/model/repo/repo.go:2029.2,2030.1 2 0
github.com/yi-nology/git-sync-service/biz/model/repo/repo.go:2031.2,2032.1 2 0
github.com/yi-nology/git-sync-service/biz/model/repo/repo.go:2033.2,2033.81 1 0
github.com/yi-nology/git-sync-service/biz/model/repo/repo.go:2036.42,2037.14 1 0
github.com/yi-nology/git-sync-service/biz/model/repo/repo.go:2037.14,2039.3 1 0
github.com/yi-nology/git-sync-service/biz/model/repo/repo.go:2040.2,2040.47 1 0
github.com/yi-nology/git-sync-service/biz/model/repo/repo.go:2048.40,2050.2 1 0
github.com/yi-nology/git-sync-service/biz/model/repo/repo.go:2052.40,2053.2 0 0
github.com/yi-nology/git-sync-service/biz/model/repo/repo.go:2055.45,2057.2 1 0
github.com/yi-nology/git-sync-service/biz/model/repo/repo.go:2063.66,2068.50 3 0
github.com/yi-nology/git-sync-service/biz/model/repo/repo.go:2068.50,2069.28 1 0
github.com/yi-nology/git-sync-service/biz/model/repo/repo.go:2072.2,2072.6 1 0
github.com/yi-nology/git-sync-service/biz/model/repo/repo.go:2072.6,2074.17 2 0
github.com/yi-nology/git-sync-service/biz/model/repo/repo.go:2074.17,2075.28 1 0
github.com/yi-nology/git-sync-service/biz/model/repo/repo.go:2077.3,2077.33 1 0
github.com/yi-nology/git-sync-service/biz/model/repo/repo.go:2077.33,2078.9 1 0
github.com/yi-nology/git-sync-service/biz/model/repo/repo.go:2081.3,2081.18 1 0
github.com/yi-nology/git-sync-service/biz/model/repo/repo.go:2082.10,2083.36 1 0
github.com/yi-nology/git-sync-service/biz/model/repo/repo.go:2083.36,2084.46 1 0
github.com/yi-nology/git-sync-service/biz/model/repo/repo.go:2084.46,2085.25 1 0
github.com/yi-nology/git-sync-service/biz/model/repo/repo.go:2087.10,2087.56 1 0
github.com/yi-nology/git-sync-service/biz/model/repo/repo.go:2087.56,2088.24 1 0
github.com/yi-nology/git-sync-service/biz/model/repo/repo.go:2090.11,2091.49 1 0
github.com/yi-nology/git-sync-service/biz/model/repo/repo.go:2091.49,2092.24 1 0
github.com/yi-nology/git-sync-service/biz/model/repo/repo.go:2095.3,2095.45 1 0
github.com/yi-nology/git-sync-service/biz/model/repo/repo.go:2095.45,2096.26 1 0
github.com/yi-nology/git-sync-service/biz/model/repo/repo.go:2099.2,2099.45 1 0
github.com/yi-nology/git-sync-service/biz/model/repo/repo.go:2099.45,2100.26 1 0
github.com/yi-nology/git-sync-service/biz/model/repo/repo.go:2103.2,2104.1 2 0
github.com/yi-nology/git-sync-service/biz/model/repo/repo.go:2105.2,2106.1 2 0
github.com/yi-nology/git-sync-service/biz/model/repo/repo.go:2107.2,2108.1 2 0
github.com/yi-nology/git-sync-service/biz/model/repo/repo.go:2109.2,2110.1 2 0
github.com/yi-nology/git-sync-service/biz/model/repo/repo.go:2111.2,2113.1 2 0
github.com/yi-nology/git-sync-service/biz/model/repo/repo.go:2114.2,2115.1 2 0
github.com/yi-nology/git-sync-service/biz/model/repo/repo.go:2116.2,2116.79 1 0
github.com/yi-nology/git-sync-service/biz/model/repo/repo.go:2119.66,2122.46 2 0
github.com/yi-nology/git-sync-service/biz/model/repo/repo.go:2122.46,2124.3 1 0
github.com/yi-nology/git-sync-service/biz/model/repo/repo.go:2124.8,2126.3 1 0
github.com/yi-nology/git-sync-service/biz/model/repo/repo.go:2127.2,2128.12 2 0
github.com/yi-nology/git-sync-service/biz/model/repo/repo.go:2131.67,2133.63 2 0
github.com/yi-nology/git-sync-service/biz/model/repo/repo.go:2133.63,2134.29 1 0
github.com/yi-nology/git-sync-service/biz/model/repo/repo.go:2136.2,2136.14 1 0
github.com/yi-nology/git-sync-service/biz/model/repo/repo.go:2136.14,2137.45 1 0
github.com/yi-nology/git-sync-service/biz/model/repo/repo.go:2137.45,2139.24 2 0
github.com/yi-nology/git-sync-service/biz/model/repo/repo.go:2142.2,2142.46 1 0
github.com/yi-nology/git-sync-service/biz/model/repo/repo.go:2142.46,2143.27 1 0
github.com/yi-nology/git-sync-service/biz/model/repo/repo.go:2145.2,2145.46 1 0
github.com/yi-nology/git-sync-service/biz/model/repo/repo.go:2145.46,2146.27 1 0
github.com/yi-nology/git-sync-service/biz/model/repo/repo.go:2148.2,2149.1 2 0
github.com/yi-nology/git-sync-service/biz/model/repo/repo.go:2150.2,2151.1 2 0
github.com/yi-nology/git-sync-service/biz/model/repo/repo.go:2152.2,2153.1 2 0
github.com/yi-nology/git-sync-service/biz/model/repo/repo.go:2154.2,2155.1 2 0
github.com/yi-nology/git-sync-service/biz/model/repo/repo.go:2156.2,2156.80 1 0
github.com/yi-nology/git-sync-service/biz/model/repo/repo.go:2159.73,2160.70 1 0
github.com/yi-nology/git-sync-service/biz/model/repo/repo.go:2160.70,2161.28 1 0
github.com/yi-nology/git-sync-service/biz/model/repo/repo.go:2163.2,2163.49 1 0
github.com/yi-nology/git-sync-service/biz/model/repo/repo.go:2163.49,2165.3 1 0
github.com/yi-nology/git-sync-service/biz/model/repo/repo.go:2166.2,2166.45 1 0
github.com/yi-nology/git-sync-service/biz/model/repo/repo.go:2166.45,2167.26 1 0
github.com/yi-nology/git-sync-service/biz/model/repo/repo.go:2169.2,2170.1 2 0
github.com/yi-nology/git-sync-service/biz/model/repo/repo.go:2171.2,2172.1 2 0
github.com/yi-nology/git-sync-service/biz/model/repo/repo.go:2173.2,2173.81 1 0
github.com/yi-nology/git-sync-service/biz/model/repo/repo.go:2176.41,2177.14 1 0
github.com/yi-nology/git-sync-service/biz/model/repo/repo.go:2177.14,2179.3 1 0
github.com/yi-nology/git-sync-service/biz/model/repo/repo.go:2180.2,2180.46 1 0
github.com/yi-nology/git-sync-service/biz/model/repo/repo.go:2188.42,2190.2 1 0
github.com/yi-nology/git-sync-service/biz/model/repo/repo.go:2192.41,2193.2 0 0
github.com/yi-nology/git-sync-service/biz/model/repo/repo.go:2195.48,2197.2 1 0
github.com/yi-nology/git-sync-service/biz/model/repo/repo.go:2203.67,2208.50 3 0
github.com/yi-nology/git-sync-service/biz/model/repo/repo.go:2208.50,2209.28 1 0
github.com/yi-nology/git-sync-service/biz/model/repo/repo.go:2212.2,2212.6 1 0
github.com/yi-nology/git-sync-service/biz/model/repo/repo.go:2212.6,2214.17 2 0
github.com/yi-nology/git-sync-service/biz/model/repo/repo.go:2214.17,2215.28 1 0
github.com/yi-nology/git-sync-service/biz/model/repo/repo.go:2217.3,2217.33 1 0
github.com/yi-nology/git-sync-service/biz/model/repo/repo.go:2217.33,2218.9 1 0
github.com/yi-nology/git-sync-service/biz/model/repo/repo.go:2221.3,2221.18 1 0
github.com/yi-nology/git-sync-service/biz/model/repo/repo.go:2222.10,2223.34 1 0
github.com/yi-nology/git-sync-service/biz/model/repo/repo.go:2223.34,2224.46 1 0
github.com/yi-nology/git-sync-service/biz/model/repo/repo.go:2224.46,2225.25 1 0
github.com/yi-nology/git-sync-service/biz/model/repo/repo.go:2227.10,2227.56 1 0
github.com/yi-nology/git-sync-service/biz/model/repo/repo.go:2227.56,2228.24 1 0
github.com/yi-nology/git-sync-service/biz/model/repo/repo.go:2230.11,2231.49 1 0
github.com/yi-nology/git-sync-service/biz/model/repo/repo.go:2231.49,2232.24 1 0
github.com/yi-nology/git-sync-service/biz/model/repo/repo.go:2235.3,2235.45 1 0
github.com/yi-nology/git-sync-service/biz/model/repo/repo.go:2235.45,2236.26 1 0
github.com/yi-nology/git-sync-service/biz/model/repo/repo.go:2239.2,2239.45 1 0
github.com/yi-nology/git-sync-service/biz/model/repo/repo.go:2239.45,2240.26 1 0
github.com/yi-nology/git-sync-service/biz/model/repo/repo.go:2243.2,2244.1 2 0
github.com/yi-nology/git-sync-service/biz/model/repo/repo.go:2245.2,2246.1 2 0
github.com/yi-nology/git-sync-service/biz/model/repo/repo.go:2247.2,2248.1 2 0
github.com/yi-nology/git-sync-service/biz/model/repo/repo.go:2249.2,2250.1 2 0
github.com/yi-nology/git-sync-service/biz/model/repo/repo.go:2251.2,2253.1 2 0
github.com/yi-nology/git-sync-service/biz/model/repo/repo.go:2254.2,2255.1 2 0
github.com/yi-nology/git-sync-service/biz/model/repo/repo.go:2256.2,2256.79 1 0
github.com/yi-nology/git-sync-service/biz/model/repo/repo.go:2259.67,2262.44 2 0
github.com/yi-nology/git-sync-service/biz/model/repo/repo.go:2262.44,2264.3 1 0
github.com/yi-nology/git-sync-service/biz/model/repo/repo.go:2264.8,2266.3 1 0
github.com/yi-nology/git-sync-service/biz/model/repo/repo.go:2267.2,2268.12 2 0
github.com/yi-nology/git-sync-service/biz/model/repo/repo.go:2271.68,2273.64 2 0
github.com/yi-nology/git-sync-service/biz/model/repo/repo.go:2273.64,2274.29 1 0
github.com/yi-nology/git-sync-service/biz/model/repo/repo.go:2276.2,2276.14 1 0
github.com/yi-nology/git-sync-service/biz/model/repo/repo.go:2276.14,2277.45 1 0
github.com/yi-nology/git-sync-service/biz/model/repo/repo.go:2277.45,2279.24 2 0
github.com/yi-nology/git-sync-service/biz/model/repo/repo.go:2282.2,2282.46 1 0
github.com/yi-nology/git-sync-service/biz/model/repo/repo.go:2282.46,2283.27 1 0
github.com/yi-nology/git-sync-service/biz/model/repo/repo.go:2285.2,2285.46 1 0
github.com/yi-nology/git-sync-service/biz/model/repo/repo.go:2285.46,2286.27 1 0
github.com/yi-nology/git-sync-service/biz/model/repo/repo.go:2288.2,2289.1 2 0
github.com/yi-nology/git-sync-service/biz/model/repo/repo.go:2290.2,2291.1 2 0
github.com/yi-nology/git-sync-service/biz/model/repo/repo.go:2292.2,2293.1 2 0
github.com/yi-nology/git-sync-service/biz/model/repo/repo.go:2294.2,2295.1 2 0
github.com/yi-nology/git-sync-service/biz/model/repo/repo.go:2296.2,2296.80 1 0
github.com/yi-nology/git-sync-service/biz/model/repo/repo.go:2299.74,2300.72 1 0
github.com/yi-nology/git-sync-service/biz/model/repo/repo.go:2300.72,2301.28 1 0
github.com/yi-nology/git-sync-service/biz/model/repo/repo.go:2303.2,2303.51 1 0
github.com/yi-nology/git-sync-service/biz/model/repo/repo.go:2303.51,2305.3 1 0
github.com/yi-nology/git-sync-service/biz/model/repo/repo.go:2306.2,2306.45 1 0
github.com/yi-nology/git-sync-service/biz/model/repo/repo.go:2306.45,2307.26 1 0
github.com/yi-nology/git-sync-service/biz/model/repo/repo.go:2309.2,2310.1 2 0
github.com/yi-nology/git-sync-service/biz/model/repo/repo.go:2311.2,2312.1 2 0
github.com/yi-nology/git-sync-service/biz/model/repo/repo.go:2313.2,2313.81 1 0
github.com/yi-nology/git-sync-service/biz/model/repo/repo.go:2316.42,2317.14 1 0
github.com/yi-nology/git-sync-service/biz/model/repo/repo.go:2317.14,2319.3 1 0
github.com/yi-nology/git-sync-service/biz/model/repo/repo.go:2320.2,2320.47 1 0
github.com/yi-nology/git-sync-service/biz/model/repo/repo.go:2328.48,2330.2 1 0
github.com/yi-nology/git-sync-service/biz/model/repo/repo.go:2332.44,2333.2 0 0
github.com/yi-nology/git-sync-service/biz/model/repo/repo.go:2335.49,2337.2 1 0
github.com/yi-nology/git-sync-service/biz/model/repo/repo.go:2343.70,2348.50 3 0
github.com/yi-nology/git-sync-service/biz/model/repo/repo.go:2348.50,2349.28 1 0
github.com/yi-nology/git-sync-service/biz/model/repo/repo.go:2352.2,2352.6 1 0
github.com/yi-nology/git-sync-service/biz/model/repo/repo.go:2352.6,2354.17 2 0
github.com/yi-nology/git-sync-service/biz/model/repo/repo.go:2354.17,2355.28 1 0
github.com/yi-nology/git-sync-service/biz/model/repo/repo.go:2357.3,2357.33 1 0
github.com/yi-nology/git-sync-service/biz/model/repo/repo.go:2357.33,2358.9 1 0
github.com/yi-nology/git-sync-service/biz/model/repo/repo.go:2361.3,2361.18 1 0
github.com/yi-nology/git-sync-service/biz/model/repo/repo.go:2362.10,2363.36 1 0
github.com/yi-nology/git-sync-service/biz/model/repo/repo.go:2363.36,2364.46 1 0
github.com/yi-nology/git-sync-service/biz/model/repo/repo.go:2364.46,2365.25 1 0
github.com/yi-nology/git-sync-service/biz/model/repo/repo.go:2367.10,2367.56 1 0
github.com/yi-nology/git-sync-service/biz/model/repo/repo.go:2367.56,2368.24 1 0
github.com/yi-nology/git-sync-service/biz/model/repo/repo.go:2370.11,2371.49 1 0
github.com/yi-nology/git-sync-service/biz/model/repo/repo.go:2371.49,2372.24 1 0
github.com/yi-nology/git-sync-service/biz/model/repo/repo.go:2375.3,2375.45 1 0
github.com/yi-nology/git-sync-service/biz/model/repo/repo.go:2375.45,2376.26 1 0
github.com/yi-nology/git-sync-service/biz/model/repo/repo.go:2379.2,2379.45 1 0
github.com/yi-nology/git-sync-service/biz/model/repo/repo.go:2379.45,2380.26 1 0
github.com/yi-nology/git-sync-service/biz/model/repo/repo.go:2383.2,2384.1 2 0
github.com/yi-nology/git-sync-service/biz/model/repo/repo.go:2385.2,2386.1 2 0
github.com/yi-nology/git-sync-service/biz/model/repo/repo.go:2387.2,2388.1 2 0
github.com/yi-nology/git-sync-service/biz/model/repo/repo.go:2389.2,2390.1 2 0
github.com/yi-nology/git-sync-service/biz/model/repo/repo.go:2391.2,2393.1 2 0
github.com/yi-nology/git-sync-service/biz/model/repo/repo.go:2394.2,2395.1 2 0
github.com/yi-nology/git-sync-service/biz/model/repo/repo.go:2396.2,2396.79 1 0
github.com/yi-nology/git-sync-service/biz/model/repo/repo.go:2399.70,2402.46 2 0
github.com/yi-nology/git-sync-service/biz/model/repo/repo.go:2402.46,2404.3 1 0
github.com/yi-nology/git-sync-service/biz/model/repo/repo.go:2404.8,2406.3 1 0
github.com/yi-nology/git-sync-service/biz/model/repo/repo.go:2407.2,2408.12 2 0
github.com/yi-nology/git-sync-service/biz/model/repo/repo.go:2411.71,2413.67 2 0
github.com/yi-nology/git-sync-service/biz/model/repo/repo.go:2413.67,2414.29 1 0
github.com/yi-nology/git-sync-service/biz/model/repo/repo.go:2416.2,2416.14 1 0
github.com/yi-nology/git-sync-service/biz/model/repo/repo.go:2416.14,2417.45 1 0
github.com/yi-nology/git-sync-service/biz/model/repo/repo.go:2417.45,2419.24 2 0
github.com/yi-nology/git-sync-service/biz/model/repo/repo.go:2422.2,2422.46 1 0
github.com/yi-nology/git-sync-service/biz/model/repo/repo.go:2422.46,2423.27 1 0
github.com/yi-nology/git-sync-service/biz/model/repo/repo.go:2425.2,2425.46 1 0
github.com/yi-nology/git-sync-service/biz/model/repo/repo.go:2425.46,2426.27 1 0
github.com/yi-nology/git-sync-service/biz/model/repo/repo.go:2428.2,2429.1 2 0
github.com/yi-nology/git-sync-service/biz/model/repo/repo.go:2430.2,2431.1 2 0
github.com/yi-nology/git-sync-service/biz/model/repo/repo.go:2432.2,2433.1 2 0
github.com/yi-nology/git-sync-service/biz/model/repo/repo.go:2434.2,2435.1 2 0
github.com/yi-nology/git-sync-service/biz/model/repo/repo.go:2436.2,2436.80 1 0
github.com/yi-nology/git-sync-service/biz/model/repo/repo.go:2439.77,2440.70 1 0
github.com/yi-nology/git-sync-service/biz/model/repo/repo.go:2440.70,2441.28 1 0
github.com/yi-nology/git-sync-service/biz/model/repo/repo.go:2443.2,2443.49 1 0
github.com/yi-nology/git-sync-service/biz/model/repo/repo.go:2443.49,2445.3 1 0
github.com/yi-nology/git-sync-service/biz/model/repo/repo.go:2446.2,2446.45 1 0
github.com/yi-nology/git-sync-service/biz/model/repo/repo.go:2446.45,2447.26 1 0
github.com/yi-nology/git-sync-service/biz/model/repo/repo.go:2449.2,2450.1 2 0
github.com/yi-nology/git-sync-service/biz/model/repo/repo.go:2451.2,2452.1 2 0
github.com/yi-nology/git-sync-service/biz/model/repo/repo.go:2453.2,2453.81 1 0
github.com/yi-nology/git-sync-service/biz/model/repo/repo.go:2456.45,2457.14 1 0
github.com/yi-nology/git-sync-service/biz/model/repo/repo.go:2457.14,2459.3 1 0
github.com/yi-nology/git-sync-service/biz/model/repo/repo.go:2460.2,2460.50 1 0
github.com/yi-nology/git-sync-service/biz/model/repo/repo.go:2469.50,2471.2 1 0
github.com/yi-nology/git-sync-service/biz/model/repo/repo.go:2473.45,2474.2 0 0
github.com/yi-nology/git-sync-service/biz/model/repo/repo.go:2476.52,2478.2 1 0
github.com/yi-nology/git-sync-service/biz/model/repo/repo.go:2480.54,2482.2 1 0
github.com/yi-nology/git-sync-service/biz/model/repo/repo.go:2489.71,2494.50 3 0
github.com/yi-nology/git-sync-service/biz/model/repo/repo.go:2494.50,2495.28 1 0
github.com/yi-nology/git-sync-service/biz/model/repo/repo.go:2498.2,2498.6 1 0
github.com/yi-nology/git-sync-service/biz/model/repo/repo.go:2498.6,2500.17 2 0
github.com/yi-nology/git-sync-service/biz/model/repo/repo.go:2500.17,2501.28 1 0
github.com/yi-nology/git-sync-service/biz/model/repo/repo.go:2503.3,2503.33 1 0
github.com/yi-nology/git-sync-service/biz/model/repo/repo.go:2503.33,2504.9 1 0
github.com/yi-nology/git-sync-service/biz/model/repo/repo.go:2507.3,2507.18 1 0
github.com/yi-nology/git-sync-service/biz/model/repo/repo.go:2508.10,2509.34 1 0
github.com/yi-nology/git-sync-service/biz/model/repo/repo.go:2509.34,2510.46 1 0
github.com/yi-nology/git-sync-service/biz/model/repo/repo.go:2510.46,2511.25 1 0
github.com/yi-nology/git-sync-service/biz/model/repo/repo.go:2513.10,2513.56 1 0
github.com/yi-nology/git-sync-service/biz/model/repo/repo.go:2513.56,2514.24 1 0
github.com/yi-nology/git-sync-service/biz/model/repo/repo.go:2516.10,2517.36 1 0
github.com/yi-nology/git-sync-service/biz/model/repo/repo.go:2517.36,2518.46 1 0
github.com/yi-nology/git-sync-service/biz/model/repo/repo.go:2518.46,2519.25 1 0
github.com/yi-nology/git-sync-service/biz/model/repo/repo.go:2521.10,2521.56 1 0
github.com/yi-nology/git-sync-service/biz/model/repo/repo.go:2521.56,2522.24 1 0
github.com/yi-nology/git-sync-service/biz/model/repo/repo.go:2524.11,2525.49 1 0
github.com/yi-nology/git-sync-service/biz/model/repo/repo.go:2525.49,2526.24 1 0
github.com/yi-nology/git-sync-service/biz/model/repo/repo.go:2529.3,2529.45 1 0
github.com/yi-nology/git-sync-service/biz/model/repo/repo.go:2529.45,2530.26 1 0
github.com/yi-nology/git-sync-service/biz/model/repo/repo.go:2533.2,2533.45 1 0
github.com/yi-nology/git-sync-service/biz/model/repo/repo.go:2533.45,2534.26 1 0
github.com/yi-nology/git-sync-service/biz/model/repo/repo.go:2537.2,2538.1 2 0
github.com/yi-nology/git-sync-service/biz/model/repo/repo.go:2539.2,2540.1 2 0
github.com/yi-nology/git-sync-service/biz/model/repo/repo.go:2541.2,2542.1 2 0
github.com/yi-nology/git-sync-service/biz/model/repo/repo.go:2543.2,2544.1 2 0
github.com/yi-nology/git-sync-service/biz/model/repo/repo.go:2545.2,2547.1 2 0
github.com/yi-nology/git-sync-service/biz/model/repo/repo.go:2548.2,2549.1 2 0
github.com/yi-nology/git-sync-service/biz/model/repo/repo.go:2550.2,2550.79 1 0
github.com/yi-nology/git-sync-service/biz/model/repo/repo.go:2553.71,2556.44 2 0
github.com/yi-nology/git-sync-service/biz/model/repo/repo.go:2556.44,2558.3 1 0
github.com/yi-nology/git-sync-service/biz/model/repo/repo.go:2558.8,2560.3 1 0
github.com/yi-nology/git-sync-service/biz/model/repo/repo.go:2561.2,2562.12 2 0
github.com/yi-nology/git-sync-service/biz/model/repo/repo.go:2564.71,2567.46 2 0
github.com/yi-nology/git-sync-service/biz/model/repo/repo.go:2567.46,2569.3 1 0
github.com/yi-nology/git-sync-service/biz/model/repo/repo.go:2569.8,2571.3 1 0
github.com/yi-nology/git-sync-service/biz/model/repo/repo.go:2572.2,2573.12 2 0
github.com/yi-nology/git-sync-service/biz/model/repo/repo.go:2576.72,2578.68 2 0
github.com/yi-nology/git-sync-service/biz/model/repo/repo.go:2578.68,2579.29 1 0
github.com/yi-nology/git-sync-service/biz/model/repo/repo.go:2581.2,2581.14 1 0
github.com/yi-nology/git-sync-service/biz/model/repo/repo.go:2581.14,2582.45 1 0
github.com/yi-nology/git-sync-service/biz/model/repo/repo.go:2582.45,2584.24 2 0
github.com/yi-nology/git-sync-service/biz/model/repo/repo.go:2586.3,2586.45 1 0
github.com/yi-nology/git-sync-service/biz/model/repo/repo.go:2586.45,2588.24 2 0
github.com/yi-nology/git-sync-service/biz/model/repo/repo.go:2591.2,2591.46 1 0
github.com/yi-nology/git-sync-service/biz/model/repo/repo.go:2591.46,2592.27 1 0
github.com/yi-nology/git-sync-service/biz/model/repo/repo.go:2594.2,2594.46 1 0
github.com/yi-nology/git-sync-service/biz/model/repo/repo.go:2594.46,2595.27 1 0
github.com/yi-nology/git-sync-service/biz/model/repo/repo.go:2597.2,2598.1 2 0
github.com/yi-nology/git-sync-service/biz/model/repo/repo.go:2599.2,2600.1 2 0
github.com/yi-nology/git-sync-service/biz/model/repo/repo.go:2601.2,2602.1 2 0
github.com/yi-nology/git-sync-service/biz/model/repo/repo.go:2603.2,2604.1 2 0
github.com/yi-nology/git-sync-service/biz/model/repo/repo.go:2605.2,2605.80 1 0
github.com/yi-nology/git-sync-service/biz/model/repo/repo.go:2608.78,2609.72 1 0
github.com/yi-nology/git-sync-service/biz/model/repo/repo.go:2609.72,2610.28 1 0
github.com/yi-nology/git-sync-service/biz/model/repo/repo.go:2612.2,2612.51 1 0
github.com/yi-nology/git-sync-service/biz/model/repo/repo.go:2612.51,2614.3 1 0
github.com/yi-nology/git-sync-service/biz/model/repo/repo.go:2615.2,2615.45 1 0
github.com/yi-nology/git-sync-service/biz/model/repo/repo.go:2615.45,2616.26 1 0
github.com/yi-nology/git-sync-service/biz/model/repo/repo.go:2618.2,2619.1 2 0
github.com/yi-nology/git-sync-service/biz/model/repo/repo.go:2620.2,2621.1 2 0
github.com/yi-nology/git-sync-service/biz/model/repo/repo.go:2622.2,2622.81 1 0
github.com/yi-nology/git-sync-service/biz/model/repo/repo.go:2625.78,2626.74 1 0
github.com/yi-nology/git-sync-service/biz/model/repo/repo.go:2626.74,2627.28 1 0
github.com/yi-nology/git-sync-service/biz/model/repo/repo.go:2629.2,2629.53 1 0
github.com/yi-nology/git-sync-service/biz/model/repo/repo.go:2629.53,2631.3 1 0
github.com/yi-nology/git-sync-service/biz/model/repo/repo.go:2632.2,2632.45 1 0
github.com/yi-nology/git-sync-service/biz/model/repo/repo.go:2632.45,2633.26 1 0
github.com/yi-nology/git-sync-service/biz/model/repo/repo.go:2635.2,2636.1 2 0
github.com/yi-nology/git-sync-service/biz/model/repo/repo.go:2637.2,2638.1 2 0
github.com/yi-nology/git-sync-service/biz/model/repo/repo.go:2639.2,2639.81 1 0
github.com/yi-nology/git-sync-service/biz/model/repo/repo.go:2642.46,2643.14 1 0
github.com/yi-nology/git-sync-service/biz/model/repo/repo.go:2643.14,2645.3 1 0
github.com/yi-nology/git-sync-service/biz/model/repo/repo.go:2646.2,2646.51 1 0
github.com/yi-nology/git-sync-service/biz/model/repo/repo.go:2654.44,2656.2 1 0
github.com/yi-nology/git-sync-service/biz/model/repo/repo.go:2658.42,2659.2 0 0
github.com/yi-nology/git-sync-service/biz/model/repo/repo.go:2661.47,2663.2 1 0
github.com/yi-nology/git-sync-service/biz/model/repo/repo.go:2669.68,2674.50 3 0
github.com/yi-nology/git-sync-service/biz/model/repo/repo.go:2674.50,2675.28 1 0
github.com/yi-nology/git-sync-service/biz/model/repo/repo.go:2678.2,2678.6 1 0
github.com/yi-nology/git-sync-service/biz/model/repo/repo.go:2678.6,2680.17 2 0
github.com/yi-nology/git-sync-service/biz/model/repo/repo.go:2680.17,2681.28 1 0
github.com/yi-nology/git-sync-service/biz/model/repo/repo.go:2683.3,2683.33 1 0
github.com/yi-nology/git-sync-service/biz/model/repo/repo.go:2683.33,2684.9 1 0
github.com/yi-nology/git-sync-service/biz/model/repo/repo.go:2687.3,2687.18 1 0
github.com/yi-nology/git-sync-service/biz/model/repo/repo.go:2688.10,2689.36 1 0
github.com/yi-nology/git-sync-service/biz/model/repo/repo.go:2689.36,2690.46 1 0
github.com/yi-nology/git-sync-service/biz/model/repo/repo.go:2690.46,2691.25 1 0
github.com/yi-nology/git-sync-service/biz/model/repo/repo.go:2693.10,2693.56 1 0
github.com/yi-nology/git-sync-service/biz/model/repo/repo.go:2693.56,2694.24 1 0
github.com/yi-nology/git-sync-service/biz/model/repo/repo.go:2696.11,2697.49 1 0
github.com/yi-nology/git-sync-service/biz/model/repo/repo.go:2697.49,2698.24 1 0
github.com/yi-nology/git-sync-service/biz/model/repo/repo.go:2701.3,2701.45 1 0
github.com/yi-nology/git-sync-service/biz/model/repo/repo.go:2701.45,2702.26 1 0
github.com/yi-nology/git-sync-service/biz/model/repo/repo.go:2705.2,2705.45 1 0
github.com/yi-nology/git-sync-service/biz/model/repo/repo.go:2705.45,2706.26 1 0
github.com/yi-nology/git-sync-service/biz/model/repo/repo.go:2709.2,2710.1 2 0
github.com/yi-nology/git-sync-service/biz/model/repo/repo.go:2711.2,2712.1 2 0
github.com/yi-nology/git-sync-service/biz/model/repo/repo.go:2713.2,2714.1 2 0
github.com/yi-nology/git-sync-service/biz/model/repo/repo.go:2715.2,2716.1 2 0
github.com/yi-nology/git-sync-service/biz/model/repo/repo.go:2717.2,2719.1 2 0
github.com/yi-nology/git-sync-service/biz/model/repo/repo.go:2720.2,2721.1 2 0
github.com/yi-nology/git-sync-service/biz/model/repo/repo.go:2722.2,2722.79 1 0
github.com/yi-nology/git-sync-service/biz/model/repo/repo.go:2725.68,2728.46 2 0
github.com/yi-nology/git-sync-service/biz/model/repo/repo.go:2728.46,2730.3 1 0
github.com/yi-nology/git-sync-service/biz/model/repo/repo.go:2730.8,2732.3 1 0
github.com/yi-nology/git-sync-service/biz/model/repo/repo.go:2733.2,2734.12 2 0
github.com/yi-nology/git-sync-service/biz/model/repo/repo.go:2737.69,2739.65 2 0
github.com/yi-nology/git-sync-service/biz/model/repo/repo.go:2739.65,2740.29 1 0
github.com/yi-nology/git-sync-service/biz/model/repo/repo.go:2742.2,2742.14 1 0
github.com/yi-nology/git-sync-service/biz/model/repo/repo.go:2742.14,2743.45 1 0
github.com/yi-nology/git-sync-service/biz/model/repo/repo.go:2743.45,2745.24 2 0
github.com/yi-nology/git-sync-service/biz/model/repo/repo.go:2748.2,2748.46 1 0
github.com/yi-nology/git-sync-service/biz/model/repo/repo.go:2748.46,2749.27 1 0
github.com/yi-nology/git-sync-service/biz/model/repo/repo.go:2751.2,2751.46 1 0
github.com/yi-nology/git-sync-service/biz/model/repo/repo.go:2751.46,2752.27 1 0
github.com/yi-nology/git-sync-service/biz/model/repo/repo.go:2754.2,2755.1 2 0
github.com/yi-nology/git-sync-service/biz/model/repo/repo.go:2756.2,2757.1 2 0
github.com/yi-nology/git-sync-service/biz/model/repo/repo.go:2758.2,2759.1 2 0
github.com/yi-nology/git-sync-service/biz/model/repo/repo.go:2760.2,2761.1 2 0
github.com/yi-nology/git-sync-service/biz/model/repo/repo.go:2762.2,2762.80 1 0
github.com/yi-nology/git-sync-service/biz/model/repo/repo.go:2765.75,2766.70 1 0
github.com/yi-nology/git-sync-service/biz/model/repo/repo.go:2766.70,2767.28 1 0
github.com/yi-nology/git-sync-service/biz/model/repo/repo.go:2769.2,2769.49 1 0
github.com/yi-nology/git-sync-service/biz/model/repo/repo.go:2769.49,2771.3 1 0
github.com/yi-nology/git-sync-service/biz/model/repo/repo.go:2772.2,2772.45 1 0
github.com/yi-nology/git-sync-service/biz/model/repo/repo.go:2772.45,2773.26 1 0
github.com/yi-nology/git-sync-service/biz/model/repo/repo.go:2775.2,2776.1 2 0
github.com/yi-nology/git-sync-service/biz/model/repo/repo.go:2777.2,2778.1 2 0
github.com/yi-nology/git-sync-service/biz/model/repo/repo.go:2779.2,2779.81 1 0
github.com/yi-nology/git-sync-service/biz/model/repo/repo.go:2782.43,2783.14 1 0
github.com/yi-nology/git-sync-service/biz/model/repo/repo.go:2783.14,2785.3 1 0
github.com/yi-nology/git-sync-service/biz/model/repo/repo.go:2786.2,2786.48 1 0
github.com/yi-nology/git-sync-service/biz/model/repo/repo.go:2794.46,2796.2 1 0
github.com/yi-nology/git-sync-service/biz/model/repo/repo.go:2798.43,2799.2 0 0
github.com/yi-nology/git-sync-service/biz/model/repo/repo.go:2801.55,2803.2 1 0
github.com/yi-nology/git-sync-service/biz/model/repo/repo.go:2809.69,2814.50 3 0
github.com/yi-nology/git-sync-service/biz/model/repo/repo.go:2814.50,2815.28 1 0
github.com/yi-nology/git-sync-service/biz/model/repo/repo.go:2818.2,2818.6 1 0
github.com/yi-nology/git-sync-service/biz/model/repo/repo.go:2818.6,2820.17 2 0
github.com/yi-nology/git-sync-service/biz/model/repo/repo.go:2820.17,2821.28 1 0
github.com/yi-nology/git-sync-service/biz/model/repo/repo.go:2823.3,2823.33 1 0
github.com/yi-nology/git-sync-service/biz/model/repo/repo.go:2823.33,2824.9 1 0
github.com/yi-nology/git-sync-service/biz/model/repo/repo.go:2827.3,2827.18 1 0
github.com/yi-nology/git-sync-service/biz/model/repo/repo.go:2828.10,2829.34 1 0
github.com/yi-nology/git-sync-service/biz/model/repo/repo.go:2829.34,2830.46 1 0
github.com/yi-nology/git-sync-service/biz/model/repo/repo.go:2830.46,2831.25 1 0
github.com/yi-nology/git-sync-service/biz/model/repo/repo.go:2833.10,2833.56 1 0
github.com/yi-nology/git-sync-service/biz/model/repo/repo.go:2833.56,2834.24 1 0
github.com/yi-nology/git-sync-service/biz/model/repo/repo.go:2836.11,2837.49 1 0
github.com/yi-nology/git-sync-service/biz/model/repo/repo.go:2837.49,2838.24 1 0
github.com/yi-nology/git-sync-service/biz/model/repo/repo.go:2841.3,2841.45 1 0
github.com/yi-nology/git-sync-service/biz/model/repo/repo.go:2841.45,2842.26 1 0
github.com/yi-nology/git-sync-service/biz/model/repo/repo.go:2845.2,2845.45 1 0
github.com/yi-nology/git-sync-service/biz/model/repo/repo.go:2845.45,2846.26 1 0
github.com/yi-nology/git-sync-service/biz/model/repo/repo.go:2849.2,2850.1 2 0
github.com/yi-nology/git-sync-service/biz/model/repo/repo.go:2851.2,2852.1 2 0
github.com/yi-nology/git-sync-service/biz/model/repo/repo.go:2853.2,2854.1 2 0
github.com/yi-nology/git-sync-service/biz/model/repo/repo.go:2855.2,2856.1 2 0
github.com/yi-nology/git-sync-service/biz/model/repo/repo.go:2857.2,2859.1 2 0
github.com/yi-nology/git-sync-service/biz/model/repo/repo.go:2860.2,2861.1 2 0
github.com/yi-nology/git-sync-service/biz/model/repo/repo.go:2862.2,2862.79 1 0
github.com/yi-nology/git-sync-service/biz/model/repo/repo.go:2865.69,2867.16 2 0
github.com/yi-nology/git-sync-service/biz/model/repo/repo.go:2867.16,2869.3 1 0
github.com/yi-nology/git-sync-service/biz/model/repo/repo.go:2870.2,2871.28 2 0
github.com/yi-nology/git-sync-service/biz/model/repo/repo.go:2871.28,2874.47 2 0
github.com/yi-nology/git-sync-service/biz/model/repo/repo.go:2874.47,2876.4 1 0
github.com/yi-nology/git-sync-service/biz/model/repo/repo.go:2876.9,2878.4 1 0
github.com/yi-nology/git-sync-service/biz/model/repo/repo.go:2880.3,2880.33 1 0
github.com/yi-nology/git-sync-service/biz/model/repo/repo.go:2882.2,2882.44 1 0
github.com/yi-nology/git-sync-service/biz/model/repo/repo.go:2882.44,2884.3 1 0
github.com/yi-nology/git-sync-service/biz/model/repo/repo.go:2885.2,2886.12 2 0
github.com/yi-nology/git-sync-service/biz/model/repo/repo.go:2889.70,2891.66 2 0
github.com/yi-nology/git-sync-service/biz/model/repo/repo.go:2891.66,2892.29 1 0
github.com/yi-nology/git-sync-service/biz/model/repo/repo.go:2894.2,2894.14 1 0
github.com/yi-nology/git-sync-service/biz/model/repo/repo.go:2894.14,2895.45 1 0
github.com/yi-nology/git-sync-service/biz/model/repo/repo.go:2895.45,2897.24 2 0
github.com/yi-nology/git-sync-service/biz/model/repo/repo.go:2900.2,2900.46 1 0
github.com/yi-nology/git-sync-service/biz/model/repo/repo.go:2900.46,2901.27 1 0
github.com/yi-nology/git-sync-service/biz/model/repo/repo.go:2903.2,2903.46 1 0
github.com/yi-nology/git-sync-service/biz/model/repo/repo.go:2903.46,2904.27 1 0
github.com/yi-nology/git-sync-service/biz/model/repo/repo.go:2906.2,2907.1 2 0
github.com/yi-nology/git-sync-service/biz/model/repo/repo.go:2908.2,2909.1 2 0
github.com/yi-nology/git-sync-service/biz/model/repo/repo.go:2910.2,2911.1 2 0
github.com/yi-nology/git-sync-service/biz/model/repo/repo.go:2912.2,2913.1 2 0
github.com/yi-nology/git-sync-service/biz/model/repo/repo.go:2914.2,2914.80 1 0
github.com/yi-nology/git-sync-service/biz/model/repo/repo.go:2917.76,2918.73 1 0
github.com/yi-nology/git-sync-service/biz/model/repo/repo.go:2918.73,2919.28 1 0
github.com/yi-nology/git-sync-service/biz/model/repo/repo.go:2921.2,2921.77 1 0
github.com/yi-nology/git-sync-service/biz/model/repo/repo.go:2921.77,2923.3 1 0
github.com/yi-nology/git-sync-service/biz/model/repo/repo.go:2924.2,2924.31 1 0
github.com/yi-nology/git-sync-service/biz/model/repo/repo.go:2924.31,2925.46 1 0
github.com/yi-nology/git-sync-service/biz/model/repo/repo.go:2925.46,2927.4 1 0
github.com/yi-nology/git-sync-service/biz/model/repo/repo.go:2929.2,2929.45 1 0
github.com/yi-nology/git-sync-service/biz/model/repo/repo.go:2929.45,2931.3 1 0
github.com/yi-nology/git-sync-service/biz/model/repo/repo.go:2932.2,2932.45 1 0
github.com/yi-nology/git-sync-service/biz/model/repo/repo.go:2932.45,2933.26 1 0
github.com/yi-nology/git-sync-service/biz/model/repo/repo.go:2935.2,2936.1 2 0
github.com/yi-nology/git-sync-service/biz/model/repo/repo.go:2937.2,2938.1 2 0
github.com/yi-nology/git-sync-service/biz/model/repo/repo.go:2939.2,2939.81 1 0
github.com/yi-nology/git-sync-service/biz/model/repo/repo.go:2942.44,2943.14 1 0
github.com/yi-nology/git-sync-service/biz/model/repo/repo.go:2943.14,2945.3 1 0
github.com/yi-nology/git-sync-service/biz/model/repo/repo.go:2946.2,2946.49 1 0
github.com/yi-nology/git-sync-service/biz/model/sync_task/sync_task.go:31.38,33.2 1 0
github.com/yi-nology/git-sync-service/biz/model/sync_task/sync_task.go:35.39,36.2 0 0
github.com/yi-nology/git-sync-service/biz/model/sync_task/sync_task.go:38.42,40.2 1 0
github.com/yi-nology/git-sync-service/biz/model/sync_task/sync_task.go:42.44,44.2 1 0
github.com/yi-nology/git-sync-service/biz/model/sync_task/sync_task.go:46.45,48.2 1 0
github.com/yi-nology/git-sync-service/biz/model/sync_task/sync_task.go:50.54,52.2 1 0
github.com/yi-nology/git-sync-service/biz/model/sync_task/sync_task.go:54.53,56.2 1 0
github.com/yi-nology/git-sync-service/biz/model/sync_task/sync_task.go:58.54,60.2 1 0
github.com/yi-nology/git-sync-service/biz/model/sync_task/sync_task.go:62.53,64.2 1 0
github.com/yi-nology/git-sync-service/biz/model/sync_task/sync_task.go:66.49,68.2 1 0
github.com/yi-nology/git-sync-service/biz/model/sync_task/sync_task.go:70.45,72.2 1 0
github.com/yi-nology/git-sync-service/biz/model/sync_task/sync_task.go:74.53,76.2 1 0
github.com/yi-nology/git-sync-service/biz/model/sync_task/sync_task.go:78.46,80.2 1 0
github.com/yi-nology/git-sync-service/biz/model/sync_task/sync_task.go:82.46,84.2 1 0
github.com/yi-nology/git-sync-service/biz/model/sync_task/sync_task.go:86.47,88.2 1 0
github.com/yi-nology/git-sync-service/biz/model/sync_task/sync_task.go:90.47,92.2 1 0
github.com/yi-nology/git-sync-service/biz/model/sync_task/sync_task.go:94.50,96.2 1 0
github.com/yi-nology/git-sync-service/biz/model/sync_task/sync_task.go:98.50,100.2 1 0
github.com/yi-nology/git-sync-service/biz/model/sync_task/sync_task.go:102.51,104.2 1 0
github.com/yi-nology/git-sync-service/biz/model/sync_task/sync_task.go:106.50,108.2 1 0
github.com/yi-nology/git-sync-service/biz/model/sync_task/sync_task.go:131.65,136.50 3 0
github.com/yi-nology/git-sync-service/biz/model/sync_task/sync_task.go:136.50,137.28 1 0
github.com/yi-nology/git-sync-service/biz/model/sync_task/sync_task.go:140.2,140.6 1 0
github.com/yi-nology/git-sync-service/biz/model/sync_task/sync_task.go:140.6,142.17 2 0
github.com/yi-nology/git-sync-service/biz/model/sync_task/sync_task.go:142.17,143.28 1 0
github.com/yi-nology/git-sync-service/biz/model/sync_task/sync_task.go:145.3,145.33 1 0
github.com/yi-nology/git-sync-service/biz/model/sync_task/sync_task.go:145.33,146.9 1 0
github.com/yi-nology/git-sync-service/biz/model/sync_task/sync_task.go:149.3,149.18 1 0
github.com/yi-nology/git-sync-service/biz/model/sync_task/sync_task.go:150.10,151.33 1 0
github.com/yi-nology/git-sync-service/biz/model/sync_task/sync_task.go:151.33,152.46 1 0
github.com/yi-nology/git-sync-service/biz/model/sync_task/sync_task.go:152.46,153.25 1 0
github.com/yi-nology/git-sync-service/biz/model/sync_task/sync_task.go:155.10,155.56 1 0
github.com/yi-nology/git-sync-service/biz/model/sync_task/sync_task.go:155.56,156.24 1 0
github.com/yi-nology/git-sync-service/biz/model/sync_task/sync_task.go:158.10,159.36 1 0
github.com/yi-nology/git-sync-service/biz/model/sync_task/sync_task.go:159.36,160.46 1 0
github.com/yi-nology/git-sync-service/biz/model/sync_task/sync_task.go:160.46,161.25 1 0
github.com/yi-nology/git-sync-service/biz/model/sync_task/sync_task.go:163.10,163.56 1 0
github.com/yi-nology/git-sync-service/biz/model/sync_task/sync_task.go:163.56,164.24 1 0
github.com/yi-nology/git-sync-service/biz/model/sync_task/sync_task.go:166.10,167.36 1 0
github.com/yi-nology/git-sync-service/biz/model/sync_task/sync_task.go:167.36,168.46 1 0
github.com/yi-nology/git-sync-service/biz/model/sync_task/sync_task.go:168.46,169.25 1 0
github.com/yi-nology/git-sync-service/biz/model/sync_task/sync_task.go:171.10,171.56 1 0
github.com/yi-nology/git-sync-service/biz/model/sync_task/sync_task.go:171.56,172.24 1 0
github.com/yi-nology/git-sync-service/biz/model/sync_task/sync_task.go:174.10,175.36 1 0
github.com/yi-nology/git-sync-service/biz/model/sync_task/sync_task.go:175.36,176.46 1 0
github.com/yi-nology/git-sync-service/biz/model/sync_task/sync_task.go:176.46,177.25 1 0
github.com/yi-nology/git-sync-service/biz/model/sync_task/sync_task.go:179.10,179.56 1 0
github.com/yi-nology/git-sync-service/biz/model/sync_task/sync_task.go:179.56,180.24 1 0
github.com/yi-nology/git-sync-service/biz/model/sync_task/sync_task.go:182.10,183.36 1 0
github.com/yi-nology/git-sync-service/biz/model/sync_task/sync_task.go:183.36,184.46 1 0
github.com/yi-nology/git-sync-service/biz/model/sync_task/sync_task.go:184.46,185.25 1 0
github.com/yi-nology/git-sync-service/biz/model/sync_task/sync_task.go:187.10,187.56 1 0
github.com/yi-nology/git-sync-service/biz/model/sync_task/sync_task.go:187.56,188.24 1 0
github.com/yi-nology/git-sync-service/biz/model/sync_task/sync_task.go:190.10,191.36 1 0
github.com/yi-nology/git-sync-service/biz/model/sync_task/sync_task.go:191.36,192.46 1 0
github.com/yi-nology/git-sync-service/biz/model/sync_task/sync_task.go:192.46,193.25 1 0
github.com/yi-nology/git-sync-service/biz/model/sync_task/sync_task.go:195.10,195.56 1 0
github.com/yi-nology/git-sync-service/biz/model/sync_task/sync_task.go:195.56,196.24 1 0
github.com/yi-nology/git-sync-service/biz/model/sync_task/sync_task.go:198.10,199.36 1 0
github.com/yi-nology/git-sync-service/biz/model/sync_task/sync_task.go:199.36,200.46 1 0
github.com/yi-nology/git-sync-service/biz/model/sync_task/sync_task.go:200.46,201.25 1 0
github.com/yi-nology/git-sync-service/biz/model/sync_task/sync_task.go:203.10,203.56 1 0
github.com/yi-nology/git-sync-service/biz/model/sync_task/sync_task.go:203.56,204.24 1 0
github.com/yi-nology/git-sync-service/biz/model/sync_task/sync_task.go:206.10,207.36 1 0
github.com/yi-nology/git-sync-service/biz/model/sync_task/sync_task.go:207.36,208.46 1 0
github.com/yi-nology/git-sync-service/biz/model/sync_task/sync_task.go:208.46,209.25 1 0
github.com/yi-nology/git-sync-service/biz/model/sync_task/sync_task.go:211.10,211.56 1 0
github.com/yi-nology/git-sync-service/biz/model/sync_task/sync_task.go:211.56,212.24 1 0
github.com/yi-nology/git-sync-service/biz/model/sync_task/sync_task.go:214.10,215.36 1 0
github.com/yi-nology/git-sync-service/biz/model/sync_task/sync_task.go:215.36,216.46 1 0
github.com/yi-nology/git-sync-service/biz/model/sync_task/sync_task.go:216.46,217.25 1 0
github.com/yi-nology/git-sync-service/biz/model/sync_task/sync_task.go:219.10,219.56 1 0
github.com/yi-nology/git-sync-service/biz/model/sync_task/sync_task.go:219.56,220.24 1 0
github.com/yi-nology/git-sync-service/biz/model/sync_task/sync_task.go:222.11,223.36 1 0
github.com/yi-nology/git-sync-service/biz/model/sync_task/sync_task.go:223.36,224.47 1 0
github.com/yi-nology/git-sync-service/biz/model/sync_task/sync_task.go:224.47,225.25 1 0
github.com/yi-nology/git-sync-service/biz/model/sync_task/sync_task.go:227.10,227.56 1 0
github.com/yi-nology/git-sync-service/biz/model/sync_task/sync_task.go:227.56,228.24 1 0
github.com/yi-nology/git-sync-service/biz/model/sync_task/sync_task.go:230.11,231.34 1 0
github.com/yi-nology/git-sync-service/biz/model/sync_task/sync_task.go:231.34,232.47 1 0
github.com/yi-nology/git-sync-service/biz/model/sync_task/sync_task.go:232.47,233.25 1 0
github.com/yi-nology/git-sync-service/biz/model/sync_task/sync_task.go:235.10,235.56 1 0
github.com/yi-nology/git-sync-service/biz/model/sync_task/sync_task.go:235.56,236.24 1 0
github.com/yi-nology/git-sync-service/biz/model/sync_task/sync_task.go:238.11,239.34 1 0
github.com/yi-nology/git-sync-service/biz/model/sync_task/sync_task.go:239.34,240.47 1 0
github.com/yi-nology/git-sync-service/biz/model/sync_task/sync_task.go:240.47,241.25 1 0
github.com/yi-nology/git-sync-service/biz/model/sync_task/sync_task.go:243.10,243.56 1 0
github.com/yi-nology/git-sync-service/biz/model/sync_task/sync_task.go:243.56,244.24 1 0
github.com/yi-nology/git-sync-service/biz/model/sync_task/sync_task.go:246.11,247.34 1 0
github.com/yi-nology/git-sync-service/biz/model/sync_task/sync_task.go:247.34,248.47 1 0
github.com/yi-nology/git-sync-service/biz/model/sync_task/sync_task.go:248.47,249.25 1 0
github.com/yi-nology/git-sync-service/biz/model/sync_task/sync_task.go:251.10,251.56 1 0
github.com/yi-nology/git-sync-service/biz/model/sync_task/sync_task.go:251.56,252.24 1 0
github.com/yi-nology/git-sync-service/biz/model/sync_task/sync_task.go:254.11,255.34 1 0
github.com/yi-nology/git-sync-service/biz/model/sync_task/sync_task.go:255.34,256.47 1 0
github.com/yi-nology/git-sync-service/biz/model/sync_task/sync_task.go:256.47,257.25 1 0
github.com/yi-nology/git-sync-service/biz/model/sync_task/sync_task.go:259.10,259.56 1 0
github.com/yi-nology/git-sync-service/biz/model/sync_task/sync_task.go:259.56,260.24 1 0
github.com/yi-nology/git-sync-service/biz/model/sync_task/sync_task.go:262.11,263.34 1 0
github.com/yi-nology/git-sync-service/biz/model/sync_task/sync_task.go:263.34,264.47 1 0
github.com/yi-nology/git-sync-service/biz/model/sync_task/sync_task.go:264.47,265.25 1 0
github.com/yi-nology/git-sync-service/biz/model/sync_task/sync_task.go:267.10,267.56 1 0
github.com/yi-nology/git-sync-service/biz/model/sync_task/sync_task.go:267.56,268.24 1 0
github.com/yi-nology/git-sync-service/biz/model/sync_task/sync_task.go:270.11,271.36 1 0
github.com/yi-nology/git-sync-service/biz/model/sync_task/sync_task.go:271.36,272.47 1 0
github.com/yi-nology/git-sync-service/biz/model/sync_task/sync_task.go:272.47,273.25 1 0
github.com/yi-nology/git-sync-service/biz/model/sync_task/sync_task.go:275.10,275.56 1 0
github.com/yi-nology/git-sync-service/biz/model/sync_task/sync_task.go:275.56,276.24 1 0
github.com/yi-nology/git-sync-service/biz/model/sync_task/sync_task.go:278.11,279.36 1 0
github.com/yi-nology/git-sync-service/biz/model/sync_task/sync_task.go:279.36,280.47 1 0
github.com/yi-nology/git-sync-service/biz/model/sync_task/sync_task.go:280.47,281.25 1 0
github.com/yi-nology/git-sync-service/biz/model/sync_task/sync_task.go:283.10,283.56 1 0
github.com/yi-nology/git-sync-service/biz/model/sync_task/sync_task.go:283.56,284.24 1 0
github.com/yi-nology/git-sync-service/biz/model/sync_task/sync_task.go:286.11,287.36 1 0
github.com/yi-nology/git-sync-service/biz/model/sync_task/sync_task.go:287.36,288.47 1 0
github.com/yi-nology/git-sync-service/biz/model/sync_task/sync_task.go:288.47,289.25 1 0
github.com/yi-nology/git-sync-service/biz/model/sync_task/sync_task.go:291.10,291.56 1 0
github.com/yi-nology/git-sync-service/biz/model/sync_task/sync_task.go:291.56,292.24 1 0
github.com/yi-nology/git-sync-service/biz/model/sync_task/sync_task.go:294.11,295.49 1 0
github.com/yi-nology/git-sync-service/biz/model/sync_task/sync_task.go:295.49,296.24 1 0
github.com/yi-nology/git-sync-service/biz/model/sync_task/sync_task.go:299.3,299.45 1 0
github.com/yi-nology/git-sync-service/biz/model/sync_task/sync_task.go:299.45,300.26 1 0
github.com/yi-nology/git-sync-service/biz/model/sync_task/sync_task.go:303.2,303.45 1 0
github.com/yi-nology/git-sync-service/biz/model/sync_task/sync_task.go:303.45,304.26 1 0
github.com/yi-nology/git-sync-service/biz/model/sync_task/sync_task.go:307.2,308.1 2 0
github.com/yi-nology/git-sync-service/biz/model/sync_task/sync_task.go:309.2,310.1 2 0
github.com/yi-nology/git-sync-service/biz/model/sync_task/sync_task.go:311.2,312.1 2 0
github.com/yi-nology/git-sync-service/biz/model/sync_task/sync_task.go:313.2,314.1 2 0
github.com/yi-nology/git-sync-service/biz/model/sync_task/sync_task.go:315.2,317.1 2 0
github.com/yi-nology/git-sync-service/biz/model/sync_task/sync_task.go:318.2,319.1 2 0
github.com/yi-nology/git-sync-service/biz/model/sync_task/sync_task.go:320.2,320.79 1 0
github.com/yi-nology/git-sync-service/biz/model/sync_task/sync_task.go:323.65,326.43 2 0
github.com/yi-nology/git-sync-service/biz/model/sync_task/sync_task.go:326.43,328.3 1 0
github.com/yi-nology/git-sync-service/biz/model/sync_task/sync_task.go:328.8,330.3 1 0
github.com/yi-nology/git-sync-service/biz/model/sync_task/sync_task.go:331.2,332.12 2 0
github.com/yi-nology/git-sync-service/biz/model/sync_task/sync_task.go:334.65,337.46 2 0
github.com/yi-nology/git-sync-service/biz/model/sync_task/sync_task.go:337.46,339.3 1 0
github.com/yi-nology/git-sync-service/biz/model/sync_task/sync_task.go:339.8,341.3 1 0
github.com/yi-nology/git-sync-service/biz/model/sync_task/sync_task.go:342.2,343.12 2 0
github.com/yi-nology/git-sync-service/biz/model/sync_task/sync_task.go:345.65,348.46 2 0
github.com/yi-nology/git-sync-service/biz/model/sync_task/sync_task.go:348.46,350.3 1 0
github.com/yi-nology/git-sync-service/biz/model/sync_task/sync_task.go:350.8,352.3 1 0
github.com/yi-nology/git-sync-service/biz/model/sync_task/sync_task.go:353.2,354.12 2 0
github.com/yi-nology/git-sync-service/biz/model/sync_task/sync_task.go:356.65,359.46 2 0
github.com/yi-nology/git-sync-service/biz/model/sync_task/sync_task.go:359.46,361.3 1 0
github.com/yi-nology/git-sync-service/biz/model/sync_task/sync_task.go:361.8,363.3 1 0
github.com/yi-nology/git-sync-service/biz/model/sync_task/sync_task.go:364.2,365.12 2 0
github.com/yi-nology/git-sync-service/biz/model/sync_task/sync_task.go:367.65,370.46 2 0
github.com/yi-nology/git-sync-service/biz/model/sync_task/sync_task.go:370.46,372.3 1 0
github.com/yi-nology/git-sync-service/biz/model/sync_task/sync_task.go:372.8,374.3 1 0
github.com/yi-nology/git-sync-service/biz/model/sync_task/sync_task.go:375.2,376.12 2 0
github.com/yi-nology/git-sync-service/biz/model/sync_task/sync_task.go:378.65,381.46 2 0
github.com/yi-nology/git-sync-service/biz/model/sync_task/sync_task.go:381.46,383.3 1 0
github.com/yi-nology/git-sync-service/biz/model/sync_task/sync_task.go:383.8,385.3 1 0
github.com/yi-nology/git-sync-service/biz/model/sync_task/sync_task.go:386.2,387.12 2 0
github.com/yi-nology/git-sync-service/biz/model/sync_task/sync_task.go:389.65,392.46 2 0
github.com/yi-nology/git-sync-service/biz/model/sync_task/sync_task.go:392.46,394.3 1 0
github.com/yi-nology/git-sync-service/biz/model/sync_task/sync_task.go:394.8,396.3 1 0
github.com/yi-nology/git-sync-service/biz/model/sync_task/sync_task.go:397.2,398.12 2 0
github.com/yi-nology/git-sync-service/biz/model/sync_task/sync_task.go:400.65,403.46 2 0
github.com/yi-nology/git-sync-service/biz/model/sync_task/sync_task.go:403.46,405.3 1 0
github.com/yi-nology/git-sync-service/biz/model/sync_task/sync_task.go:405.8,407.3 1 0
github.com/yi-nology/git-sync-service/biz/model/sync_task/sync_task.go:408.2,409.12 2 0
github.com/yi-nology/git-sync-service/biz/model/sync_task/sync_task.go:411.65,414.46 2 0
github.com/yi-nology/git-sync-service/biz/model/sync_task/sync_task.go:414.46,416.3 1 0
github.com/yi-nology/git-sync-service/biz/model/sync_task/sync_task.go:416.8,418.3 1 0
github.com/yi-nology/git-sync-service/biz/model/sync_task/sync_task.go:419.2,420.12 2 0
github.com/yi-nology/git-sync-service/biz/model/sync_task/sync_task.go:422.66,425.46 2 0
github.com/yi-nology/git-sync-service/biz/model/sync_task/sync_task.go:425.46,427.3 1 0
github.com/yi-nology/git-sync-service/biz/model/sync_task/sync_task.go:427.8,429.3 1 0
github.com/yi-nology/git-sync-service/biz/model/sync_task/sync_task.go:430.2,431.12 2 0
github.com/yi-nology/git-sync-service/biz/model/sync_task/sync_task.go:433.66,436.44 2 0
github.com/yi-nology/git-sync-service/biz/model/sync_task/sync_task.go:436.44,438.3 1 0
github.com/yi-nology/git-sync-service/biz/model/sync_task/sync_task.go:438.8,440.3 1 0
github.com/yi-nology/git-sync-service/biz/model/sync_task/sync_task.go:441.2,442.12 2 0
github.com/yi-nology/git-sync-service/biz/model/sync_task/sync_task.go:444.66,447.44 2 0
github.com/yi-nology/git-sync-service/biz/model/sync_task/sync_task.go:447.44,449.3 1 0
github.com/yi-nology/git-sync-service/biz/model/sync_task/sync_task.go:449.8,451.3 1 0
github.com/yi-nology/git-sync-service/biz/model/sync_task/sync_task.go:452.2,453.12 2 0
github.com/yi-nology/git-sync-service/biz/model/sync_task/sync_task.go:455.66,458.44 2 0
github.com/yi-nology/git-sync-service/biz/model/sync_task/sync_task.go:458.44,460.3 1 0
github.com/yi-nology/git-sync-service/biz/model/sync_task/sync_task.go:460.8,462.3 1 0
github.com/yi-nology/git-sync-service/biz/model/sync_task/sync_task.go:463.2,464.12 2 0
github.com/yi-nology/git-sync-service/biz/model/sync_task/sync_task.go:466.66,469.44 2 0
github.com/yi-nology/git-sync-service/biz/model/sync_task/sync_task.go:469.44,471.3 1 0
github.com/yi-nology/git-sync-service/biz/model/sync_task/sync_task.go:471.8,473.3 1 0
github.com/yi-nology/git-sync-service/biz/model/sync_task/sync_task.go:474.2,475.12 2 0
github.com/yi-nology/git-sync-service/biz/model/sync_task/sync_task.go:477.66,480.44 2 0
github.com/yi-nology/git-sync-service/biz/model/sync_task/sync_task.go:480.44,482.3 1 0
github.com/yi-nology/git-sync-service/biz/model/sync_task/sync_task.go:482.8,484.3 1 0
github.com/yi-nology/git-sync-service/biz/model/sync_task/sync_task.go:485.2,486.12 2 0
github.com/yi-nology/git-sync-service/biz/model/sync_task/sync_task.go:488.66,491.46 2 0
github.com/yi-nology/git-sync-service/biz/model/sync_task/sync_task.go:491.46,493.3 1 0
github.com/yi-nology/git-sync-service/biz/model/sync_task/sync_task.go:493.8,495.3 1 0
github.com/yi-nology/git-sync-service/biz/model/sync_task/sync_task.go:496.2,497.12 2 0
github.com/yi-nology/git-sync-service/biz/model/sync_task/sync_task.go:499.66,502.46 2 0
github.com/yi-nology/git-sync-service/biz/model/sync_task/sync_task.go:502.46,504.3 1 0
github.com/yi-nology/git-sync-service/biz/model/sync_task/sync_task.go:504.8,506.3 1 0
github.com/yi-nology/git-sync-service/biz/model/sync_task/sync_task.go:507.2,508.12 2 0
github.com/yi-nology/git-sync-service/biz/model/sync_task/sync_task.go:510.66,513.46 2 0
github.com/yi-nology/git-sync-service/biz/model/sync_task/sync_task.go:513.46,515.3 1 0
github.com/yi-nology/git-sync-service/biz/model/sync_task/sync_task.go:515.8,517.3 1 0
github.com/yi-nology/git-sync-service/biz/model/sync_task/sync_task.go:518.2,519.12 2 0
github.com/yi-nology/git-sync-service/biz/model/sync_task/sync_task.go:522.66,524.62 2 0
github.com/yi-nology/git-sync-service/biz/model/sync_task/sync_task.go:524.62,525.29 1 0
github.com/yi-nology/git-sync-service/biz/model/sync_task/sync_task.go:527.2,527.14 1 0
github.com/yi-nology/git-sync-service/biz/model/sync_task/sync_task.go:527.14,528.45 1 0
github.com/yi-nology/git-sync-service/biz/model/sync_task/sync_task.go:528.45,530.24 2 0
github.com/yi-nology/git-sync-service/biz/model/sync_task/sync_task.go:532.3,532.45 1 0
github.com/yi-nology/git-sync-service/biz/model/sync_task/sync_task.go:532.45,534.24 2 0
github.com/yi-nology/git-sync-service/biz/model/sync_task/sync_task.go:536.3,536.45 1 0
github.com/yi-nology/git-sync-service/biz/model/sync_task/sync_task.go:536.45,538.24 2 0
github.com/yi-nology/git-sync-service/biz/model/sync_task/sync_task.go:540.3,540.45 1 0
github.com/yi-nology/git-sync-service/biz/model/sync_task/sync_task.go:540.45,542.24 2 0
github.com/yi-nology/git-sync-service/biz/model/sync_task/sync_task.go:544.3,544.45 1 0
github.com/yi-nology/git-sync-service/biz/model/sync_task/sync_task.go:544.45,546.24 2 0
github.com/yi-nology/git-sync-service/biz/model/sync_task/sync_task.go:548.3,548.45 1 0
github.com/yi-nology/git-sync-service/biz/model/sync_task/sync_task.go:548.45,550.24 2 0
github.com/yi-nology/git-sync-service/biz/model/sync_task/sync_task.go:552.3,552.45 1 0
github.com/yi-nology/git-sync-service/biz/model/sync_task/sync_task.go:552.45,554.24 2 0
github.com/yi-nology/git-sync-service/biz/model/sync_task/sync_task.go:556.3,556.45 1 0
github.com/yi-nology/git-sync-service/biz/model/sync_task/sync_task.go:556.45,558.24 2 0
github.com/yi-nology/git-sync-service/biz/model/sync_task/sync_task.go:560.3,560.45 1 0
github.com/yi-nology/git-sync-service/biz/model/sync_task/sync_task.go:560.45,562.24 2 0
github.com/yi-nology/git-sync-service/biz/model/sync_task/sync_task.go:564.3,564.46 1 0
github.com/yi-nology/git-sync-service/biz/model/sync_task/sync_task.go:564.46,566.24 2 0
github.com/yi-nology/git-sync-service/biz/model/sync_task/sync_task.go:568.3,568.46 1 0
github.com/yi-nology/git-sync-service/biz/model/sync_task/sync_task.go:568.46,570.24 2 0
github.com/yi-nology/git-sync-service/biz/model/sync_task/sync_task.go:572.3,572.46 1 0
github.com/yi-nology/git-sync-service/biz/model/sync_task/sync_task.go:572.46,574.24 2 0
github.com/yi-nology/git-sync-service/biz/model/sync_task/sync_task.go:576.3,576.46 1 0
github.com/yi-nology/git-sync-service/biz/model/sync_task/sync_task.go:576.46,578.24 2 0
github.com/yi-nology/git-sync-service/biz/model/sync_task/sync_task.go:580.3,580.46 1 0
github.com/yi-nology/git-sync-service/biz/model/sync_task/sync_task.go:580.46,582.24 2 0
github.com/yi-nology/git-sync-service/biz/model/sync_task/sync_task.go:584.3,584.46 1 0
github.com/yi-nology/git-sync-service/biz/model/sync_task/sync_task.go:584.46,586.24 2 0
github.com/yi-nology/git-sync-service/biz/model/sync_task/sync_task.go:588.3,588.46 1 0
github.com/yi-nology/git-sync-service/biz/model/sync_task/sync_task.go:588.46,590.24 2 0
github.com/yi-nology/git-sync-service/biz/model/sync_task/sync_task.go:592.3,592.46 1 0
github.com/yi-nology/git-sync-service/biz/model/sync_task/sync_task.go:592.46,594.24 2 0
github.com/yi-nology/git-sync-service/biz/model/sync_task/sync_task.go:596.3,596.46 1 0
github.com/yi-nology/git-sync-service/biz/model/sync_task/sync_task.go:596.46,598.24 2 0
github.com/yi-nology/git-sync-service/biz/model/sync_task/sync_task.go:601.2,601.46 1 0
github.com/yi-nology/git-sync-service/biz/model/sync_task/sync_task.go:601.46,602.27 1 0
github.com/yi-nology/git-sync-service/biz/model/sync_task/sync_task.go:604.2,604.46 1 0
github.com/yi-nology/git-sync-service/biz/model/sync_task/sync_task.go:604.46,605.27 1 0
github.com/yi-nology/git-sync-service/biz/model/sync_task/sync_task.go:607.2,608.1 2 0
github.com/yi-nology/git-sync-service/biz/model/sync_task/sync_task.go:609.2,610.1 2 0
github.com/yi-nology/git-sync-service/biz/model/sync_task/sync_task.go:611.2,612.1 2 0
github.com/yi-nology/git-sync-service/biz/model/sync_task/sync_task.go:613.2,614.1 2 0
github.com/yi-nology/git-sync-service/biz/model/sync_task/sync_task.go:615.2,615.80 1 0
github.com/yi-nology/git-sync-service/biz/model/sync_task/sync_task.go:618.72,619.66 1 0
github.com/yi-nology/git-sync-service/biz/model/sync_task/sync_task.go:619.66,620.28 1 0
github.com/yi-nology/git-sync-service/biz/model/sync_task/sync_task.go:622.2,622.45 1 0
github.com/yi-nology/git-sync-service/biz/model/sync_task/sync_task.go:622.45,624.3 1 0
github.com/yi-nology/git-sync-service/biz/model/sync_task/sync_task.go:625.2,625.45 1 0
github.com/yi-nology/git-sync-service/biz/model/sync_task/sync_task.go:625.45,626.26 1 0
github.com/yi-nology/git-sync-service/biz/model/sync_task/sync_task.go:628.2,629.1 2 0
github.com/yi-nology/git-sync-service/biz/model/sync_task/sync_task.go:630.2,631.1 2 0
github.com/yi-nology/git-sync-service/biz/model/sync_task/sync_task.go:632.2,632.81 1 0
github.com/yi-nology/git-sync-service/biz/model/sync_task/sync_task.go:635.72,636.70 1 0
github.com/yi-nology/git-sync-service/biz/model/sync_task/sync_task.go:636.70,637.28 1 0
github.com/yi-nology/git-sync-service/biz/model/sync_task/sync_task.go:639.2,639.49 1 0
github.com/yi-nology/git-sync-service/biz/model/sync_task/sync_task.go:639.49,641.3 1 0
github.com/yi-nology/git-sync-service/biz/model/sync_task/sync_task.go:642.2,642.45 1 0
github.com/yi-nology/git-sync-service/biz/model/sync_task/sync_task.go:642.45,643.26 1 0
github.com/yi-nology/git-sync-service/biz/model/sync_task/sync_task.go:645.2,646.1 2 0
github.com/yi-nology/git-sync-service/biz/model/sync_task/sync_task.go:647.2,648.1 2 0
github.com/yi-nology/git-sync-service/biz/model/sync_task/sync_task.go:649.2,649.81 1 0
github.com/yi-nology/git-sync-service/biz/model/sync_task/sync_task.go:652.72,653.71 1 0
github.com/yi-nology/git-sync-service/biz/model/sync_task/sync_task.go:653.71,654.28 1 0
github.com/yi-nology/git-sync-service/biz/model/sync_task/sync_task.go:656.2,656.50 1 0
github.com/yi-nology/git-sync-service/biz/model/sync_task/sync_task.go:656.50,658.3 1 0
github.com/yi-nology/git-sync-service/biz/model/sync_task/sync_task.go:659.2,659.45 1 0
github.com/yi-nology/git-sync-service/biz/model/sync_task/sync_task.go:659.45,660.26 1 0
github.com/yi-nology/git-sync-service/biz/model/sync_task/sync_task.go:662.2,663.1 2 0
github.com/yi-nology/git-sync-service/biz/model/sync_task/sync_task.go:664.2,665.1 2 0
github.com/yi-nology/git-sync-service/biz/model/sync_task/sync_task.go:666.2,666.81 1 0
github.com/yi-nology/git-sync-service/biz/model/sync_task/sync_task.go:669.72,670.82 1 0
github.com/yi-nology/git-sync-service/biz/model/sync_task/sync_task.go:670.82,671.28 1 0
github.com/yi-nology/git-sync-service/biz/model/sync_task/sync_task.go:673.2,673.59 1 0
github.com/yi-nology/git-sync-service/biz/model/sync_task/sync_task.go:673.59,675.3 1 0
github.com/yi-nology/git-sync-service/biz/model/sync_task/sync_task.go:676.2,676.45 1 0
github.com/yi-nology/git-sync-service/biz/model/sync_task/sync_task.go:676.45,677.26 1 0
github.com/yi-nology/git-sync-service/biz/model/sync_task/sync_task.go:679.2,680.1 2 0
github.com/yi-nology/git-sync-service/biz/model/sync_task/sync_task.go:681.2,682.1 2 0
github.com/yi-nology/git-sync-service/biz/model/sync_task/sync_task.go:683.2,683.81 1 0
github.com/yi-nology/git-sync-service/biz/model/sync_task/sync_task.go:686.72,687.80 1 0
github.com/yi-nology/git-sync-service/biz/model/sync_task/sync_task.go:687.80,688.28 1 0
github.com/yi-nology/git-sync-service/biz/model/sync_task/sync_task.go:690.2,690.58 1 0
github.com/yi-nology/git-sync-service/biz/model/sync_task/sync_task.go:690.58,692.3 1 0
github.com/yi-nology/git-sync-service/biz/model/sync_task/sync_task.go:693.2,693.45 1 0
github.com/yi-nology/git-sync-service/biz/model/sync_task/sync_task.go:693.45,694.26 1 0
github.com/yi-nology/git-sync-service/biz/model/sync_task/sync_task.go:696.2,697.1 2 0
github.com/yi-nology/git-sync-service/biz/model/sync_task/sync_task.go:698.2,699.1 2 0
github.com/yi-nology/git-sync-service/biz/model/sync_task/sync_task.go:700.2,700.81 1 0
github.com/yi-nology/git-sync-service/biz/model/sync_task/sync_task.go:703.72,704.82 1 0
github.com/yi-nology/git-sync-service/biz/model/sync_task/sync_task.go:704.82,705.28 1 0
github.com/yi-nology/git-sync-service/biz/model/sync_task/sync_task.go:707.2,707.59 1 0
github.com/yi-nology/git-sync-service/biz/model/sync_task/sync_task.go:707.59,709.3 1 0
github.com/yi-nology/git-sync-service/biz/model/sync_task/sync_task.go:710.2,710.45 1 0
github.com/yi-nology/git-sync-service/biz/model/sync_task/sync_task.go:710.45,711.26 1 0
github.com/yi-nology/git-sync-service/biz/model/sync_task/sync_task.go:713.2,714.1 2 0
github.com/yi-nology/git-sync-service/biz/model/sync_task/sync_task.go:715.2,716.1 2 0
github.com/yi-nology/git-sync-service/biz/model/sync_task/sync_task.go:717.2,717.81 1 0
github.com/yi-nology/git-sync-service/biz/model/sync_task/sync_task.go:720.72,721.80 1 0
github.com/yi-nology/git-sync-service/biz/model/sync_task/sync_task.go:721.80,722.28 1 0
github.com/yi-nology/git-sync-service/biz/model/sync_task/sync_task.go:724.2,724.58 1 0
github.com/yi-nology/git-sync-service/biz/model/sync_task/sync_task.go:724.58,726.3 1 0
github.com/yi-nology/git-sync-service/biz/model/sync_task/sync_task.go:727.2,727.45 1 0
github.com/yi-nology/git-sync-service/biz/model/sync_task/sync_task.go:727.45,728.26 1 0
github.com/yi-nology/git-sync-service/biz/model/sync_task/sync_task.go:730.2,731.1 2 0
github.com/yi-nology/git-sync-service/biz/model/sync_task/sync_task.go:732.2,733.1 2 0
github.com/yi-nology/git-sync-service/biz/model/sync_task/sync_task.go:734.2,734.81 1 0
github.com/yi-nology/git-sync-service/biz/model/sync_task/sync_task.go:737.72,738.76 1 0
github.com/yi-nology/git-sync-service/biz/model/sync_task/sync_task.go:738.76,739.28 1 0
github.com/yi-nology/git-sync-service/biz/model/sync_task/sync_task.go:741.2,741.54 1 0
github.com/yi-nology/git-sync-service/biz/model/sync_task/sync_task.go:741.54,743.3 1 0
github.com/yi-nology/git-sync-service/biz/model/sync_task/sync_task.go:744.2,744.45 1 0
github.com/yi-nology/git-sync-service/biz/model/sync_task/sync_task.go:744.45,745.26 1 0
github.com/yi-nology/git-sync-service/biz/model/sync_task/sync_task.go:747.2,748.1 2 0
github.com/yi-nology/git-sync-service/biz/model/sync_task/sync_task.go:749.2,750.1 2 0
github.com/yi-nology/git-sync-service/biz/model/sync_task/sync_task.go:751.2,751.81 1 0
github.com/yi-nology/git-sync-service/biz/model/sync_task/sync_task.go:754.72,755.71 1 0
github.com/yi-nology/git-sync-service/biz/model/sync_task/sync_task.go:755.71,756.28 1 0
github.com/yi-nology/git-sync-service/biz/model/sync_task/sync_task.go:758.2,758.50 1 0
github.com/yi-nology/git-sync-service/biz/model/sync_task/sync_task.go:758.50,760.3 1 0
github.com/yi-nology/git-sync-service/biz/model/sync_task/sync_task.go:761.2,761.45 1 0
github.com/yi-nology/git-sync-service/biz/model/sync_task/sync_task.go:761.45,762.26 1 0
github.com/yi-nology/git-sync-service/biz/model/sync_task/sync_task.go:764.2,765.1 2 0
github.com/yi-nology/git-sync-service/biz/model/sync_task/sync_task.go:766.2,767.1 2 0
github.com/yi-nology/git-sync-service/biz/model/sync_task/sync_task.go:768.2,768.81 1 0
github.com/yi-nology/git-sync-service/biz/model/sync_task/sync_task.go:771.73,772.81 1 0
github.com/yi-nology/git-sync-service/biz/model/sync_task/sync_task.go:772.81,773.28 1 0
github.com/yi-nology/git-sync-service/biz/model/sync_task/sync_task.go:775.2,775.58 1 0
github.com/yi-nology/git-sync-service/biz/model/sync_task/sync_task.go:775.58,777.3 1 0
github.com/yi-nology/git-sync-service/biz/model/sync_task/sync_task.go:778.2,778.45 1 0
github.com/yi-nology/git-sync-service/biz/model/sync_task/sync_task.go:778.45,779.26 1 0
github.com/yi-nology/git-sync-service/biz/model/sync_task/sync_task.go:781.2,782.1 2 0
github.com/yi-nology/git-sync-service/biz/model/sync_task/sync_task.go:783.2,784.1 2 0
github.com/yi-nology/git-sync-service/biz/model/sync_task/sync_task.go:785.2,785.82 1 0
github.com/yi-nology/git-sync-service/biz/model/sync_task/sync_task.go:788.73,789.73 1 0
github.com/yi-nology/git-sync-service/biz/model/sync_task/sync_task.go:789.73,790.28 1 0
github.com/yi-nology/git-sync-service/biz/model/sync_task/sync_task.go:792.2,792.51 1 0
github.com/yi-nology/git-sync-service/biz/model/sync_task/sync_task.go:792.51,794.3 1 0
github.com/yi-nology/git-sync-service/biz/model/sync_task/sync_task.go:795.2,795.45 1 0
github.com/yi-nology/git-sync-service/biz/model/sync_task/sync_task.go:795.45,796.26 1 0
github.com/yi-nology/git-sync-service/biz/model/sync_task/sync_task.go:798.2,799.1 2 0
github.com/yi-nology/git-sync-service/biz/model/sync_task/sync_task.go:800.2,801.1 2 0
github.com/yi-nology/git-sync-service/biz/model/sync_task/sync_task.go:802.2,802.82 1 0
github.com/yi-nology/git-sync-service/biz/model/sync_task/sync_task.go:805.73,806.74 1 0
github.com/yi-nology/git-sync-service/biz/model/sync_task/sync_task.go:806.74,807.28 1 0
github.com/yi-nology/git-sync-service/biz/model/sync_task/sync_task.go:809.2,809.51 1 0
github.com/yi-nology/git-sync-service/biz/model/sync_task/sync_task.go:809.51,811.3 1 0
github.com/yi-nology/git-sync-service/biz/model/sync_task/sync_task.go:812.2,812.45 1 0
github.com/yi-nology/git-sync-service/biz/model/sync_task/sync_task.go:812.45,813.26 1 0
github.com/yi-nology/git-sync-service/biz/model/sync_task/sync_task.go:815.2,816.1 2 0
github.com/yi-nology/git-sync-service/biz/model/sync_task/sync_task.go:817.2,818.1 2 0
github.com/yi-nology/git-sync-service/biz/model/sync_task/sync_task.go:819.2,819.82 1 0
github.com/yi-nology/git-sync-service/biz/model/sync_task/sync_task.go:822.73,823.75 1 0
github.com/yi-nology/git-sync-service/biz/model/sync_task/sync_task.go:823.75,824.28 1 0
github.com/yi-nology/git-sync-service/biz/model/sync_task/sync_task.go:826.2,826.52 1 0
github.com/yi-nology/git-sync-service/biz/model/sync_task/sync_task.go:826.52,828.3 1 0
github.com/yi-nology/git-sync-service/biz/model/sync_task/sync_task.go:829.2,829.45 1 0
github.com/yi-nology/git-sync-service/biz/model/sync_task/sync_task.go:829.45,830.26 1 0
github.com/yi-nology/git-sync-service/biz/model/sync_task/sync_task.go:832.2,833.1 2 0
github.com/yi-nology/git-sync-service/biz/model/sync_task/sync_task.go:834.2,835.1 2 0
github.com/yi-nology/git-sync-service/biz/model/sync_task/sync_task.go:836.2,836.82 1 0
github.com/yi-nology/git-sync-service/biz/model/sync_task/sync_task.go:839.73,840.75 1 0
github.com/yi-nology/git-sync-service/biz/model/sync_task/sync_task.go:840.75,841.28 1 0
github.com/yi-nology/git-sync-service/biz/model/sync_task/sync_task.go:843.2,843.52 1 0
github.com/yi-nology/git-sync-service/biz/model/sync_task/sync_task.go:843.52,845.3 1 0
github.com/yi-nology/git-sync-service/biz/model/sync_task/sync_task.go:846.2,846.45 1 0
github.com/yi-nology/git-sync-service/biz/model/sync_task/sync_task.go:846.45,847.26 1 0
github.com/yi-nology/git-sync-service/biz/model/sync_task/sync_task.go:849.2,850.1 2 0
github.com/yi-nology/git-sync-service/biz/model/sync_task/sync_task.go:851.2,852.1 2 0
github.com/yi-nology/git-sync-service/biz/model/sync_task/sync_task.go:853.2,853.82 1 0
github.com/yi-nology/git-sync-service/biz/model/sync_task/sync_task.go:856.73,857.79 1 0
github.com/yi-nology/git-sync-service/biz/model/sync_task/sync_task.go:857.79,858.28 1 0
github.com/yi-nology/git-sync-service/biz/model/sync_task/sync_task.go:860.2,860.55 1 0
github.com/yi-nology/git-sync-service/biz/model/sync_task/sync_task.go:860.55,862.3 1 0
github.com/yi-nology/git-sync-service/biz/model/sync_task/sync_task.go:863.2,863.45 1 0
github.com/yi-nology/git-sync-service/biz/model/sync_task/sync_task.go:863.45,864.26 1 0
github.com/yi-nology/git-sync-service/biz/model/sync_task/sync_task.go:866.2,867.1 2 0
github.com/yi-nology/git-sync-service/biz/model/sync_task/sync_task.go:868.2,869.1 2 0
github.com/yi-nology/git-sync-service/biz/model/sync_task/sync_task.go:870.2,870.82 1 0
github.com/yi-nology/git-sync-service/biz/model/sync_task/sync_task.go:873.73,874.79 1 0
github.com/yi-nology/git-sync-service/biz/model/sync_task/sync_task.go:874.79,875.28 1 0
github.com/yi-nology/git-sync-service/biz/model/sync_task/sync_task.go:877.2,877.55 1 0
github.com/yi-nology/git-sync-service/biz/model/sync_task/sync_task.go:877.55,879.3 1 0
github.com/yi-nology/git-sync-service/biz/model/sync_task/sync_task.go:880.2,880.45 1 0
github.com/yi-nology/git-sync-service/biz/model/sync_task/sync_task.go:880.45,881.26 1 0
github.com/yi-nology/git-sync-service/biz/model/sync_task/sync_task.go:883.2,884.1 2 0
github.com/yi-nology/git-sync-service/biz/model/sync_task/sync_task.go:885.2,886.1 2 0
github.com/yi-nology/git-sync-service/biz/model/sync_task/sync_task.go:887.2,887.82 1 0
github.com/yi-nology/git-sync-service/biz/model/sync_task/sync_task.go:890.73,891.79 1 0
github.com/yi-nology/git-sync-service/biz/model/sync_task/sync_task.go:891.79,892.28 1 0
github.com/yi-nology/git-sync-service/biz/model/sync_task/sync_task.go:894.2,894.56 1 0
github.com/yi-nology/git-sync-service/biz/model/sync_task/sync_task.go:894.56,896.3 1 0
github.com/yi-nology/git-sync-service/biz/model/sync_task/sync_task.go:897.2,897.45 1 0
github.com/yi-nology/git-sync-service/biz/model/sync_task/sync_task.go:897.45,898.26 1 0
github.com/yi-nology/git-sync-service/biz/model/sync_task/sync_task.go:900.2,901.1 2 0
github.com/yi-nology/git-sync-service/biz/model/sync_task/sync_task.go:902.2,903.1 2 0
github.com/yi-nology/git-sync-service/biz/model/sync_task/sync_task.go:904.2,904.82 1 0
github.com/yi-nology/git-sync-service/biz/model/sync_task/sync_task.go:907.73,908.78 1 0
github.com/yi-nology/git-sync-service/biz/model/sync_task/sync_task.go:908.78,909.28 1 0
github.com/yi-nology/git-sync-service/biz/model/sync_task/sync_task.go:911.2,911.55 1 0
github.com/yi-nology/git-sync-service/biz/model/sync_task/sync_task.go:911.55,913.3 1 0
github.com/yi-nology/git-sync-service/biz/model/sync_task/sync_task.go:914.2,914.45 1 0
github.com/yi-nology/git-sync-service/biz/model/sync_task/sync_task.go:914.45,915.26 1 0
github.com/yi-nology/git-sync-service/biz/model/sync_task/sync_task.go:917.2,918.1 2 0
github.com/yi-nology/git-sync-service/biz/model/sync_task/sync_task.go:919.2,920.1 2 0
github.com/yi-nology/git-sync-service/biz/model/sync_task/sync_task.go:921.2,921.82 1 0
github.com/yi-nology/git-sync-service/biz/model/sync_task/sync_task.go:924.40,925.14 1 0
github.com/yi-nology/git-sync-service/biz/model/sync_task/sync_task.go:925.14,927.3 1 0
github.com/yi-nology/git-sync-service/biz/model/sync_task/sync_task.go:928.2,928.45 1 0
github.com/yi-nology/git-sync-service/biz/model/sync_task/sync_task.go:938.38,940.2 1 0
github.com/yi-nology/git-sync-service/biz/model/sync_task/sync_task.go:942.39,943.2 0 0
github.com/yi-nology/git-sync-service/biz/model/sync_task/sync_task.go:945.48,947.2 1 0
github.com/yi-nology/git-sync-service/biz/model/sync_task/sync_task.go:949.44,951.2 1 0
github.com/yi-nology/git-sync-service/biz/model/sync_task/sync_task.go:953.48,955.2 1 0
github.com/yi-nology/git-sync-service/biz/model/sync_task/sync_task.go:963.65,968.50 3 0
github.com/yi-nology/git-sync-service/biz/model/sync_task/sync_task.go:968.50,969.28 1 0
github.com/yi-nology/git-sync-service/biz/model/sync_task/sync_task.go:972.2,972.6 1 0
github.com/yi-nology/git-sync-service/biz/model/sync_task/sync_task.go:972.6,974.17 2 0
github.com/yi-nology/git-sync-service/biz/model/sync_task/sync_task.go:974.17,975.28 1 0
github.com/yi-nology/git-sync-service/biz/model/sync_task/sync_task.go:977.3,977.33 1 0
github.com/yi-nology/git-sync-service/biz/model/sync_task/sync_task.go:977.33,978.9 1 0
github.com/yi-nology/git-sync-service/biz/model/sync_task/sync_task.go:981.3,981.18 1 0
github.com/yi-nology/git-sync-service/biz/model/sync_task/sync_task.go:982.10,983.36 1 0
github.com/yi-nology/git-sync-service/biz/model/sync_task/sync_task.go:983.36,984.46 1 0
github.com/yi-nology/git-sync-service/biz/model/sync_task/sync_task.go:984.46,985.25 1 0
github.com/yi-nology/git-sync-service/biz/model/sync_task/sync_task.go:987.10,987.56 1 0
github.com/yi-nology/git-sync-service/biz/model/sync_task/sync_task.go:987.56,988.24 1 0
github.com/yi-nology/git-sync-service/biz/model/sync_task/sync_task.go:990.10,991.33 1 0
github.com/yi-nology/git-sync-service/biz/model/sync_task/sync_task.go:991.33,992.46 1 0
github.com/yi-nology/git-sync-service/biz/model/sync_task/sync_task.go:992.46,993.25 1 0
github.com/yi-nology/git-sync-service/biz/model/sync_task/sync_task.go:995.10,995.56 1 0
github.com/yi-nology/git-sync-service/biz/model/sync_task/sync_task.go:995.56,996.24 1 0
github.com/yi-nology/git-sync-service/biz/model/sync_task/sync_task.go:998.10,999.33 1 0
github.com/yi-nology/git-sync-service/biz/model/sync_task/sync_task.go:999.33,1000.46 1 0
github.com/yi-nology/git-sync-service/biz/model/sync_task/sync_task.go:1000.46,1001.25 1 0
github.com/yi-nology/git-sync-service/biz/model/sync_task/sync_task.go:1003.10,1003.56 1 0
github.com/yi-nology/git-sync-service/biz/model/sync_task/sync_task.go:1003.56,1004.24 1 0
github.com/yi-nology/git-sync-service/biz/model/sync_task/sync_task.go:1006.11,1007.49 1 0
github.com/yi-nology/git-sync-service/biz/model/sync_task/sync_task.go:1007.49,1008.24 1 0
github.com/yi-nology/git-sync-service/biz/model/sync_task/sync_task.go:1011.3,1011.45 1 0
github.com/yi-nology/git-sync-service/biz/model/sync_task/sync_task.go:1011.45,1012.26 1 0
github.com/yi-nology/git-sync-service/biz/model/sync_task/sync_task.go:1015.2,1015.45 1 0
github.com/yi-nology/git-sync-service/biz/model/sync_task/sync_task.go:1015.45,1016.26 1 0
github.com/yi-nology/git-sync-service/biz/model/sync_task/sync_task.go:1019.2,1020.1 2 0
github.com/yi-nology/git-sync-service/biz/model/sync_task/sync_task.go:1021.2,1022.1 2 0
github.com/yi-nology/git-sync-service/biz/model/sync_task/sync_task.go:1023.2,1024.1 2 0
github.com/yi-nology/git-sync-service/biz/model/sync_task/sync_task.go:1025.2,1026.1 2 0
github.com/yi-nology/git-sync-service/biz/model/sync_task/sync_task.go:1027.2,1029.1 2 0
github.com/yi-nology/git-sync-service/biz/model/sync_task/sync_task.go:1030.2,1031.1 2 0
github.com/yi-nology/git-sync-service/biz/model/sync_task/sync_task.go:1032.2,1032.79 1 0
github.com/yi-nology/git-sync-service/biz/model/sync_task/sync_task.go:1035.65,1038.46 2 0
github.com/yi-nology/git-sync-service/biz/model/sync_task/sync_task.go:1038.46,1040.3 1 0
github.com/yi-nology/git-sync-service/biz/model/sync_task/sync_task.go:1040.8,1042.3 1 0
github.com/yi-nology/git-sync-service/biz/model/sync_task/sync_task.go:1043.2,1044.12 2 0
github.com/yi-nology/git-sync-service/biz/model/sync_task/sync_task.go:1046.65,1049.43 2 0
github.com/yi-nology/git-sync-service/biz/model/sync_task/sync_task.go:1049.43,1051.3 1 0
github.com/yi-nology/git-sync-service/biz/model/sync_task/sync_task.go:1051.8,1053.3 1 0
github.com/yi-nology/git-sync-service/biz/model/sync_task/sync_task.go:1054.2,1055.12 2 0
github.com/yi-nology/git-sync-service/biz/model/sync_task/sync_task.go:1057.65,1060.43 2 0
github.com/yi-nology/git-sync-service/biz/model/sync_task/sync_task.go:1060.43,1062.3 1 0
github.com/yi-nology/git-sync-service/biz/model/sync_task/sync_task.go:1062.8,1064.3 1 0
github.com/yi-nology/git-sync-service/biz/model/sync_task/sync_task.go:1065.2,1066.12 2 0
github.com/yi-nology/git-sync-service/biz/model/sync_task/sync_task.go:1069.66,1071.62 2 0
github.com/yi-nology/git-sync-service/biz/model/sync_task/sync_task.go:1071.62,1072.29 1 0
github.com/yi-nology/git-sync-service/biz/model/sync_task/sync_task.go:1074.2,1074.14 1 0
github.com/yi-nology/git-sync-service/biz/model/sync_task/sync_task.go:1074.14,1075.45 1 0
github.com/yi-nology/git-sync-service/biz/model/sync_task/sync_task.go:1075.45,1077.24 2 0
github.com/yi-nology/git-sync-service/biz/model/sync_task/sync_task.go:1079.3,1079.45 1 0
github.com/yi-nology/git-sync-service/biz/model/sync_task/sync_task.go:1079.45,1081.24 2 0
github.com/yi-nology/git-sync-service/biz/model/sync_task/sync_task.go:1083.3,1083.45 1 0
github.com/yi-nology/git-sync-service/biz/model/sync_task/sync_task.go:1083.45,1085.24 2 0
github.com/yi-nology/git-sync-service/biz/model/sync_task/sync_task.go:1088.2,1088.46 1 0
github.com/yi-nology/git-sync-service/biz/model/sync_task/sync_task.go:1088.46,1089.27 1 0
github.com/yi-nology/git-sync-service/biz/model/sync_task/sync_task.go:1091.2,1091.46 1 0
github.com/yi-nology/git-sync-service/biz/model/sync_task/sync_task.go:1091.46,1092.27 1 0
github.com/yi-nology/git-sync-service/biz/model/sync_task/sync_task.go:1094.2,1095.1 2 0
github.com/yi-nology/git-sync-service/biz/model/sync_task/sync_task.go:1096.2,1097.1 2 0
github.com/yi-nology/git-sync-service/biz/model/sync_task/sync_task.go:1098.2,1099.1 2 0
github.com/yi-nology/git-sync-service/biz/model/sync_task/sync_task.go:1100.2,1101.1 2 0
github.com/yi-nology/git-sync-service/biz/model/sync_task/sync_task.go:1102.2,1102.80 1 0
github.com/yi-nology/git-sync-service/biz/model/sync_task/sync_task.go:1105.72,1106.75 1 0
github.com/yi-nology/git-sync-service/biz/model/sync_task/sync_task.go:1106.75,1107.28 1 0
github.com/yi-nology/git-sync-service/biz/model/sync_task/sync_task.go:1109.2,1109.53 1 0
github.com/yi-nology/git-sync-service/biz/model/sync_task/sync_task.go:1109.53,1111.3 1 0
github.com/yi-nology/git-sync-service/biz/model/sync_task/sync_task.go:1112.2,1112.45 1 0
github.com/yi-nology/git-sync-service/biz/model/sync_task/sync_task.go:1112.45,1113.26 1 0
github.com/yi-nology/git-sync-service/biz/model/sync_task/sync_task.go:1115.2,1116.1 2 0
github.com/yi-nology/git-sync-service/biz/model/sync_task/sync_task.go:1117.2,1118.1 2 0
github.com/yi-nology/git-sync-service/biz/model/sync_task/sync_task.go:1119.2,1119.81 1 0
github.com/yi-nology/git-sync-service/biz/model/sync_task/sync_task.go:1122.72,1123.68 1 0
github.com/yi-nology/git-sync-service/biz/model/sync_task/sync_task.go:1123.68,1124.28 1 0
github.com/yi-nology/git-sync-service/biz/model/sync_task/sync_task.go:1126.2,1126.47 1 0
github.com/yi-nology/git-sync-service/biz/model/sync_task/sync_task.go:1126.47,1128.3 1 0
github.com/yi-nology/git-sync-service/biz/model/sync_task/sync_task.go:1129.2,1129.45 1 0
github.com/yi-nology/git-sync-service/biz/model/sync_task/sync_task.go:1129.45,1130.26 1 0
github.com/yi-nology/git-sync-service/biz/model/sync_task/sync_task.go:1132.2,1133.1 2 0
github.com/yi-nology/git-sync-service/biz/model/sync_task/sync_task.go:1134.2,1135.1 2 0
github.com/yi-nology/git-sync-service/biz/model/sync_task/sync_task.go:1136.2,1136.81 1 0
github.com/yi-nology/git-sync-service/biz/model/sync_task/sync_task.go:1139.72,1140.73 1 0
github.com/yi-nology/git-sync-service/biz/model/sync_task/sync_task.go:1140.73,1141.28 1 0
github.com/yi-nology/git-sync-service/biz/model/sync_task/sync_task.go:1143.2,1143.51 1 0
github.com/yi-nology/git-sync-service/biz/model/sync_task/sync_task.go:1143.51,1145.3 1 0
github.com/yi-nology/git-sync-service/biz/model/sync_task/sync_task.go:1146.2,1146.45 1 0
github.com/yi-nology/git-sync-service/biz/model/sync_task/sync_task.go:1146.45,1147.26 1 0
github.com/yi-nology/git-sync-service/biz/model/sync_task/sync_task.go:1149.2,1150.1 2 0
github.com/yi-nology/git-sync-service/biz/model/sync_task/sync_task.go:1151.2,1152.1 2 0
github.com/yi-nology/git-sync-service/biz/model/sync_task/sync_task.go:1153.2,1153.81 1 0
github.com/yi-nology/git-sync-service/biz/model/sync_task/sync_task.go:1156.40,1157.14 1 0
github.com/yi-nology/git-sync-service/biz/model/sync_task/sync_task.go:1157.14,1159.3 1 0
github.com/yi-nology/git-sync-service/biz/model/sync_task/sync_task.go:1160.2,1160.45 1 0
github.com/yi-nology/git-sync-service/biz/model/sync_task/sync_task.go:1169.40,1171.2 1 0
github.com/yi-nology/git-sync-service/biz/model/sync_task/sync_task.go:1173.40,1174.2 0 0
github.com/yi-nology/git-sync-service/biz/model/sync_task/sync_task.go:1176.56,1178.2 1 0
github.com/yi-nology/git-sync-service/biz/model/sync_task/sync_task.go:1180.46,1182.2 1 0
github.com/yi-nology/git-sync-service/biz/model/sync_task/sync_task.go:1189.66,1194.50 3 0
github.com/yi-nology/git-sync-service/biz/model/sync_task/sync_task.go:1194.50,1195.28 1 0
github.com/yi-nology/git-sync-service/biz/model/sync_task/sync_task.go:1198.2,1198.6 1 0
github.com/yi-nology/git-sync-service/biz/model/sync_task/sync_task.go:1198.6,1200.17 2 0
github.com/yi-nology/git-sync-service/biz/model/sync_task/sync_task.go:1200.17,1201.28 1 0
github.com/yi-nology/git-sync-service/biz/model/sync_task/sync_task.go:1203.3,1203.33 1 0
github.com/yi-nology/git-sync-service/biz/model/sync_task/sync_task.go:1203.33,1204.9 1 0
github.com/yi-nology/git-sync-service/biz/model/sync_task/sync_task.go:1207.3,1207.18 1 0
github.com/yi-nology/git-sync-service/biz/model/sync_task/sync_task.go:1208.10,1209.34 1 0
github.com/yi-nology/git-sync-service/biz/model/sync_task/sync_task.go:1209.34,1210.46 1 0
github.com/yi-nology/git-sync-service/biz/model/sync_task/sync_task.go:1210.46,1211.25 1 0
github.com/yi-nology/git-sync-service/biz/model/sync_task/sync_task.go:1213.10,1213.56 1 0
github.com/yi-nology/git-sync-service/biz/model/sync_task/sync_task.go:1213.56,1214.24 1 0
github.com/yi-nology/git-sync-service/biz/model/sync_task/sync_task.go:1216.10,1217.33 1 0
github.com/yi-nology/git-sync-service/biz/model/sync_task/sync_task.go:1217.33,1218.46 1 0
github.com/yi-nology/git-sync-service/biz/model/sync_task/sync_task.go:1218.46,1219.25 1 0
github.com/yi-nology/git-sync-service/biz/model/sync_task/sync_task.go:1221.10,1221.56 1 0
github.com/yi-nology/git-sync-service/biz/model/sync_task/sync_task.go:1221.56,1222.24 1 0
github.com/yi-nology/git-sync-service/biz/model/sync_task/sync_task.go:1224.11,1225.49 1 0
github.com/yi-nology/git-sync-service/biz/model/sync_task/sync_task.go:1225.49,1226.24 1 0
github.com/yi-nology/git-sync-service/biz/model/sync_task/sync_task.go:1229.3,1229.45 1 0
github.com/yi-nology/git-sync-service/biz/model/sync_task/sync_task.go:1229.45,1230.26 1 0
github.com/yi-nology/git-sync-service/biz/model/sync_task/sync_task.go:1233.2,1233.45 1 0
github.com/yi-nology/git-sync-service/biz/model/sync_task/sync_task.go:1233.45,1234.26 1 0
github.com/yi-nology/git-sync-service/biz/model/sync_task/sync_task.go:1237.2,1238.1 2 0
github.com/yi-nology/git-sync-service/biz/model/sync_task/sync_task.go:1239.2,1240.1 2 0
github.com/yi-nology/git-sync-service/biz/model/sync_task/sync_task.go:1241.2,1242.1 2 0
github.com/yi-nology/git-sync-service/biz/model/sync_task/sync_task.go:1243.2,1244.1 2 0
github.com/yi-nology/git-sync-service/biz/model/sync_task/sync_task.go:1245.2,1247.1 2 0
github.com/yi-nology/git-sync-service/biz/model/sync_task/sync_task.go:1248.2,1249.1 2 0
github.com/yi-nology/git-sync-service/biz/model/sync_task/sync_task.go:1250.2,1250.79 1 0
github.com/yi-nology/git-sync-service/biz/model/sync_task/sync_task.go:1253.66,1255.16 2 0
github.com/yi-nology/git-sync-service/biz/model/sync_task/sync_task.go:1255.16,1257.3 1 0
github.com/yi-nology/git-sync-service/biz/model/sync_task/sync_task.go:1258.2,1260.28 3 0
github.com/yi-nology/git-sync-service/biz/model/sync_task/sync_task.go:1260.28,1264.43 3 0
github.com/yi-nology/git-sync-service/biz/model/sync_task/sync_task.go:1264.43,1266.4 1 0
github.com/yi-nology/git-sync-service/biz/model/sync_task/sync_task.go:1268.3,1268.33 1 0
github.com/yi-nology/git-sync-service/biz/model/sync_task/sync_task.go:1270.2,1270.44 1 0
github.com/yi-nology/git-sync-service/biz/model/sync_task/sync_task.go:1270.44,1272.3 1 0
github.com/yi-nology/git-sync-service/biz/model/sync_task/sync_task.go:1273.2,1274.12 2 0
github.com/yi-nology/git-sync-service/biz/model/sync_task/sync_task.go:1276.66,1279.43 2 0
github.com/yi-nology/git-sync-service/biz/model/sync_task/sync_task.go:1279.43,1281.3 1 0
github.com/yi-nology/git-sync-service/biz/model/sync_task/sync_task.go:1281.8,1283.3 1 0
github.com/yi-nology/git-sync-service/biz/model/sync_task/sync_task.go:1284.2,1285.12 2 0
github.com/yi-nology/git-sync-service/biz/model/sync_task/sync_task.go:1288.67,1290.63 2 0
github.com/yi-nology/git-sync-service/biz/model/sync_task/sync_task.go:1290.63,1291.29 1 0
github.com/yi-nology/git-sync-service/biz/model/sync_task/sync_task.go:1293.2,1293.14 1 0
github.com/yi-nology/git-sync-service/biz/model/sync_task/sync_task.go:1293.14,1294.45 1 0
github.com/yi-nology/git-sync-service/biz/model/sync_task/sync_task.go:1294.45,1296.24 2 0
github.com/yi-nology/git-sync-service/biz/model/sync_task/sync_task.go:1298.3,1298.45 1 0
github.com/yi-nology/git-sync-service/biz/model/sync_task/sync_task.go:1298.45,1300.24 2 0
github.com/yi-nology/git-sync-service/biz/model/sync_task/sync_task.go:1303.2,1303.46 1 0
github.com/yi-nology/git-sync-service/biz/model/sync_task/sync_task.go:1303.46,1304.27 1 0
github.com/yi-nology/git-sync-service/biz/model/sync_task/sync_task.go:1306.2,1306.46 1 0
github.com/yi-nology/git-sync-service/biz/model/sync_task/sync_task.go:1306.46,1307.27 1 0
github.com/yi-nology/git-sync-service/biz/model/sync_task/sync_task.go:1309.2,1310.1 2 0
github.com/yi-nology/git-sync-service/biz/model/sync_task/sync_task.go:1311.2,1312.1 2 0
github.com/yi-nology/git-sync-service/biz/model/sync_task/sync_task.go:1313.2,1314.1 2 0
github.com/yi-nology/git-sync-service/biz/model/sync_task/sync_task.go:1315.2,1316.1 2 0
github.com/yi-nology/git-sync-service/biz/model/sync_task/sync_task.go:1317.2,1317.80 1 0
github.com/yi-nology/git-sync-service/biz/model/sync_task/sync_task.go:1320.73,1321.70 1 0
github.com/yi-nology/git-sync-service/biz/model/sync_task/sync_task.go:1321.70,1322.28 1 0
github.com/yi-nology/git-sync-service/biz/model/sync_task/sync_task.go:1324.2,1324.74 1 0
github.com/yi-nology/git-sync-service/biz/model/sync_task/sync_task.go:1324.74,1326.3 1 0
github.com/yi-nology/git-sync-service/biz/model/sync_task/sync_task.go:1327.2,1327.28 1 0
github.com/yi-nology/git-sync-service/biz/model/sync_task/sync_task.go:1327.28,1328.40 1 0
github.com/yi-nology/git-sync-service/biz/model/sync_task/sync_task.go:1328.40,1330.4 1 0
github.com/yi-nology/git-sync-service/biz/model/sync_task/sync_task.go:1332.2,1332.45 1 0
github.com/yi-nology/git-sync-service/biz/model/sync_task/sync_task.go:1332.45,1334.3 1 0
github.com/yi-nology/git-sync-service/biz/model/sync_task/sync_task.go:1335.2,1335.45 1 0
github.com/yi-nology/git-sync-service/biz/model/sync_task/sync_task.go:1335.45,1336.26 1 0
github.com/yi-nology/git-sync-service/biz/model/sync_task/sync_task.go:1338.2,1339.1 2 0
github.com/yi-nology/git-sync-service/biz/model/sync_task/sync_task.go:1340.2,1341.1 2 0
github.com/yi-nology/git-sync-service/biz/model/sync_task/sync_task.go:1342.2,1342.81 1 0
github.com/yi-nology/git-sync-service/biz/model/sync_task/sync_task.go:1345.73,1346.69 1 0
github.com/yi-nology/git-sync-service/biz/model/sync_task/sync_task.go:1346.69,1347.28 1 0
github.com/yi-nology/git-sync-service/biz/model/sync_task/sync_task.go:1349.2,1349.48 1 0
github.com/yi-nology/git-sync-service/biz/model/sync_task/sync_task.go:1349.48,1351.3 1 0
github.com/yi-nology/git-sync-service/biz/model/sync_task/sync_task.go:1352.2,1352.45 1 0
github.com/yi-nology/git-sync-service/biz/model/sync_task/sync_task.go:1352.45,1353.26 1 0
github.com/yi-nology/git-sync-service/biz/model/sync_task/sync_task.go:1355.2,1356.1 2 0
github.com/yi-nology/git-sync-service/biz/model/sync_task/sync_task.go:1357.2,1358.1 2 0
github.com/yi-nology/git-sync-service/biz/model/sync_task/sync_task.go:1359.2,1359.81 1 0
github.com/yi-nology/git-sync-service/biz/model/sync_task/sync_task.go:1362.41,1363.14 1 0
github.com/yi-nology/git-sync-service/biz/model/sync_task/sync_task.go:1363.14,1365.3 1 0
github.com/yi-nology/git-sync-service/biz/model/sync_task/sync_task.go:1366.2,1366.46 1 0
github.com/yi-nology/git-sync-service/biz/model/sync_task/sync_task.go:1374.34,1376.2 1 0
github.com/yi-nology/git-sync-service/biz/model/sync_task/sync_task.go:1378.37,1379.2 0 0
github.com/yi-nology/git-sync-service/biz/model/sync_task/sync_task.go:1381.42,1383.2 1 0
github.com/yi-nology/git-sync-service/biz/model/sync_task/sync_task.go:1389.63,1394.50 3 0
github.com/yi-nology/git-sync-service/biz/model/sync_task/sync_task.go:1394.50,1395.28 1 0
github.com/yi-nology/git-sync-service/biz/model/sync_task/sync_task.go:1398.2,1398.6 1 0
github.com/yi-nology/git-sync-service/biz/model/sync_task/sync_task.go:1398.6,1400.17 2 0
github.com/yi-nology/git-sync-service/biz/model/sync_task/sync_task.go:1400.17,1401.28 1 0
github.com/yi-nology/git-sync-service/biz/model/sync_task/sync_task.go:1403.3,1403.33 1 0
github.com/yi-nology/git-sync-service/biz/model/sync_task/sync_task.go:1403.33,1404.9 1 0
github.com/yi-nology/git-sync-service/biz/model/sync_task/sync_task.go:1407.3,1407.18 1 0
github.com/yi-nology/git-sync-service/biz/model/sync_task/sync_task.go:1408.10,1409.36 1 0
github.com/yi-nology/git-sync-service/biz/model/sync_task/sync_task.go:1409.36,1410.46 1 0
github.com/yi-nology/git-sync-service/biz/model/sync_task/sync_task.go:1410.46,1411.25 1 0
github.com/yi-nology/git-sync-service/biz/model/sync_task/sync_task.go:1413.10,1413.56 1 0
github.com/yi-nology/git-sync-service/biz/model/sync_task/sync_task.go:1413.56,1414.24 1 0
github.com/yi-nology/git-sync-service/biz/model/sync_task/sync_task.go:1416.11,1417.49 1 0
github.com/yi-nology/git-sync-service/biz/model/sync_task/sync_task.go:1417.49,1418.24 1 0
github.com/yi-nology/git-sync-service/biz/model/sync_task/sync_task.go:1421.3,1421.45 1 0
github.com/yi-nology/git-sync-service/biz/model/sync_task/sync_task.go:1421.45,1422.26 1 0
github.com/yi-nology/git-sync-service/biz/model/sync_task/sync_task.go:1425.2,1425.45 1 0
github.com/yi-nology/git-sync-service/biz/model/sync_task/sync_task.go:1425.45,1426.26 1 0
github.com/yi-nology/git-sync-service/biz/model/sync_task/sync_task.go:1429.2,1430.1 2 0
github.com/yi-nology/git-sync-service/biz/model/sync_task/sync_task.go:1431.2,1432.1 2 0
github.com/yi-nology/git-sync-service/biz/model/sync_task/sync_task.go:1433.2,1434.1 2 0
github.com/yi-nology/git-sync-service/biz/model/sync_task/sync_task.go:1435.2,1436.1 2 0
github.com/yi-nology/git-sync-service/biz/model/sync_task/sync_task.go:1437.2,1439.1 2 0
github.com/yi-nology/git-sync-service/biz/model/sync_task/sync_task.go:1440.2,1441.1 2 0
github.com/yi-nology/git-sync-service/biz/model/sync_task/sync_task.go:1442.2,1442.79 1 0
github.com/yi-nology/git-sync-service/biz/model/sync_task/sync_task.go:1445.63,1448.46 2 0
github.com/yi-nology/git-sync-service/biz/model/sync_task/sync_task.go:1448.46,1450.3 1 0
github.com/yi-nology/git-sync-service/biz/model/sync_task/sync_task.go:1450.8,1452.3 1 0
github.com/yi-nology/git-sync-service/biz/model/sync_task/sync_task.go:1453.2,1454.12 2 0
github.com/yi-nology/git-sync-service/biz/model/sync_task/sync_task.go:1457.64,1459.60 2 0
github.com/yi-nology/git-sync-service/biz/model/sync_task/sync_task.go:1459.60,1460.29 1 0
github.com/yi-nology/git-sync-service/biz/model/sync_task/sync_task.go:1462.2,1462.14 1 0
github.com/yi-nology/git-sync-service/biz/model/sync_task/sync_task.go:1462.14,1463.45 1 0
github.com/yi-nology/git-sync-service/biz/model/sync_task/sync_task.go:1463.45,1465.24 2 0
github.com/yi-nology/git-sync-service/biz/model/sync_task/sync_task.go:1468.2,1468.46 1 0
github.com/yi-nology/git-sync-service/biz/model/sync_task/sync_task.go:1468.46,1469.27 1 0
github.com/yi-nology/git-sync-service/biz/model/sync_task/sync_task.go:1471.2,1471.46 1 0
github.com/yi-nology/git-sync-service/biz/model/sync_task/sync_task.go:1471.46,1472.27 1 0
github.com/yi-nology/git-sync-service/biz/model/sync_task/sync_task.go:1474.2,1475.1 2 0
github.com/yi-nology/git-sync-service/biz/model/sync_task/sync_task.go:1476.2,1477.1 2 0
github.com/yi-nology/git-sync-service/biz/model/sync_task/sync_task.go:1478.2,1479.1 2 0
github.com/yi-nology/git-sync-service/biz/model/sync_task/sync_task.go:1480.2,1481.1 2 0
github.com/yi-nology/git-sync-service/biz/model/sync_task/sync_task.go:1482.2,1482.80 1 0
github.com/yi-nology/git-sync-service/biz/model/sync_task/sync_task.go:1485.70,1486.70 1 0
github.com/yi-nology/git-sync-service/biz/model/sync_task/sync_task.go:1486.70,1487.28 1 0
github.com/yi-nology/git-sync-service/biz/model/sync_task/sync_task.go:1489.2,1489.49 1 0
github.com/yi-nology/git-sync-service/biz/model/sync_task/sync_task.go:1489.49,1491.3 1 0
github.com/yi-nology/git-sync-service/biz/model/sync_task/sync_task.go:1492.2,1492.45 1 0
github.com/yi-nology/git-sync-service/biz/model/sync_task/sync_task.go:1492.45,1493.26 1 0
github.com/yi-nology/git-sync-service/biz/model/sync_task/sync_task.go:1495.2,1496.1 2 0
github.com/yi-nology/git-sync-service/biz/model/sync_task/sync_task.go:1497.2,1498.1 2 0
github.com/yi-nology/git-sync-service/biz/model/sync_task/sync_task.go:1499.2,1499.81 1 0
github.com/yi-nology/git-sync-service/biz/model/sync_task/sync_task.go:1502.38,1503.14 1 0
github.com/yi-nology/git-sync-service/biz/model/sync_task/sync_task.go:1503.14,1505.3 1 0
github.com/yi-nology/git-sync-service/biz/model/sync_task/sync_task.go:1506.2,1506.43 1 0
github.com/yi-nology/git-sync-service/biz/model/sync_task/sync_task.go:1514.36,1516.2 1 0
github.com/yi-nology/git-sync-service/biz/model/sync_task/sync_task.go:1518.38,1519.2 0 0
github.com/yi-nology/git-sync-service/biz/model/sync_task/sync_task.go:1523.51,1524.20 1 0
github.com/yi-nology/git-sync-service/biz/model/sync_task/sync_task.go:1524.20,1526.3 1 0
github.com/yi-nology/git-sync-service/biz/model/sync_task/sync_task.go:1527.2,1527.15 1 0
github.com/yi-nology/git-sync-service/biz/model/sync_task/sync_task.go:1534.40,1536.2 1 0
github.com/yi-nology/git-sync-service/biz/model/sync_task/sync_task.go:1538.64,1543.50 3 0
github.com/yi-nology/git-sync-service/biz/model/sync_task/sync_task.go:1543.50,1544.28 1 0
github.com/yi-nology/git-sync-service/biz/model/sync_task/sync_task.go:1547.2,1547.6 1 0
github.com/yi-nology/git-sync-service/biz/model/sync_task/sync_task.go:1547.6,1549.17 2 0
github.com/yi-nology/git-sync-service/biz/model/sync_task/sync_task.go:1549.17,1550.28 1 0
github.com/yi-nology/git-sync-service/biz/model/sync_task/sync_task.go:1552.3,1552.33 1 0
github.com/yi-nology/git-sync-service/biz/model/sync_task/sync_task.go:1552.33,1553.9 1 0
github.com/yi-nology/git-sync-service/biz/model/sync_task/sync_task.go:1556.3,1556.18 1 0
github.com/yi-nology/git-sync-service/biz/model/sync_task/sync_task.go:1557.10,1558.36 1 0
github.com/yi-nology/git-sync-service/biz/model/sync_task/sync_task.go:1558.36,1559.46 1 0
github.com/yi-nology/git-sync-service/biz/model/sync_task/sync_task.go:1559.46,1560.25 1 0
github.com/yi-nology/git-sync-service/biz/model/sync_task/sync_task.go:1562.10,1562.56 1 0
github.com/yi-nology/git-sync-service/biz/model/sync_task/sync_task.go:1562.56,1563.24 1 0
github.com/yi-nology/git-sync-service/biz/model/sync_task/sync_task.go:1565.11,1566.49 1 0
github.com/yi-nology/git-sync-service/biz/model/sync_task/sync_task.go:1566.49,1567.24 1 0
github.com/yi-nology/git-sync-service/biz/model/sync_task/sync_task.go:1570.3,1570.45 1 0
github.com/yi-nology/git-sync-service/biz/model/sync_task/sync_task.go:1570.45,1571.26 1 0
github.com/yi-nology/git-sync-service/biz/model/sync_task/sync_task.go:1574.2,1574.45 1 0
github.com/yi-nology/git-sync-service/biz/model/sync_task/sync_task.go:1574.45,1575.26 1 0
github.com/yi-nology/git-sync-service/biz/model/sync_task/sync_task.go:1578.2,1579.1 2 0
github.com/yi-nology/git-sync-service/biz/model/sync_task/sync_task.go:1580.2,1581.1 2 0
github.com/yi-nology/git-sync-service/biz/model/sync_task/sync_task.go:1582.2,1583.1 2 0
github.com/yi-nology/git-sync-service/biz/model/sync_task/sync_task.go:1584.2,1585.1 2 0
github.com/yi-nology/git-sync-service/biz/model/sync_task/sync_task.go:1586.2,1588.1 2 0
github.com/yi-nology/git-sync-service/biz/model/sync_task/sync_task.go:1589.2,1590.1 2 0
github.com/yi-nology/git-sync-service/biz/model/sync_task/sync_task.go:1591.2,1591.79 1 0
github.com/yi-nology/git-sync-service/biz/model/sync_task/sync_task.go:1594.64,1596.43 2 0
github.com/yi-nology/git-sync-service/biz/model/sync_task/sync_task.go:1596.43,1598.3 1 0
github.com/yi-nology/git-sync-service/biz/model/sync_task/sync_task.go:1599.2,1600.12 2 0
github.com/yi-nology/git-sync-service/biz/model/sync_task/sync_task.go:1603.65,1605.61 2 0
github.com/yi-nology/git-sync-service/biz/model/sync_task/sync_task.go:1605.61,1606.29 1 0
github.com/yi-nology/git-sync-service/biz/model/sync_task/sync_task.go:1608.2,1608.14 1 0
github.com/yi-nology/git-sync-service/biz/model/sync_task/sync_task.go:1608.14,1609.45 1 0
github.com/yi-nology/git-sync-service/biz/model/sync_task/sync_task.go:1609.45,1611.24 2 0
github.com/yi-nology/git-sync-service/biz/model/sync_task/sync_task.go:1614.2,1614.46 1 0
github.com/yi-nology/git-sync-service/biz/model/sync_task/sync_task.go:1614.46,1615.27 1 0
github.com/yi-nology/git-sync-service/biz/model/sync_task/sync_task.go:1617.2,1617.46 1 0
github.com/yi-nology/git-sync-service/biz/model/sync_task/sync_task.go:1617.46,1618.27 1 0
github.com/yi-nology/git-sync-service/biz/model/sync_task/sync_task.go:1620.2,1621.1 2 0
github.com/yi-nology/git-sync-service/biz/model/sync_task/sync_task.go:1622.2,1623.1 2 0
github.com/yi-nology/git-sync-service/biz/model/sync_task/sync_task.go:1624.2,1625.1 2 0
github.com/yi-nology/git-sync-service/biz/model/sync_task/sync_task.go:1626.2,1627.1 2 0
github.com/yi-nology/git-sync-service/biz/model/sync_task/sync_task.go:1628.2,1628.80 1 0
github.com/yi-nology/git-sync-service/biz/model/sync_task/sync_task.go:1631.71,1632.71 1 0
github.com/yi-nology/git-sync-service/biz/model/sync_task/sync_task.go:1632.71,1633.28 1 0
github.com/yi-nology/git-sync-service/biz/model/sync_task/sync_task.go:1635.2,1635.44 1 0
github.com/yi-nology/git-sync-service/biz/model/sync_task/sync_task.go:1635.44,1637.3 1 0
github.com/yi-nology/git-sync-service/biz/model/sync_task/sync_task.go:1638.2,1638.45 1 0
github.com/yi-nology/git-sync-service/biz/model/sync_task/sync_task.go:1638.45,1639.26 1 0
github.com/yi-nology/git-sync-service/biz/model/sync_task/sync_task.go:1641.2,1642.1 2 0
github.com/yi-nology/git-sync-service/biz/model/sync_task/sync_task.go:1643.2,1644.1 2 0
github.com/yi-nology/git-sync-service/biz/model/sync_task/sync_task.go:1645.2,1645.81 1 0
github.com/yi-nology/git-sync-service/biz/model/sync_task/sync_task.go:1648.39,1649.14 1 0
github.com/yi-nology/git-sync-service/biz/model/sync_task/sync_task.go:1649.14,1651.3 1 0
github.com/yi-nology/git-sync-service/biz/model/sync_task/sync_task.go:1652.2,1652.44 1 0
github.com/yi-nology/git-sync-service/biz/model/sync_task/sync_task.go:1671.40,1673.2 1 0
github.com/yi-nology/git-sync-service/biz/model/sync_task/sync_task.go:1675.40,1676.2 0 0
github.com/yi-nology/git-sync-service/biz/model/sync_task/sync_task.go:1678.46,1680.2 1 0
github.com/yi-nology/git-sync-service/biz/model/sync_task/sync_task.go:1682.55,1684.2 1 0
github.com/yi-nology/git-sync-service/biz/model/sync_task/sync_task.go:1686.54,1688.2 1 0
github.com/yi-nology/git-sync-service/biz/model/sync_task/sync_task.go:1690.55,1692.2 1 0
github.com/yi-nology/git-sync-service/biz/model/sync_task/sync_task.go:1694.54,1696.2 1 0
github.com/yi-nology/git-sync-service/biz/model/sync_task/sync_task.go:1698.50,1700.2 1 0
github.com/yi-nology/git-sync-service/biz/model/sync_task/sync_task.go:1702.46,1704.2 1 0
github.com/yi-nology/git-sync-service/biz/model/sync_task/sync_task.go:1706.47,1708.2 1 0
github.com/yi-nology/git-sync-service/biz/model/sync_task/sync_task.go:1710.48,1712.2 1 0
github.com/yi-nology/git-sync-service/biz/model/sync_task/sync_task.go:1714.48,1716.2 1 0
github.com/yi-nology/git-sync-service/biz/model/sync_task/sync_task.go:1718.51,1720.2 1 0
github.com/yi-nology/git-sync-service/biz/model/sync_task/sync_task.go:1722.53,1724.2 1 0
github.com/yi-nology/git-sync-service/biz/model/sync_task/sync_task.go:1741.66,1746.50 3 0
github.com/yi-nology/git-sync-service/biz/model/sync_task/sync_task.go:1746.50,1747.28 1 0
github.com/yi-nology/git-sync-service/biz/model/sync_task/sync_task.go:1750.2,1750.6 1 0
github.com/yi-nology/git-sync-service/biz/model/sync_task/sync_task.go:1750.6,1752.17 2 0
github.com/yi-nology/git-sync-service/biz/model/sync_task/sync_task.go:1752.17,1753.28 1 0
github.com/yi-nology/git-sync-service/biz/model/sync_task/sync_task.go:1755.3,1755.33 1 0
github.com/yi-nology/git-sync-service/biz/model/sync_task/sync_task.go:1755.33,1756.9 1 0
github.com/yi-nology/git-sync-service/biz/model/sync_task/sync_task.go:1759.3,1759.18 1 0
github.com/yi-nology/git-sync-service/biz/model/sync_task/sync_task.go:1760.10,1761.36 1 0
github.com/yi-nology/git-sync-service/biz/model/sync_task/sync_task.go:1761.36,1762.46 1 0
github.com/yi-nology/git-sync-service/biz/model/sync_task/sync_task.go:1762.46,1763.25 1 0
github.com/yi-nology/git-sync-service/biz/model/sync_task/sync_task.go:1765.10,1765.56 1 0
github.com/yi-nology/git-sync-service/biz/model/sync_task/sync_task.go:1765.56,1766.24 1 0
github.com/yi-nology/git-sync-service/biz/model/sync_task/sync_task.go:1768.10,1769.36 1 0
github.com/yi-nology/git-sync-service/biz/model/sync_task/sync_task.go:1769.36,1770.46 1 0
github.com/yi-nology/git-sync-service/biz/model/sync_task/sync_task.go:1770.46,1771.25 1 0
github.com/yi-nology/git-sync-service/biz/model/sync_task/sync_task.go:1773.10,1773.56 1 0
github.com/yi-nology/git-sync-service/biz/model/sync_task/sync_task.go:1773.56,1774.24 1 0
github.com/yi-nology/git-sync-service/biz/model/sync_task/sync_task.go:1776.10,1777.36 1 0
github.com/yi-nology/git-sync-service/biz/model/sync_task/sync_task.go:1777.36,1778.46 1 0
github.com/yi-nology/git-sync-service/biz/model/sync_task/sync_task.go:1778.46,1779.25 1 0
github.com/yi-nology/git-sync-service/biz/model/sync_task/sync_task.go:1781.10,1781.56 1 0
github.com/yi-nology/git-sync-service/biz/model/sync_task/sync_task.go:1781.56,1782.24 1 0
github.com/yi-nology/git-sync-service/biz/model/sync_task/sync_task.go:1784.10,1785.36 1 0
github.com/yi-nology/git-sync-service/biz/model/sync_task/sync_task.go:1785.36,1786.46 1 0
github.com/yi-nology/git-sync-service/biz/model/sync_task/sync_task.go:1786.46,1787.25 1 0
github.com/yi-nology/git-sync-service/biz/model/sync_task/sync_task.go:1789.10,1789.56 1 0
github.com/yi-nology/git-sync-service/biz/model/sync_task/sync_task.go:1789.56,1790.24 1 0
github.com/yi-nology/git-sync-service/biz/model/sync_task/sync_task.go:1792.10,1793.36 1 0
github.com/yi-nology/git-sync-service/biz/model/sync_task/sync_task.go:1793.36,1794.46 1 0
github.com/yi-nology/git-sync-service/biz/model/sync_task/sync_task.go:1794.46,1795.25 1 0
github.com/yi-nology/git-sync-service/biz/model/sync_task/sync_task.go:1797.10,1797.56 1 0
github.com/yi-nology/git-sync-service/biz/model/sync_task/sync_task.go:1797.56,1798.24 1 0
github.com/yi-nology/git-sync-service/biz/model/sync_task/sync_task.go:1800.10,1801.36 1 0
github.com/yi-nology/git-sync-service/biz/model/sync_task/sync_task.go:1801.36,1802.46 1 0
github.com/yi-nology/git-sync-service/biz/model/sync_task/sync_task.go:1802.46,1803.25 1 0
github.com/yi-nology/git-sync-service/biz/model/sync_task/sync_task.go:1805.10,1805.56 1 0
github.com/yi-nology/git-sync-service/biz/model/sync_task/sync_task.go:1805.56,1806.24 1 0
github.com/yi-nology/git-sync-service/biz/model/sync_task/sync_task.go:1808.10,1809.36 1 0
github.com/yi-nology/git-sync-service/biz/model/sync_task/sync_task.go:1809.36,1810.46 1 0
github.com/yi-nology/git-sync-service/biz/model/sync_task/sync_task.go:1810.46,1811.25 1 0
github.com/yi-nology/git-sync-service/biz/model/sync_task/sync_task.go:1813.10,1813.56 1 0
github.com/yi-nology/git-sync-service/biz/model/sync_task/sync_task.go:1813.56,1814.24 1 0
github.com/yi-nology/git-sync-service/biz/model/sync_task/sync_task.go:1816.10,1817.34 1 0
github.com/yi-nology/git-sync-service/biz/model/sync_task/sync_task.go:1817.34,1818.46 1 0
github.com/yi-nology/git-sync-service/biz/model/sync_task/sync_task.go:1818.46,1819.25 1 0
github.com/yi-nology/git-sync-service/biz/model/sync_task/sync_task.go:1821.10,1821.56 1 0
github.com/yi-nology/git-sync-service/biz/model/sync_task/sync_task.go:1821.56,1822.24 1 0
github.com/yi-nology/git-sync-service/biz/model/sync_task/sync_task.go:1824.10,1825.34 1 0
github.com/yi-nology/git-sync-service/biz/model/sync_task/sync_task.go:1825.34,1826.46 1 0
github.com/yi-nology/git-sync-service/biz/model/sync_task/sync_task.go:1826.46,1827.25 1 0
github.com/yi-nology/git-sync-service/biz/model/sync_task/sync_task.go:1829.10,1829.56 1 0
github.com/yi-nology/git-sync-service/biz/model/sync_task/sync_task.go:1829.56,1830.24 1 0
github.com/yi-nology/git-sync-service/biz/model/sync_task/sync_task.go:1832.11,1833.34 1 0
github.com/yi-nology/git-sync-service/biz/model/sync_task/sync_task.go:1833.34,1834.47 1 0
github.com/yi-nology/git-sync-service/biz/model/sync_task/sync_task.go:1834.47,1835.25 1 0
github.com/yi-nology/git-sync-service/biz/model/sync_task/sync_task.go:1837.10,1837.56 1 0
github.com/yi-nology/git-sync-service/biz/model/sync_task/sync_task.go:1837.56,1838.24 1 0
github.com/yi-nology/git-sync-service/biz/model/sync_task/sync_task.go:1840.11,1841.34 1 0
github.com/yi-nology/git-sync-service/biz/model/sync_task/sync_task.go:1841.34,1842.47 1 0
github.com/yi-nology/git-sync-service/biz/model/sync_task/sync_task.go:1842.47,1843.25 1 0
github.com/yi-nology/git-sync-service/biz/model/sync_task/sync_task.go:1845.10,1845.56 1 0
github.com/yi-nology/git-sync-service/biz/model/sync_task/sync_task.go:1845.56,1846.24 1 0
github.com/yi-nology/git-sync-service/biz/model/sync_task/sync_task.go:1848.11,1849.36 1 0
github.com/yi-nology/git-sync-service/biz/model/sync_task/sync_task.go:1849.36,1850.47 1 0
github.com/yi-nology/git-sync-service/biz/model/sync_task/sync_task.go:1850.47,1851.25 1 0
github.com/yi-nology/git-sync-service/biz/model/sync_task/sync_task.go:1853.10,1853.56 1 0
github.com/yi-nology/git-sync-service/biz/model/sync_task/sync_task.go:1853.56,1854.24 1 0
github.com/yi-nology/git-sync-service/biz/model/sync_task/sync_task.go:1856.11,1857.49 1 0
github.com/yi-nology/git-sync-service/biz/model/sync_task/sync_task.go:1857.49,1858.24 1 0
github.com/yi-nology/git-sync-service/biz/model/sync_task/sync_task.go:1861.3,1861.45 1 0
github.com/yi-nology/git-sync-service/biz/model/sync_task/sync_task.go:1861.45,1862.26 1 0
github.com/yi-nology/git-sync-service/biz/model/sync_task/sync_task.go:1865.2,1865.45 1 0
github.com/yi-nology/git-sync-service/biz/model/sync_task/sync_task.go:1865.45,1866.26 1 0
github.com/yi-nology/git-sync-service/biz/model/sync_task/sync_task.go:1869.2,1870.1 2 0
github.com/yi-nology/git-sync-service/biz/model/sync_task/sync_task.go:1871.2,1872.1 2 0
github.com/yi-nology/git-sync-service/biz/model/sync_task/sync_task.go:1873.2,1874.1 2 0
github.com/yi-nology/git-sync-service/biz/model/sync_task/sync_task.go:1875.2,1876.1 2 0
github.com/yi-nology/git-sync-service/biz/model/sync_task/sync_task.go:1877.2,1879.1 2 0
github.com/yi-nology/git-sync-service/biz/model/sync_task/sync_task.go:1880.2,1881.1 2 0
github.com/yi-nology/git-sync-service/biz/model/sync_task/sync_task.go:1882.2,1882.79 1 0
github.com/yi-nology/git-sync-service/biz/model/sync_task/sync_task.go:1885.66,1888.46 2 0
github.com/yi-nology/git-sync-service/biz/model/sync_task/sync_task.go:1888.46,1890.3 1 0
github.com/yi-nology/git-sync-service/biz/model/sync_task/sync_task.go:1890.8,1892.3 1 0
github.com/yi-nology/git-sync-service/biz/model/sync_task/sync_task.go:1893.2,1894.12 2 0
github.com/yi-nology/git-sync-service/biz/model/sync_task/sync_task.go:1896.66,1899.46 2 0
github.com/yi-nology/git-sync-service/biz/model/sync_task/sync_task.go:1899.46,1901.3 1 0
github.com/yi-nology/git-sync-service/biz/model/sync_task/sync_task.go:1901.8,1903.3 1 0
github.com/yi-nology/git-sync-service/biz/model/sync_task/sync_task.go:1904.2,1905.12 2 0
github.com/yi-nology/git-sync-service/biz/model/sync_task/sync_task.go:1907.66,1910.46 2 0
github.com/yi-nology/git-sync-service/biz/model/sync_task/sync_task.go:1910.46,1912.3 1 0
github.com/yi-nology/git-sync-service/biz/model/sync_task/sync_task.go:1912.8,1914.3 1 0
github.com/yi-nology/git-sync-service/biz/model/sync_task/sync_task.go:1915.2,1916.12 2 0
github.com/yi-nology/git-sync-service/biz/model/sync_task/sync_task.go:1918.66,1921.46 2 0
github.com/yi-nology/git-sync-service/biz/model/sync_task/sync_task.go:1921.46,1923.3 1 0
github.com/yi-nology/git-sync-service/biz/model/sync_task/sync_task.go:1923.8,1925.3 1 0
github.com/yi-nology/git-sync-service/biz/model/sync_task/sync_task.go:1926.2,1927.12 2 0
github.com/yi-nology/git-sync-service/biz/model/sync_task/sync_task.go:1929.66,1932.46 2 0
github.com/yi-nology/git-sync-service/biz/model/sync_task/sync_task.go:1932.46,1934.3 1 0
github.com/yi-nology/git-sync-service/biz/model/sync_task/sync_task.go:1934.8,1936.3 1 0
github.com/yi-nology/git-sync-service/biz/model/sync_task/sync_task.go:1937.2,1938.12 2 0
github.com/yi-nology/git-sync-service/biz/model/sync_task/sync_task.go:1940.66,1943.46 2 0
github.com/yi-nology/git-sync-service/biz/model/sync_task/sync_task.go:1943.46,1945.3 1 0
github.com/yi-nology/git-sync-service/biz/model/sync_task/sync_task.go:1945.8,1947.3 1 0
github.com/yi-nology/git-sync-service/biz/model/sync_task/sync_task.go:1948.2,1949.12 2 0
github.com/yi-nology/git-sync-service/biz/model/sync_task/sync_task.go:1951.66,1954.46 2 0
github.com/yi-nology/git-sync-service/biz/model/sync_task/sync_task.go:1954.46,1956.3 1 0
github.com/yi-nology/git-sync-service/biz/model/sync_task/sync_task.go:1956.8,1958.3 1 0
github.com/yi-nology/git-sync-service/biz/model/sync_task/sync_task.go:1959.2,1960.12 2 0
github.com/yi-nology/git-sync-service/biz/model/sync_task/sync_task.go:1962.66,1965.44 2 0
github.com/yi-nology/git-sync-service/biz/model/sync_task/sync_task.go:1965.44,1967.3 1 0
github.com/yi-nology/git-sync-service/biz/model/sync_task/sync_task.go:1967.8,1969.3 1 0
github.com/yi-nology/git-sync-service/biz/model/sync_task/sync_task.go:1970.2,1971.12 2 0
github.com/yi-nology/git-sync-service/biz/model/sync_task/sync_task.go:1973.66,1976.44 2 0
github.com/yi-nology/git-sync-service/biz/model/sync_task/sync_task.go:1976.44,1978.3 1 0
github.com/yi-nology/git-sync-service/biz/model/sync_task/sync_task.go:1978.8,1980.3 1 0
github.com/yi-nology/git-sync-service/biz/model/sync_task/sync_task.go:1981.2,1982.12 2 0
github.com/yi-nology/git-sync-service/biz/model/sync_task/sync_task.go:1984.67,1987.44 2 0
github.com/yi-nology/git-sync-service/biz/model/sync_task/sync_task.go:1987.44,1989.3 1 0
github.com/yi-nology/git-sync-service/biz/model/sync_task/sync_task.go:1989.8,1991.3 1 0
github.com/yi-nology/git-sync-service/biz/model/sync_task/sync_task.go:1992.2,1993.12 2 0
github.com/yi-nology/git-sync-service/biz/model/sync_task/sync_task.go:1995.67,1998.44 2 0
github.com/yi-nology/git-sync-service/biz/model/sync_task/sync_task.go:1998.44,2000.3 1 0
github.com/yi-nology/git-sync-service/biz/model/sync_task/sync_task.go:2000.8,2002.3 1 0
github.com/yi-nology/git-sync-service/biz/model/sync_task/sync_task.go:2003.2,2004.12 2 0
github.com/yi-nology/git-sync-service/biz/model/sync_task/sync_task.go:2006.67,2009.46 2 0
github.com/yi-nology/git-sync-service/biz/model/sync_task/sync_task.go:2009.46,2011.3 1 0
github.com/yi-nology/git-sync-service/biz/model/sync_task/sync_task.go:2011.8,2013.3 1 0
github.com/yi-nology/git-sync-service/biz/model/sync_task/sync_task.go:2014.2,2015.12 2 0
github.com/yi-nology/git-sync-service/biz/model/sync_task/sync_task.go:2018.67,2020.63 2 0
github.com/yi-nology/git-sync-service/biz/model/sync_task/sync_task.go:2020.63,2021.29 1 0
github.com/yi-nology/git-sync-service/biz/model/sync_task/sync_task.go:2023.2,2023.14 1 0
github.com/yi-nology/git-sync-service/biz/model/sync_task/sync_task.go:2023.14,2024.45 1 0
github.com/yi-nology/git-sync-service/biz/model/sync_task/sync_task.go:2024.45,2026.24 2 0
github.com/yi-nology/git-sync-service/biz/model/sync_task/sync_task.go:2028.3,2028.45 1 0
github.com/yi-nology/git-sync-service/biz/model/sync_task/sync_task.go:2028.45,2030.24 2 0
github.com/yi-nology/git-sync-service/biz/model/sync_task/sync_task.go:2032.3,2032.45 1 0
github.com/yi-nology/git-sync-service/biz/model/sync_task/sync_task.go:2032.45,2034.24 2 0
github.com/yi-nology/git-sync-service/biz/model/sync_task/sync_task.go:2036.3,2036.45 1 0
github.com/yi-nology/git-sync-service/biz/model/sync_task/sync_task.go:2036.45,2038.24 2 0
github.com/yi-nology/git-sync-service/biz/model/sync_task/sync_task.go:2040.3,2040.45 1 0
github.com/yi-nology/git-sync-service/biz/model/sync_task/sync_task.go:2040.45,2042.24 2 0
github.com/yi-nology/git-sync-service/biz/model/sync_task/sync_task.go:2044.3,2044.45 1 0
github.com/yi-nology/git-sync-service/biz/model/sync_task/sync_task.go:2044.45,2046.24 2 0
github.com/yi-nology/git-sync-service/biz/model/sync_task/sync_task.go:2048.3,2048.45 1 0
github.com/yi-nology/git-sync-service/biz/model/sync_task/sync_task.go:2048.45,2050.24 2 0
github.com/yi-nology/git-sync-service/biz/model/sync_task/sync_task.go:2052.3,2052.45 1 0
github.com/yi-nology/git-sync-service/biz/model/sync_task/sync_task.go:2052.45,2054.24 2 0
github.com/yi-nology/git-sync-service/biz/model/sync_task/sync_task.go:2056.3,2056.45 1 0
github.com/yi-nology/git-sync-service/biz/model/sync_task/sync_task.go:2056.45,2058.24 2 0
github.com/yi-nology/git-sync-service/biz/model/sync_task/sync_task.go:2060.3,2060.46 1 0
github.com/yi-nology/git-sync-service/biz/model/sync_task/sync_task.go:2060.46,2062.24 2 0
github.com/yi-nology/git-sync-service/biz/model/sync_task/sync_task.go:2064.3,2064.46 1 0
github.com/yi-nology/git-sync-service/biz/model/sync_task/sync_task.go:2064.46,2066.24 2 0
github.com/yi-nology/git-sync-service/biz/model/sync_task/sync_task.go:2068.3,2068.46 1 0
github.com/yi-nology/git-sync-service/biz/model/sync_task/sync_task.go:2068.46,2070.24 2 0
github.com/yi-nology/git-sync-service/biz/model/sync_task/sync_task.go:2073.2,2073.46 1 0
github.com/yi-nology/git-sync-service/biz/model/sync_task/sync_task.go:2073.46,2074.27 1 0
github.com/yi-nology/git-sync-service/biz/model/sync_task/sync_task.go:2076.2,2076.46 1 0
github.com/yi-nology/git-sync-service/biz/model/sync_task/sync_task.go:2076.46,2077.27 1 0
github.com/yi-nology/git-sync-service/biz/model/sync_task/sync_task.go:2079.2,2080.1 2 0
github.com/yi-nology/git-sync-service/biz/model/sync_task/sync_task.go:2081.2,2082.1 2 0
github.com/yi-nology/git-sync-service/biz/model/sync_task/sync_task.go:2083.2,2084.1 2 0
github.com/yi-nology/git-sync-service/biz/model/sync_task/sync_task.go:2085.2,2086.1 2 0
github.com/yi-nology/git-sync-service/biz/model/sync_task/sync_task.go:2087.2,2087.80 1 0
github.com/yi-nology/git-sync-service/biz/model/sync_task/sync_task.go:2090.73,2091.71 1 0
github.com/yi-nology/git-sync-service/biz/model/sync_task/sync_task.go:2091.71,2092.28 1 0
github.com/yi-nology/git-sync-service/biz/model/sync_task/sync_task.go:2094.2,2094.50 1 0
github.com/yi-nology/git-sync-service/biz/model/sync_task/sync_task.go:2094.50,2096.3 1 0
github.com/yi-nology/git-sync-service/biz/model/sync_task/sync_task.go:2097.2,2097.45 1 0
github.com/yi-nology/git-sync-service/biz/model/sync_task/sync_task.go:2097.45,2098.26 1 0
github.com/yi-nology/git-sync-service/biz/model/sync_task/sync_task.go:2100.2,2101.1 2 0
github.com/yi-nology/git-sync-service/biz/model/sync_task/sync_task.go:2102.2,2103.1 2 0
github.com/yi-nology/git-sync-service/biz/model/sync_task/sync_task.go:2104.2,2104.81 1 0
github.com/yi-nology/git-sync-service/biz/model/sync_task/sync_task.go:2107.73,2108.82 1 0
github.com/yi-nology/git-sync-service/biz/model/sync_task/sync_task.go:2108.82,2109.28 1 0
github.com/yi-nology/git-sync-service/biz/model/sync_task/sync_task.go:2111.2,2111.59 1 0
github.com/yi-nology/git-sync-service/biz/model/sync_task/sync_task.go:2111.59,2113.3 1 0
github.com/yi-nology/git-sync-service/biz/model/sync_task/sync_task.go:2114.2,2114.45 1 0
github.com/yi-nology/git-sync-service/biz/model/sync_task/sync_task.go:2114.45,2115.26 1 0
github.com/yi-nology/git-sync-service/biz/model/sync_task/sync_task.go:2117.2,2118.1 2 0
github.com/yi-nology/git-sync-service/biz/model/sync_task/sync_task.go:2119.2,2120.1 2 0
github.com/yi-nology/git-sync-service/biz/model/sync_task/sync_task.go:2121.2,2121.81 1 0
github.com/yi-nology/git-sync-service/biz/model/sync_task/sync_task.go:2124.73,2125.80 1 0
github.com/yi-nology/git-sync-service/biz/model/sync_task/sync_task.go:2125.80,2126.28 1 0
github.com/yi-nology/git-sync-service/biz/model/sync_task/sync_task.go:2128.2,2128.58 1 0
github.com/yi-nology/git-sync-service/biz/model/sync_task/sync_task.go:2128.58,2130.3 1 0
github.com/yi-nology/git-sync-service/biz/model/sync_task/sync_task.go:2131.2,2131.45 1 0
github.com/yi-nology/git-sync-service/biz/model/sync_task/sync_task.go:2131.45,2132.26 1 0
github.com/yi-nology/git-sync-service/biz/model/sync_task/sync_task.go:2134.2,2135.1 2 0
github.com/yi-nology/git-sync-service/biz/model/sync_task/sync_task.go:2136.2,2137.1 2 0
github.com/yi-nology/git-sync-service/biz/model/sync_task/sync_task.go:2138.2,2138.81 1 0
github.com/yi-nology/git-sync-service/biz/model/sync_task/sync_task.go:2141.73,2142.82 1 0
github.com/yi-nology/git-sync-service/biz/model/sync_task/sync_task.go:2142.82,2143.28 1 0
github.com/yi-nology/git-sync-service/biz/model/sync_task/sync_task.go:2145.2,2145.59 1 0
github.com/yi-nology/git-sync-service/biz/model/sync_task/sync_task.go:2145.59,2147.3 1 0
github.com/yi-nology/git-sync-service/biz/model/sync_task/sync_task.go:2148.2,2148.45 1 0
github.com/yi-nology/git-sync-service/biz/model/sync_task/sync_task.go:2148.45,2149.26 1 0
github.com/yi-nology/git-sync-service/biz/model/sync_task/sync_task.go:2151.2,2152.1 2 0
github.com/yi-nology/git-sync-service/biz/model/sync_task/sync_task.go:2153.2,2154.1 2 0
github.com/yi-nology/git-sync-service/biz/model/sync_task/sync_task.go:2155.2,2155.81 1 0
github.com/yi-nology/git-sync-service/biz/model/sync_task/sync_task.go:2158.73,2159.80 1 0
github.com/yi-nology/git-sync-service/biz/model/sync_task/sync_task.go:2159.80,2160.28 1 0
github.com/yi-nology/git-sync-service/biz/model/sync_task/sync_task.go:2162.2,2162.58 1 0
github.com/yi-nology/git-sync-service/biz/model/sync_task/sync_task.go:2162.58,2164.3 1 0
github.com/yi-nology/git-sync-service/biz/model/sync_task/sync_task.go:2165.2,2165.45 1 0
github.com/yi-nology/git-sync-service/biz/model/sync_task/sync_task.go:2165.45,2166.26 1 0
github.com/yi-nology/git-sync-service/biz/model/sync_task/sync_task.go:2168.2,2169.1 2 0
github.com/yi-nology/git-sync-service/biz/model/sync_task/sync_task.go:2170.2,2171.1 2 0
github.com/yi-nology/git-sync-service/biz/model/sync_task/sync_task.go:2172.2,2172.81 1 0
github.com/yi-nology/git-sync-service/biz/model/sync_task/sync_task.go:2175.73,2176.76 1 0
github.com/yi-nology/git-sync-service/biz/model/sync_task/sync_task.go:2176.76,2177.28 1 0
github.com/yi-nology/git-sync-service/biz/model/sync_task/sync_task.go:2179.2,2179.54 1 0
github.com/yi-nology/git-sync-service/biz/model/sync_task/sync_task.go:2179.54,2181.3 1 0
github.com/yi-nology/git-sync-service/biz/model/sync_task/sync_task.go:2182.2,2182.45 1 0
github.com/yi-nology/git-sync-service/biz/model/sync_task/sync_task.go:2182.45,2183.26 1 0
github.com/yi-nology/git-sync-service/biz/model/sync_task/sync_task.go:2185.2,2186.1 2 0
github.com/yi-nology/git-sync-service/biz/model/sync_task/sync_task.go:2187.2,2188.1 2 0
github.com/yi-nology/git-sync-service/biz/model/sync_task/sync_task.go:2189.2,2189.81 1 0
github.com/yi-nology/git-sync-service/biz/model/sync_task/sync_task.go:2192.73,2193.71 1 0
github.com/yi-nology/git-sync-service/biz/model/sync_task/sync_task.go:2193.71,2194.28 1 0
github.com/yi-nology/git-sync-service/biz/model/sync_task/sync_task.go:2196.2,2196.50 1 0
github.com/yi-nology/git-sync-service/biz/model/sync_task/sync_task.go:2196.50,2198.3 1 0
github.com/yi-nology/git-sync-service/biz/model/sync_task/sync_task.go:2199.2,2199.45 1 0
github.com/yi-nology/git-sync-service/biz/model/sync_task/sync_task.go:2199.45,2200.26 1 0
github.com/yi-nology/git-sync-service/biz/model/sync_task/sync_task.go:2202.2,2203.1 2 0
github.com/yi-nology/git-sync-service/biz/model/sync_task/sync_task.go:2204.2,2205.1 2 0
github.com/yi-nology/git-sync-service/biz/model/sync_task/sync_task.go:2206.2,2206.81 1 0
github.com/yi-nology/git-sync-service/biz/model/sync_task/sync_task.go:2209.73,2210.73 1 0
github.com/yi-nology/git-sync-service/biz/model/sync_task/sync_task.go:2210.73,2211.28 1 0
github.com/yi-nology/git-sync-service/biz/model/sync_task/sync_task.go:2213.2,2213.51 1 0
github.com/yi-nology/git-sync-service/biz/model/sync_task/sync_task.go:2213.51,2215.3 1 0
github.com/yi-nology/git-sync-service/biz/model/sync_task/sync_task.go:2216.2,2216.45 1 0
github.com/yi-nology/git-sync-service/biz/model/sync_task/sync_task.go:2216.45,2217.26 1 0
github.com/yi-nology/git-sync-service/biz/model/sync_task/sync_task.go:2219.2,2220.1 2 0
github.com/yi-nology/git-sync-service/biz/model/sync_task/sync_task.go:2221.2,2222.1 2 0
github.com/yi-nology/git-sync-service/biz/model/sync_task/sync_task.go:2223.2,2223.81 1 0
github.com/yi-nology/git-sync-service/biz/model/sync_task/sync_task.go:2226.73,2227.74 1 0
github.com/yi-nology/git-sync-service/biz/model/sync_task/sync_task.go:2227.74,2228.28 1 0
github.com/yi-nology/git-sync-service/biz/model/sync_task/sync_task.go:2230.2,2230.52 1 0
github.com/yi-nology/git-sync-service/biz/model/sync_task/sync_task.go:2230.52,2232.3 1 0
github.com/yi-nology/git-sync-service/biz/model/sync_task/sync_task.go:2233.2,2233.45 1 0
github.com/yi-nology/git-sync-service/biz/model/sync_task/sync_task.go:2233.45,2234.26 1 0
github.com/yi-nology/git-sync-service/biz/model/sync_task/sync_task.go:2236.2,2237.1 2 0
github.com/yi-nology/git-sync-service/biz/model/sync_task/sync_task.go:2238.2,2239.1 2 0
github.com/yi-nology/git-sync-service/biz/model/sync_task/sync_task.go:2240.2,2240.81 1 0
github.com/yi-nology/git-sync-service/biz/model/sync_task/sync_task.go:2243.74,2244.75 1 0
github.com/yi-nology/git-sync-service/biz/model/sync_task/sync_task.go:2244.75,2245.28 1 0
github.com/yi-nology/git-sync-service/biz/model/sync_task/sync_task.go:2247.2,2247.52 1 0
github.com/yi-nology/git-sync-service/biz/model/sync_task/sync_task.go:2247.52,2249.3 1 0
github.com/yi-nology/git-sync-service/biz/model/sync_task/sync_task.go:2250.2,2250.45 1 0
github.com/yi-nology/git-sync-service/biz/model/sync_task/sync_task.go:2250.45,2251.26 1 0
github.com/yi-nology/git-sync-service/biz/model/sync_task/sync_task.go:2253.2,2254.1 2 0
github.com/yi-nology/git-sync-service/biz/model/sync_task/sync_task.go:2255.2,2256.1 2 0
github.com/yi-nology/git-sync-service/biz/model/sync_task/sync_task.go:2257.2,2257.82 1 0
github.com/yi-nology/git-sync-service/biz/model/sync_task/sync_task.go:2260.74,2261.79 1 0
github.com/yi-nology/git-sync-service/biz/model/sync_task/sync_task.go:2261.79,2262.28 1 0
github.com/yi-nology/git-sync-service/biz/model/sync_task/sync_task.go:2264.2,2264.55 1 0
github.com/yi-nology/git-sync-service/biz/model/sync_task/sync_task.go:2264.55,2266.3 1 0
github.com/yi-nology/git-sync-service/biz/model/sync_task/sync_task.go:2267.2,2267.45 1 0
github.com/yi-nology/git-sync-service/biz/model/sync_task/sync_task.go:2267.45,2268.26 1 0
github.com/yi-nology/git-sync-service/biz/model/sync_task/sync_task.go:2270.2,2271.1 2 0
github.com/yi-nology/git-sync-service/biz/model/sync_task/sync_task.go:2272.2,2273.1 2 0
github.com/yi-nology/git-sync-service/biz/model/sync_task/sync_task.go:2274.2,2274.82 1 0
github.com/yi-nology/git-sync-service/biz/model/sync_task/sync_task.go:2277.74,2278.80 1 0
github.com/yi-nology/git-sync-service/biz/model/sync_task/sync_task.go:2278.80,2279.28 1 0
github.com/yi-nology/git-sync-service/biz/model/sync_task/sync_task.go:2281.2,2281.57 1 0
github.com/yi-nology/git-sync-service/biz/model/sync_task/sync_task.go:2281.57,2283.3 1 0
github.com/yi-nology/git-sync-service/biz/model/sync_task/sync_task.go:2284.2,2284.45 1 0
github.com/yi-nology/git-sync-service/biz/model/sync_task/sync_task.go:2284.45,2285.26 1 0
github.com/yi-nology/git-sync-service/biz/model/sync_task/sync_task.go:2287.2,2288.1 2 0
github.com/yi-nology/git-sync-service/biz/model/sync_task/sync_task.go:2289.2,2290.1 2 0
github.com/yi-nology/git-sync-service/biz/model/sync_task/sync_task.go:2291.2,2291.82 1 0
github.com/yi-nology/git-sync-service/biz/model/sync_task/sync_task.go:2294.41,2295.14 1 0
github.com/yi-nology/git-sync-service/biz/model/sync_task/sync_task.go:2295.14,2297.3 1 0
github.com/yi-nology/git-sync-service/biz/model/sync_task/sync_task.go:2298.2,2298.46 1 0
github.com/yi-nology/git-sync-service/biz/model/sync_task/sync_task.go:2306.42,2308.2 1 0
github.com/yi-nology/git-sync-service/biz/model/sync_task/sync_task.go:2310.41,2311.2 0 0
github.com/yi-nology/git-sync-service/biz/model/sync_task/sync_task.go:2315.54,2316.20 1 0
github.com/yi-nology/git-sync-service/biz/model/sync_task/sync_task.go:2316.20,2318.3 1 0
github.com/yi-nology/git-sync-service/biz/model/sync_task/sync_task.go:2319.2,2319.15 1 0
github.com/yi-nology/git-sync-service/biz/model/sync_task/sync_task.go:2326.43,2328.2 1 0
github.com/yi-nology/git-sync-service/biz/model/sync_task/sync_task.go:2330.67,2335.50 3 0
github.com/yi-nology/git-sync-service/biz/model/sync_task/sync_task.go:2335.50,2336.28 1 0
github.com/yi-nology/git-sync-service/biz/model/sync_task/sync_task.go:2339.2,2339.6 1 0
github.com/yi-nology/git-sync-service/biz/model/sync_task/sync_task.go:2339.6,2341.17 2 0
github.com/yi-nology/git-sync-service/biz/model/sync_task/sync_task.go:2341.17,2342.28 1 0
github.com/yi-nology/git-sync-service/biz/model/sync_task/sync_task.go:2344.3,2344.33 1 0
github.com/yi-nology/git-sync-service/biz/model/sync_task/sync_task.go:2344.33,2345.9 1 0
github.com/yi-nology/git-sync-service/biz/model/sync_task/sync_task.go:2348.3,2348.18 1 0
github.com/yi-nology/git-sync-service/biz/model/sync_task/sync_task.go:2349.10,2350.36 1 0
github.com/yi-nology/git-sync-service/biz/model/sync_task/sync_task.go:2350.36,2351.46 1 0
github.com/yi-nology/git-sync-service/biz/model/sync_task/sync_task.go:2351.46,2352.25 1 0
github.com/yi-nology/git-sync-service/biz/model/sync_task/sync_task.go:2354.10,2354.56 1 0
github.com/yi-nology/git-sync-service/biz/model/sync_task/sync_task.go:2354.56,2355.24 1 0
github.com/yi-nology/git-sync-service/biz/model/sync_task/sync_task.go:2357.11,2358.49 1 0
github.com/yi-nology/git-sync-service/biz/model/sync_task/sync_task.go:2358.49,2359.24 1 0
github.com/yi-nology/git-sync-service/biz/model/sync_task/sync_task.go:2362.3,2362.45 1 0
github.com/yi-nology/git-sync-service/biz/model/sync_task/sync_task.go:2362.45,2363.26 1 0
github.com/yi-nology/git-sync-service/biz/model/sync_task/sync_task.go:2366.2,2366.45 1 0
github.com/yi-nology/git-sync-service/biz/model/sync_task/sync_task.go:2366.45,2367.26 1 0
github.com/yi-nology/git-sync-service/biz/model/sync_task/sync_task.go:2370.2,2371.1 2 0
github.com/yi-nology/git-sync-service/biz/model/sync_task/sync_task.go:2372.2,2373.1 2 0
github.com/yi-nology/git-sync-service/biz/model/sync_task/sync_task.go:2374.2,2375.1 2 0
github.com/yi-nology/git-sync-service/biz/model/sync_task/sync_task.go:2376.2,2377.1 2 0
github.com/yi-nology/git-sync-service/biz/model/sync_task/sync_task.go:2378.2,2380.1 2 0
github.com/yi-nology/git-sync-service/biz/model/sync_task/sync_task.go:2381.2,2382.1 2 0
github.com/yi-nology/git-sync-service/biz/model/sync_task/sync_task.go:2383.2,2383.79 1 0
github.com/yi-nology/git-sync-service/biz/model/sync_task/sync_task.go:2386.67,2388.43 2 0
github.com/yi-nology/git-sync-service/biz/model/sync_task/sync_task.go:2388.43,2390.3 1 0
github.com/yi-nology/git-sync-service/biz/model/sync_task/sync_task.go:2391.2,2392.12 2 0
github.com/yi-nology/git-sync-service/biz/model/sync_task/sync_task.go:2395.68,2397.64 2 0
github.com/yi-nology/git-sync-service/biz/model/sync_task/sync_task.go:2397.64,2398.29 1 0
github.com/yi-nology/git-sync-service/biz/model/sync_task/sync_task.go:2400.2,2400.14 1 0
github.com/yi-nology/git-sync-service/biz/model/sync_task/sync_task.go:2400.14,2401.45 1 0
github.com/yi-nology/git-sync-service/biz/model/sync_task/sync_task.go:2401.45,2403.24 2 0
github.com/yi-nology/git-sync-service/biz/model/sync_task/sync_task.go:2406.2,2406.46 1 0
github.com/yi-nology/git-sync-service/biz/model/sync_task/sync_task.go:2406.46,2407.27 1 0
github.com/yi-nology/git-sync-service/biz/model/sync_task/sync_task.go:2409.2,2409.46 1 0
github.com/yi-nology/git-sync-service/biz/model/sync_task/sync_task.go:2409.46,2410.27 1 0
github.com/yi-nology/git-sync-service/biz/model/sync_task/sync_task.go:2412.2,2413.1 2 0
github.com/yi-nology/git-sync-service/biz/model/sync_task/sync_task.go:2414.2,2415.1 2 0
github.com/yi-nology/git-sync-service/biz/model/sync_task/sync_task.go:2416.2,2417.1 2 0
github.com/yi-nology/git-sync-service/biz/model/sync_task/sync_task.go:2418.2,2419.1 2 0
github.com/yi-nology/git-sync-service/biz/model/sync_task/sync_task.go:2420.2,2420.80 1 0
github.com/yi-nology/git-sync-service/biz/model/sync_task/sync_task.go:2423.74,2424.71 1 0
github.com/yi-nology/git-sync-service/biz/model/sync_task/sync_task.go:2424.71,2425.28 1 0
github.com/yi-nology/git-sync-service/biz/model/sync_task/sync_task.go:2427.2,2427.44 1 0
github.com/yi-nology/git-sync-service/biz/model/sync_task/sync_task.go:2427.44,2429.3 1 0
github.com/yi-nology/git-sync-service/biz/model/sync_task/sync_task.go:2430.2,2430.45 1 0
github.com/yi-nology/git-sync-service/biz/model/sync_task/sync_task.go:2430.45,2431.26 1 0
github.com/yi-nology/git-sync-service/biz/model/sync_task/sync_task.go:2433.2,2434.1 2 0
github.com/yi-nology/git-sync-service/biz/model/sync_task/sync_task.go:2435.2,2436.1 2 0
github.com/yi-nology/git-sync-service/biz/model/sync_task/sync_task.go:2437.2,2437.81 1 0
github.com/yi-nology/git-sync-service/biz/model/sync_task/sync_task.go:2440.42,2441.14 1 0
github.com/yi-nology/git-sync-service/biz/model/sync_task/sync_task.go:2441.14,2443.3 1 0
github.com/yi-nology/git-sync-service/biz/model/sync_task/sync_task.go:2444.2,2444.47 1 0
github.com/yi-nology/git-sync-service/biz/model/sync_task/sync_task.go:2463.40,2465.2 1 0
github.com/yi-nology/git-sync-service/biz/model/sync_task/sync_task.go:2467.40,2468.2 0 0
github.com/yi-nology/git-sync-service/biz/model/sync_task/sync_task.go:2470.45,2472.2 1 0
github.com/yi-nology/git-sync-service/biz/model/sync_task/sync_task.go:2474.46,2476.2 1 0
github.com/yi-nology/git-sync-service/biz/model/sync_task/sync_task.go:2478.54,2480.2 1 0
github.com/yi-nology/git-sync-service/biz/model/sync_task/sync_task.go:2482.54,2484.2 1 0
github.com/yi-nology/git-sync-service/biz/model/sync_task/sync_task.go:2486.50,2488.2 1 0
github.com/yi-nology/git-sync-service/biz/model/sync_task/sync_task.go:2490.46,2492.2 1 0
github.com/yi-nology/git-sync-service/biz/model/sync_task/sync_task.go:2494.47,2496.2 1 0
github.com/yi-nology/git-sync-service/biz/model/sync_task/sync_task.go:2498.47,2500.2 1 0
github.com/yi-nology/git-sync-service/biz/model/sync_task/sync_task.go:2502.48,2504.2 1 0
github.com/yi-nology/git-sync-service/biz/model/sync_task/sync_task.go:2506.48,2508.2 1 0
github.com/yi-nology/git-sync-service/biz/model/sync_task/sync_task.go:2510.51,2512.2 1 0
github.com/yi-nology/git-sync-service/biz/model/sync_task/sync_task.go:2514.53,2516.2 1 0
github.com/yi-nology/git-sync-service/biz/model/sync_task/sync_task.go:2533.66,2538.50 3 0
github.com/yi-nology/git-sync-service/biz/model/sync_task/sync_task.go:2538.50,2539.28 1 0
github.com/yi-nology/git-sync-service/biz/model/sync_task/sync_task.go:2542.2,2542.6 1 0
github.com/yi-nology/git-sync-service/biz/model/sync_task/sync_task.go:2542.6,2544.17 2 0
github.com/yi-nology/git-sync-service/biz/model/sync_task/sync_task.go:2544.17,2545.28 1 0
github.com/yi-nology/git-sync-service/biz/model/sync_task/sync_task.go:2547.3,2547.33 1 0
github.com/yi-nology/git-sync-service/biz/model/sync_task/sync_task.go:2547.33,2548.9 1 0
github.com/yi-nology/git-sync-service/biz/model/sync_task/sync_task.go:2551.3,2551.18 1 0
github.com/yi-nology/git-sync-service/biz/model/sync_task/sync_task.go:2552.10,2553.36 1 0
github.com/yi-nology/git-sync-service/biz/model/sync_task/sync_task.go:2553.36,2554.46 1 0
github.com/yi-nology/git-sync-service/biz/model/sync_task/sync_task.go:2554.46,2555.25 1 0
github.com/yi-nology/git-sync-service/biz/model/sync_task/sync_task.go:2557.10,2557.56 1 0
github.com/yi-nology/git-sync-service/biz/model/sync_task/sync_task.go:2557.56,2558.24 1 0
github.com/yi-nology/git-sync-service/biz/model/sync_task/sync_task.go:2560.10,2561.36 1 0
github.com/yi-nology/git-sync-service/biz/model/sync_task/sync_task.go:2561.36,2562.46 1 0
github.com/yi-nology/git-sync-service/biz/model/sync_task/sync_task.go:2562.46,2563.25 1 0
github.com/yi-nology/git-sync-service/biz/model/sync_task/sync_task.go:2565.10,2565.56 1 0
github.com/yi-nology/git-sync-service/biz/model/sync_task/sync_task.go:2565.56,2566.24 1 0
github.com/yi-nology/git-sync-service/biz/model/sync_task/sync_task.go:2568.10,2569.36 1 0
github.com/yi-nology/git-sync-service/biz/model/sync_task/sync_task.go:2569.36,2570.46 1 0
github.com/yi-nology/git-sync-service/biz/model/sync_task/sync_task.go:2570.46,2571.25 1 0
github.com/yi-nology/git-sync-service/biz/model/sync_task/sync_task.go:2573.10,2573.56 1 0
github.com/yi-nology/git-sync-service/biz/model/sync_task/sync_task.go:2573.56,2574.24 1 0
github.com/yi-nology/git-sync-service/biz/model/sync_task/sync_task.go:2576.10,2577.36 1 0
github.com/yi-nology/git-sync-service/biz/model/sync_task/sync_task.go:2577.36,2578.46 1 0
github.com/yi-nology/git-sync-service/biz/model/sync_task/sync_task.go:2578.46,2579.25 1 0
github.com/yi-nology/git-sync-service/biz/model/sync_task/sync_task.go:2581.10,2581.56 1 0
github.com/yi-nology/git-sync-service/biz/model/sync_task/sync_task.go:2581.56,2582.24 1 0
github.com/yi-nology/git-sync-service/biz/model/sync_task/sync_task.go:2584.10,2585.36 1 0
github.com/yi-nology/git-sync-service/biz/model/sync_task/sync_task.go:2585.36,2586.46 1 0
github.com/yi-nology/git-sync-service/biz/model/sync_task/sync_task.go:2586.46,2587.25 1 0
github.com/yi-nology/git-sync-service/biz/model/sync_task/sync_task.go:2589.10,2589.56 1 0
github.com/yi-nology/git-sync-service/biz/model/sync_task/sync_task.go:2589.56,2590.24 1 0
github.com/yi-nology/git-sync-service/biz/model/sync_task/sync_task.go:2592.10,2593.36 1 0
github.com/yi-nology/git-sync-service/biz/model/sync_task/sync_task.go:2593.36,2594.46 1 0
github.com/yi-nology/git-sync-service/biz/model/sync_task/sync_task.go:2594.46,2595.25 1 0
github.com/yi-nology/git-sync-service/biz/model/sync_task/sync_task.go:2597.10,2597.56 1 0
github.com/yi-nology/git-sync-service/biz/model/sync_task/sync_task.go:2597.56,2598.24 1 0
github.com/yi-nology/git-sync-service/biz/model/sync_task/sync_task.go:2600.10,2601.34 1 0
github.com/yi-nology/git-sync-service/biz/model/sync_task/sync_task.go:2601.34,2602.46 1 0
github.com/yi-nology/git-sync-service/biz/model/sync_task/sync_task.go:2602.46,2603.25 1 0
github.com/yi-nology/git-sync-service/biz/model/sync_task/sync_task.go:2605.10,2605.56 1 0
github.com/yi-nology/git-sync-service/biz/model/sync_task/sync_task.go:2605.56,2606.24 1 0
github.com/yi-nology/git-sync-service/biz/model/sync_task/sync_task.go:2608.10,2609.34 1 0
github.com/yi-nology/git-sync-service/biz/model/sync_task/sync_task.go:2609.34,2610.46 1 0
github.com/yi-nology/git-sync-service/biz/model/sync_task/sync_task.go:2610.46,2611.25 1 0
github.com/yi-nology/git-sync-service/biz/model/sync_task/sync_task.go:2613.10,2613.56 1 0
github.com/yi-nology/git-sync-service/biz/model/sync_task/sync_task.go:2613.56,2614.24 1 0
github.com/yi-nology/git-sync-service/biz/model/sync_task/sync_task.go:2616.10,2617.34 1 0
github.com/yi-nology/git-sync-service/biz/model/sync_task/sync_task.go:2617.34,2618.46 1 0
github.com/yi-nology/git-sync-service/biz/model/sync_task/sync_task.go:2618.46,2619.25 1 0
github.com/yi-nology/git-sync-service/biz/model/sync_task/sync_task.go:2621.10,2621.56 1 0
github.com/yi-nology/git-sync-service/biz/model/sync_task/sync_task.go:2621.56,2622.24 1 0
github.com/yi-nology/git-sync-service/biz/model/sync_task/sync_task.go:2624.11,2625.34 1 0
github.com/yi-nology/git-sync-service/biz/model/sync_task/sync_task.go:2625.34,2626.47 1 0
github.com/yi-nology/git-sync-service/biz/model/sync_task/sync_task.go:2626.47,2627.25 1 0
github.com/yi-nology/git-sync-service/biz/model/sync_task/sync_task.go:2629.10,2629.56 1 0
github.com/yi-nology/git-sync-service/biz/model/sync_task/sync_task.go:2629.56,2630.24 1 0
github.com/yi-nology/git-sync-service/biz/model/sync_task/sync_task.go:2632.11,2633.34 1 0
github.com/yi-nology/git-sync-service/biz/model/sync_task/sync_task.go:2633.34,2634.47 1 0
github.com/yi-nology/git-sync-service/biz/model/sync_task/sync_task.go:2634.47,2635.25 1 0
github.com/yi-nology/git-sync-service/biz/model/sync_task/sync_task.go:2637.10,2637.56 1 0
github.com/yi-nology/git-sync-service/biz/model/sync_task/sync_task.go:2637.56,2638.24 1 0
github.com/yi-nology/git-sync-service/biz/model/sync_task/sync_task.go:2640.11,2641.36 1 0
github.com/yi-nology/git-sync-service/biz/model/sync_task/sync_task.go:2641.36,2642.47 1 0
github.com/yi-nology/git-sync-service/biz/model/sync_task/sync_task.go:2642.47,2643.25 1 0
github.com/yi-nology/git-sync-service/biz/model/sync_task/sync_task.go:2645.10,2645.56 1 0
github.com/yi-nology/git-sync-service/biz/model/sync_task/sync_task.go:2645.56,2646.24 1 0
github.com/yi-nology/git-sync-service/biz/model/sync_task/sync_task.go:2648.11,2649.49 1 0
github.com/yi-nology/git-sync-service/biz/model/sync_task/sync_task.go:2649.49,2650.24 1 0
github.com/yi-nology/git-sync-service/biz/model/sync_task/sync_task.go:2653.3,2653.45 1 0
github.com/yi-nology/git-sync-service/biz/model/sync_task/sync_task.go:2653.45,2654.26 1 0
github.com/yi-nology/git-sync-service/biz/model/sync_task/sync_task.go:2657.2,2657.45 1 0
github.com/yi-nology/git-sync-service/biz/model/sync_task/sync_task.go:2657.45,2658.26 1 0
github.com/yi-nology/git-sync-service/biz/model/sync_task/sync_task.go:2661.2,2662.1 2 0
github.com/yi-nology/git-sync-service/biz/model/sync_task/sync_task.go:2663.2,2664.1 2 0
github.com/yi-nology/git-sync-service/biz/model/sync_task/sync_task.go:2665.2,2666.1 2 0
github.com/yi-nology/git-sync-service/biz/model/sync_task/sync_task.go:2667.2,2668.1 2 0
github.com/yi-nology/git-sync-service/biz/model/sync_task/sync_task.go:2669.2,2671.1 2 0
github.com/yi-nology/git-sync-service/biz/model/sync_task/sync_task.go:2672.2,2673.1 2 0
github.com/yi-nology/git-sync-service/biz/model/sync_task/sync_task.go:2674.2,2674.79 1 0
github.com/yi-nology/git-sync-service/biz/model/sync_task/sync_task.go:2677.66,2680.46 2 0
github.com/yi-nology/git-sync-service/biz/model/sync_task/sync_task.go:2680.46,2682.3 1 0
github.com/yi-nology/git-sync-service/biz/model/sync_task/sync_task.go:2682.8,2684.3 1 0
github.com/yi-nology/git-sync-service/biz/model/sync_task/sync_task.go:2685.2,2686.12 2 0
github.com/yi-nology/git-sync-service/biz/model/sync_task/sync_task.go:2688.66,2691.46 2 0
github.com/yi-nology/git-sync-service/biz/model/sync_task/sync_task.go:2691.46,2693.3 1 0
github.com/yi-nology/git-sync-service/biz/model/sync_task/sync_task.go:2693.8,2695.3 1 0
github.com/yi-nology/git-sync-service/biz/model/sync_task/sync_task.go:2696.2,2697.12 2 0
github.com/yi-nology/git-sync-service/biz/model/sync_task/sync_task.go:2699.66,2702.46 2 0
github.com/yi-nology/git-sync-service/biz/model/sync_task/sync_task.go:2702.46,2704.3 1 0
github.com/yi-nology/git-sync-service/biz/model/sync_task/sync_task.go:2704.8,2706.3 1 0
github.com/yi-nology/git-sync-service/biz/model/sync_task/sync_task.go:2707.2,2708.12 2 0
github.com/yi-nology/git-sync-service/biz/model/sync_task/sync_task.go:2710.66,2713.46 2 0
github.com/yi-nology/git-sync-service/biz/model/sync_task/sync_task.go:2713.46,2715.3 1 0
github.com/yi-nology/git-sync-service/biz/model/sync_task/sync_task.go:2715.8,2717.3 1 0
github.com/yi-nology/git-sync-service/biz/model/sync_task/sync_task.go:2718.2,2719.12 2 0
github.com/yi-nology/git-sync-service/biz/model/sync_task/sync_task.go:2721.66,2724.46 2 0
github.com/yi-nology/git-sync-service/biz/model/sync_task/sync_task.go:2724.46,2726.3 1 0
github.com/yi-nology/git-sync-service/biz/model/sync_task/sync_task.go:2726.8,2728.3 1 0
github.com/yi-nology/git-sync-service/biz/model/sync_task/sync_task.go:2729.2,2730.12 2 0
github.com/yi-nology/git-sync-service/biz/model/sync_task/sync_task.go:2732.66,2735.46 2 0
github.com/yi-nology/git-sync-service/biz/model/sync_task/sync_task.go:2735.46,2737.3 1 0
github.com/yi-nology/git-sync-service/biz/model/sync_task/sync_task.go:2737.8,2739.3 1 0
github.com/yi-nology/git-sync-service/biz/model/sync_task/sync_task.go:2740.2,2741.12 2 0
github.com/yi-nology/git-sync-service/biz/model/sync_task/sync_task.go:2743.66,2746.44 2 0
github.com/yi-nology/git-sync-service/biz/model/sync_task/sync_task.go:2746.44,2748.3 1 0
github.com/yi-nology/git-sync-service/biz/model/sync_task/sync_task.go:2748.8,2750.3 1 0
github.com/yi-nology/git-sync-service/biz/model/sync_task/sync_task.go:2751.2,2752.12 2 0
github.com/yi-nology/git-sync-service/biz/model/sync_task/sync_task.go:2754.66,2757.44 2 0
github.com/yi-nology/git-sync-service/biz/model/sync_task/sync_task.go:2757.44,2759.3 1 0
github.com/yi-nology/git-sync-service/biz/model/sync_task/sync_task.go:2759.8,2761.3 1 0
github.com/yi-nology/git-sync-service/biz/model/sync_task/sync_task.go:2762.2,2763.12 2 0
github.com/yi-nology/git-sync-service/biz/model/sync_task/sync_task.go:2765.66,2768.44 2 0
github.com/yi-nology/git-sync-service/biz/model/sync_task/sync_task.go:2768.44,2770.3 1 0
github.com/yi-nology/git-sync-service/biz/model/sync_task/sync_task.go:2770.8,2772.3 1 0
github.com/yi-nology/git-sync-service/biz/model/sync_task/sync_task.go:2773.2,2774.12 2 0
github.com/yi-nology/git-sync-service/biz/model/sync_task/sync_task.go:2776.67,2779.44 2 0
github.com/yi-nology/git-sync-service/biz/model/sync_task/sync_task.go:2779.44,2781.3 1 0
github.com/yi-nology/git-sync-service/biz/model/sync_task/sync_task.go:2781.8,2783.3 1 0
github.com/yi-nology/git-sync-service/biz/model/sync_task/sync_task.go:2784.2,2785.12 2 0
github.com/yi-nology/git-sync-service/biz/model/sync_task/sync_task.go:2787.67,2790.44 2 0
github.com/yi-nology/git-sync-service/biz/model/sync_task/sync_task.go:2790.44,2792.3 1 0
github.com/yi-nology/git-sync-service/biz/model/sync_task/sync_task.go:2792.8,2794.3 1 0
github.com/yi-nology/git-sync-service/biz/model/sync_task/sync_task.go:2795.2,2796.12 2 0
github.com/yi-nology/git-sync-service/biz/model/sync_task/sync_task.go:2798.67,2801.46 2 0
github.com/yi-nology/git-sync-service/biz/model/sync_task/sync_task.go:2801.46,2803.3 1 0
github.com/yi-nology/git-sync-service/biz/model/sync_task/sync_task.go:2803.8,2805.3 1 0
github.com/yi-nology/git-sync-service/biz/model/sync_task/sync_task.go:2806.2,2807.12 2 0
github.com/yi-nology/git-sync-service/biz/model/sync_task/sync_task.go:2810.67,2812.63 2 0
github.com/yi-nology/git-sync-service/biz/model/sync_task/sync_task.go:2812.63,2813.29 1 0
github.com/yi-nology/git-sync-service/biz/model/sync_task/sync_task.go:2815.2,2815.14 1 0
github.com/yi-nology/git-sync-service/biz/model/sync_task/sync_task.go:2815.14,2816.45 1 0
github.com/yi-nology/git-sync-service/biz/model/sync_task/sync_task.go:2816.45,2818.24 2 0
github.com/yi-nology/git-sync-service/biz/model/sync_task/sync_task.go:2820.3,2820.45 1 0
github.com/yi-nology/git-sync-service/biz/model/sync_task/sync_task.go:2820.45,2822.24 2 0
github.com/yi-nology/git-sync-service/biz/model/sync_task/sync_task.go:2824.3,2824.45 1 0
github.com/yi-nology/git-sync-service/biz/model/sync_task/sync_task.go:2824.45,2826.24 2 0
github.com/yi-nology/git-sync-service/biz/model/sync_task/sync_task.go:2828.3,2828.45 1 0
github.com/yi-nology/git-sync-service/biz/model/sync_task/sync_task.go:2828.45,2830.24 2 0
github.com/yi-nology/git-sync-service/biz/model/sync_task/sync_task.go:2832.3,2832.45 1 0
github.com/yi-nology/git-sync-service/biz/model/sync_task/sync_task.go:2832.45,2834.24 2 0
github.com/yi-nology/git-sync-service/biz/model/sync_task/sync_task.go:2836.3,2836.45 1 0
github.com/yi-nology/git-sync-service/biz/model/sync_task/sync_task.go:2836.45,2838.24 2 0
github.com/yi-nology/git-sync-service/biz/model/sync_task/sync_task.go:2840.3,2840.45 1 0
github.com/yi-nology/git-sync-service/biz/model/sync_task/sync_task.go:2840.45,2842.24 2 0
github.com/yi-nology/git-sync-service/biz/model/sync_task/sync_task.go:2844.3,2844.45 1 0
github.com/yi-nology/git-sync-service/biz/model/sync_task/sync_task.go:2844.45,2846.24 2 0
github.com/yi-nology/git-sync-service/biz/model/sync_task/sync_task.go:2848.3,2848.45 1 0
github.com/yi-nology/git-sync-service/biz/model/sync_task/sync_task.go:2848.45,2850.24 2 0
github.com/yi-nology/git-sync-service/biz/model/sync_task/sync_task.go:2852.3,2852.46 1 0
github.com/yi-nology/git-sync-service/biz/model/sync_task/sync_task.go:2852.46,2854.24 2 0
github.com/yi-nology/git-sync-service/biz/model/sync_task/sync_task.go:2856.3,2856.46 1 0
github.com/yi-nology/git-sync-service/biz/model/sync_task/sync_task.go:2856.46,2858.24 2 0
github.com/yi-nology/git-sync-service/biz/model/sync_task/sync_task.go:2860.3,2860.46 1 0
github.com/yi-nology/git-sync-service/biz/model/sync_task/sync_task.go:2860.46,2862.24 2 0
github.com/yi-nology/git-sync-service/biz/model/sync_task/sync_task.go:2865.2,2865.46 1 0
github.com/yi-nology/git-sync-service/biz/model/sync_task/sync_task.go:2865.46,2866.27 1 0
github.com/yi-nology/git-sync-service/biz/model/sync_task/sync_task.go:2868.2,2868.46 1 0
github.com/yi-nology/git-sync-service/biz/model/sync_task/sync_task.go:2868.46,2869.27 1 0
github.com/yi-nology/git-sync-service/biz/model/sync_task/sync_task.go:2871.2,2872.1 2 0
github.com/yi-nology/git-sync-service/biz/model/sync_task/sync_task.go:2873.2,2874.1 2 0
github.com/yi-nology/git-sync-service/biz/model/sync_task/sync_task.go:2875.2,2876.1 2 0
github.com/yi-nology/git-sync-service/biz/model/sync_task/sync_task.go:2877.2,2878.1 2 0
github.com/yi-nology/git-sync-service/biz/model/sync_task/sync_task.go:2879.2,2879.80 1 0
github.com/yi-nology/git-sync-service/biz/model/sync_task/sync_task.go:2882.73,2883.70 1 0
github.com/yi-nology/git-sync-service/biz/model/sync_task/sync_task.go:2883.70,2884.28 1 0
github.com/yi-nology/git-sync-service/biz/model/sync_task/sync_task.go:2886.2,2886.49 1 0
github.com/yi-nology/git-sync-service/biz/model/sync_task/sync_task.go:2886.49,2888.3 1 0
github.com/yi-nology/git-sync-service/biz/model/sync_task/sync_task.go:2889.2,2889.45 1 0
github.com/yi-nology/git-sync-service/biz/model/sync_task/sync_task.go:2889.45,2890.26 1 0
github.com/yi-nology/git-sync-service/biz/model/sync_task/sync_task.go:2892.2,2893.1 2 0
github.com/yi-nology/git-sync-service/biz/model/sync_task/sync_task.go:2894.2,2895.1 2 0
github.com/yi-nology/git-sync-service/biz/model/sync_task/sync_task.go:2896.2,2896.81 1 0
github.com/yi-nology/git-sync-service/biz/model/sync_task/sync_task.go:2899.73,2900.71 1 0
github.com/yi-nology/git-sync-service/biz/model/sync_task/sync_task.go:2900.71,2901.28 1 0
github.com/yi-nology/git-sync-service/biz/model/sync_task/sync_task.go:2903.2,2903.50 1 0
github.com/yi-nology/git-sync-service/biz/model/sync_task/sync_task.go:2903.50,2905.3 1 0
github.com/yi-nology/git-sync-service/biz/model/sync_task/sync_task.go:2906.2,2906.45 1 0
github.com/yi-nology/git-sync-service/biz/model/sync_task/sync_task.go:2906.45,2907.26 1 0
github.com/yi-nology/git-sync-service/biz/model/sync_task/sync_task.go:2909.2,2910.1 2 0
github.com/yi-nology/git-sync-service/biz/model/sync_task/sync_task.go:2911.2,2912.1 2 0
github.com/yi-nology/git-sync-service/biz/model/sync_task/sync_task.go:2913.2,2913.81 1 0
github.com/yi-nology/git-sync-service/biz/model/sync_task/sync_task.go:2916.73,2917.80 1 0
github.com/yi-nology/git-sync-service/biz/model/sync_task/sync_task.go:2917.80,2918.28 1 0
github.com/yi-nology/git-sync-service/biz/model/sync_task/sync_task.go:2920.2,2920.58 1 0
github.com/yi-nology/git-sync-service/biz/model/sync_task/sync_task.go:2920.58,2922.3 1 0
github.com/yi-nology/git-sync-service/biz/model/sync_task/sync_task.go:2923.2,2923.45 1 0
github.com/yi-nology/git-sync-service/biz/model/sync_task/sync_task.go:2923.45,2924.26 1 0
github.com/yi-nology/git-sync-service/biz/model/sync_task/sync_task.go:2926.2,2927.1 2 0
github.com/yi-nology/git-sync-service/biz/model/sync_task/sync_task.go:2928.2,2929.1 2 0
github.com/yi-nology/git-sync-service/biz/model/sync_task/sync_task.go:2930.2,2930.81 1 0
github.com/yi-nology/git-sync-service/biz/model/sync_task/sync_task.go:2933.73,2934.80 1 0
github.com/yi-nology/git-sync-service/biz/model/sync_task/sync_task.go:2934.80,2935.28 1 0
github.com/yi-nology/git-sync-service/biz/model/sync_task/sync_task.go:2937.2,2937.58 1 0
github.com/yi-nology/git-sync-service/biz/model/sync_task/sync_task.go:2937.58,2939.3 1 0
github.com/yi-nology/git-sync-service/biz/model/sync_task/sync_task.go:2940.2,2940.45 1 0
github.com/yi-nology/git-sync-service/biz/model/sync_task/sync_task.go:2940.45,2941.26 1 0
github.com/yi-nology/git-sync-service/biz/model/sync_task/sync_task.go:2943.2,2944.1 2 0
github.com/yi-nology/git-sync-service/biz/model/sync_task/sync_task.go:2945.2,2946.1 2 0
github.com/yi-nology/git-sync-service/biz/model/sync_task/sync_task.go:2947.2,2947.81 1 0
github.com/yi-nology/git-sync-service/biz/model/sync_task/sync_task.go:2950.73,2951.76 1 0
github.com/yi-nology/git-sync-service/biz/model/sync_task/sync_task.go:2951.76,2952.28 1 0
github.com/yi-nology/git-sync-service/biz/model/sync_task/sync_task.go:2954.2,2954.54 1 0
github.com/yi-nology/git-sync-service/biz/model/sync_task/sync_task.go:2954.54,2956.3 1 0
github.com/yi-nology/git-sync-service/biz/model/sync_task/sync_task.go:2957.2,2957.45 1 0
github.com/yi-nology/git-sync-service/biz/model/sync_task/sync_task.go:2957.45,2958.26 1 0
github.com/yi-nology/git-sync-service/biz/model/sync_task/sync_task.go:2960.2,2961.1 2 0
github.com/yi-nology/git-sync-service/biz/model/sync_task/sync_task.go:2962.2,2963.1 2 0
github.com/yi-nology/git-sync-service/biz/model/sync_task/sync_task.go:2964.2,2964.81 1 0
github.com/yi-nology/git-sync-service/biz/model/sync_task/sync_task.go:2967.73,2968.71 1 0
github.com/yi-nology/git-sync-service/biz/model/sync_task/sync_task.go:2968.71,2969.28 1 0
github.com/yi-nology/git-sync-service/biz/model/sync_task/sync_task.go:2971.2,2971.50 1 0
github.com/yi-nology/git-sync-service/biz/model/sync_task/sync_task.go:2971.50,2973.3 1 0
github.com/yi-nology/git-sync-service/biz/model/sync_task/sync_task.go:2974.2,2974.45 1 0
github.com/yi-nology/git-sync-service/biz/model/sync_task/sync_task.go:2974.45,2975.26 1 0
github.com/yi-nology/git-sync-service/biz/model/sync_task/sync_task.go:2977.2,2978.1 2 0
github.com/yi-nology/git-sync-service/biz/model/sync_task/sync_task.go:2979.2,2980.1 2 0
github.com/yi-nology/git-sync-service/biz/model/sync_task/sync_task.go:2981.2,2981.81 1 0
github.com/yi-nology/git-sync-service/biz/model/sync_task/sync_task.go:2984.73,2985.72 1 0
github.com/yi-nology/git-sync-service/biz/model/sync_task/sync_task.go:2985.72,2986.28 1 0
github.com/yi-nology/git-sync-service/biz/model/sync_task/sync_task.go:2988.2,2988.51 1 0
github.com/yi-nology/git-sync-service/biz/model/sync_task/sync_task.go:2988.51,2990.3 1 0
github.com/yi-nology/git-sync-service/biz/model/sync_task/sync_task.go:2991.2,2991.45 1 0
github.com/yi-nology/git-sync-service/biz/model/sync_task/sync_task.go:2991.45,2992.26 1 0
github.com/yi-nology/git-sync-service/biz/model/sync_task/sync_task.go:2994.2,2995.1 2 0
github.com/yi-nology/git-sync-service/biz/model/sync_task/sync_task.go:2996.2,2997.1 2 0
github.com/yi-nology/git-sync-service/biz/model/sync_task/sync_task.go:2998.2,2998.81 1 0
github.com/yi-nology/git-sync-service/biz/model/sync_task/sync_task.go:3001.73,3002.73 1 0
github.com/yi-nology/git-sync-service/biz/model/sync_task/sync_task.go:3002.73,3003.28 1 0
github.com/yi-nology/git-sync-service/biz/model/sync_task/sync_task.go:3005.2,3005.51 1 0
github.com/yi-nology/git-sync-service/biz/model/sync_task/sync_task.go:3005.51,3007.3 1 0
github.com/yi-nology/git-sync-service/biz/model/sync_task/sync_task.go:3008.2,3008.45 1 0
github.com/yi-nology/git-sync-service/biz/model/sync_task/sync_task.go:3008.45,3009.26 1 0
github.com/yi-nology/git-sync-service/biz/model/sync_task/sync_task.go:3011.2,3012.1 2 0
github.com/yi-nology/git-sync-service/biz/model/sync_task/sync_task.go:3013.2,3014.1 2 0
github.com/yi-nology/git-sync-service/biz/model/sync_task/sync_task.go:3015.2,3015.81 1 0
github.com/yi-nology/git-sync-service/biz/model/sync_task/sync_task.go:3018.73,3019.74 1 0
github.com/yi-nology/git-sync-service/biz/model/sync_task/sync_task.go:3019.74,3020.28 1 0
github.com/yi-nology/git-sync-service/biz/model/sync_task/sync_task.go:3022.2,3022.52 1 0
github.com/yi-nology/git-sync-service/biz/model/sync_task/sync_task.go:3022.52,3024.3 1 0
github.com/yi-nology/git-sync-service/biz/model/sync_task/sync_task.go:3025.2,3025.45 1 0
github.com/yi-nology/git-sync-service/biz/model/sync_task/sync_task.go:3025.45,3026.26 1 0
github.com/yi-nology/git-sync-service/biz/model/sync_task/sync_task.go:3028.2,3029.1 2 0
github.com/yi-nology/git-sync-service/biz/model/sync_task/sync_task.go:3030.2,3031.1 2 0
github.com/yi-nology/git-sync-service/biz/model/sync_task/sync_task.go:3032.2,3032.81 1 0
github.com/yi-nology/git-sync-service/biz/model/sync_task/sync_task.go:3035.74,3036.75 1 0
github.com/yi-nology/git-sync-service/biz/model/sync_task/sync_task.go:3036.75,3037.28 1 0
github.com/yi-nology/git-sync-service/biz/model/sync_task/sync_task.go:3039.2,3039.52 1 0
github.com/yi-nology/git-sync-service/biz/model/sync_task/sync_task.go:3039.52,3041.3 1 0
github.com/yi-nology/git-sync-service/biz/model/sync_task/sync_task.go:3042.2,3042.45 1 0
github.com/yi-nology/git-sync-service/biz/model/sync_task/sync_task.go:3042.45,3043.26 1 0
github.com/yi-nology/git-sync-service/biz/model/sync_task/sync_task.go:3045.2,3046.1 2 0
github.com/yi-nology/git-sync-service/biz/model/sync_task/sync_task.go:3047.2,3048.1 2 0
github.com/yi-nology/git-sync-service/biz/model/sync_task/sync_task.go:3049.2,3049.82 1 0
github.com/yi-nology/git-sync-service/biz/model/sync_task/sync_task.go:3052.74,3053.79 1 0
github.com/yi-nology/git-sync-service/biz/model/sync_task/sync_task.go:3053.79,3054.28 1 0
github.com/yi-nology/git-sync-service/biz/model/sync_task/sync_task.go:3056.2,3056.55 1 0
github.com/yi-nology/git-sync-service/biz/model/sync_task/sync_task.go:3056.55,3058.3 1 0
github.com/yi-nology/git-sync-service/biz/model/sync_task/sync_task.go:3059.2,3059.45 1 0
github.com/yi-nology/git-sync-service/biz/model/sync_task/sync_task.go:3059.45,3060.26 1 0
github.com/yi-nology/git-sync-service/biz/model/sync_task/sync_task.go:3062.2,3063.1 2 0
github.com/yi-nology/git-sync-service/biz/model/sync_task/sync_task.go:3064.2,3065.1 2 0
github.com/yi-nology/git-sync-service/biz/model/sync_task/sync_task.go:3066.2,3066.82 1 0
github.com/yi-nology/git-sync-service/biz/model/sync_task/sync_task.go:3069.74,3070.80 1 0
github.com/yi-nology/git-sync-service/biz/model/sync_task/sync_task.go:3070.80,3071.28 1 0
github.com/yi-nology/git-sync-service/biz/model/sync_task/sync_task.go:3073.2,3073.57 1 0
github.com/yi-nology/git-sync-service/biz/model/sync_task/sync_task.go:3073.57,3075.3 1 0
github.com/yi-nology/git-sync-service/biz/model/sync_task/sync_task.go:3076.2,3076.45 1 0
github.com/yi-nology/git-sync-service/biz/model/sync_task/sync_task.go:3076.45,3077.26 1 0
github.com/yi-nology/git-sync-service/biz/model/sync_task/sync_task.go:3079.2,3080.1 2 0
github.com/yi-nology/git-sync-service/biz/model/sync_task/sync_task.go:3081.2,3082.1 2 0
github.com/yi-nology/git-sync-service/biz/model/sync_task/sync_task.go:3083.2,3083.82 1 0
github.com/yi-nology/git-sync-service/biz/model/sync_task/sync_task.go:3086.41,3087.14 1 0
github.com/yi-nology/git-sync-service/biz/model/sync_task/sync_task.go:3087.14,3089.3 1 0
github.com/yi-nology/git-sync-service/biz/model/sync_task/sync_task.go:3090.2,3090.46 1 0
github.com/yi-nology/git-sync-service/biz/model/sync_task/sync_task.go:3098.42,3100.2 1 0
github.com/yi-nology/git-sync-service/biz/model/sync_task/sync_task.go:3102.41,3103.2 0 0
github.com/yi-nology/git-sync-service/biz/model/sync_task/sync_task.go:3107.54,3108.20 1 0
github.com/yi-nology/git-sync-service/biz/model/sync_task/sync_task.go:3108.20,3110.3 1 0
github.com/yi-nology/git-sync-service/biz/model/sync_task/sync_task.go:3111.2,3111.15 1 0
github.com/yi-nology/git-sync-service/biz/model/sync_task/sync_task.go:3118.43,3120.2 1 0
github.com/yi-nology/git-sync-service/biz/model/sync_task/sync_task.go:3122.67,3127.50 3 0
github.com/yi-nology/git-sync-service/biz/model/sync_task/sync_task.go:3127.50,3128.28 1 0
github.com/yi-nology/git-sync-service/biz/model/sync_task/sync_task.go:3131.2,3131.6 1 0
github.com/yi-nology/git-sync-service/biz/model/sync_task/sync_task.go:3131.6,3133.17 2 0
github.com/yi-nology/git-sync-service/biz/model/sync_task/sync_task.go:3133.17,3134.28 1 0
github.com/yi-nology/git-sync-service/biz/model/sync_task/sync_task.go:3136.3,3136.33 1 0
github.com/yi-nology/git-sync-service/biz/model/sync_task/sync_task.go:3136.33,3137.9 1 0
github.com/yi-nology/git-sync-service/biz/model/sync_task/sync_task.go:3140.3,3140.18 1 0
github.com/yi-nology/git-sync-service/biz/model/sync_task/sync_task.go:3141.10,3142.36 1 0
github.com/yi-nology/git-sync-service/biz/model/sync_task/sync_task.go:3142.36,3143.46 1 0
github.com/yi-nology/git-sync-service/biz/model/sync_task/sync_task.go:3143.46,3144.25 1 0
github.com/yi-nology/git-sync-service/biz/model/sync_task/sync_task.go:3146.10,3146.56 1 0
github.com/yi-nology/git-sync-service/biz/model/sync_task/sync_task.go:3146.56,3147.24 1 0
github.com/yi-nology/git-sync-service/biz/model/sync_task/sync_task.go:3149.11,3150.49 1 0
github.com/yi-nology/git-sync-service/biz/model/sync_task/sync_task.go:3150.49,3151.24 1 0
github.com/yi-nology/git-sync-service/biz/model/sync_task/sync_task.go:3154.3,3154.45 1 0
github.com/yi-nology/git-sync-service/biz/model/sync_task/sync_task.go:3154.45,3155.26 1 0
github.com/yi-nology/git-sync-service/biz/model/sync_task/sync_task.go:3158.2,3158.45 1 0
github.com/yi-nology/git-sync-service/biz/model/sync_task/sync_task.go:3158.45,3159.26 1 0
github.com/yi-nology/git-sync-service/biz/model/sync_task/sync_task.go:3162.2,3163.1 2 0
github.com/yi-nology/git-sync-service/biz/model/sync_task/sync_task.go:3164.2,3165.1 2 0
github.com/yi-nology/git-sync-service/biz/model/sync_task/sync_task.go:3166.2,3167.1 2 0
github.com/yi-nology/git-sync-service/biz/model/sync_task/sync_task.go:3168.2,3169.1 2 0
github.com/yi-nology/git-sync-service/biz/model/sync_task/sync_task.go:3170.2,3172.1 2 0
github.com/yi-nology/git-sync-service/biz/model/sync_task/sync_task.go:3173.2,3174.1 2 0
github.com/yi-nology/git-sync-service/biz/model/sync_task/sync_task.go:3175.2,3175.79 1 0
github.com/yi-nology/git-sync-service/biz/model/sync_task/sync_task.go:3178.67,3180.43 2 0
github.com/yi-nology/git-sync-service/biz/model/sync_task/sync_task.go:3180.43,3182.3 1 0
github.com/yi-nology/git-sync-service/biz/model/sync_task/sync_task.go:3183.2,3184.12 2 0
github.com/yi-nology/git-sync-service/biz/model/sync_task/sync_task.go:3187.68,3189.64 2 0
github.com/yi-nology/git-sync-service/biz/model/sync_task/sync_task.go:3189.64,3190.29 1 0
github.com/yi-nology/git-sync-service/biz/model/sync_task/sync_task.go:3192.2,3192.14 1 0
github.com/yi-nology/git-sync-service/biz/model/sync_task/sync_task.go:3192.14,3193.45 1 0
github.com/yi-nology/git-sync-service/biz/model/sync_task/sync_task.go:3193.45,3195.24 2 0
github.com/yi-nology/git-sync-service/biz/model/sync_task/sync_task.go:3198.2,3198.46 1 0
github.com/yi-nology/git-sync-service/biz/model/sync_task/sync_task.go:3198.46,3199.27 1 0
github.com/yi-nology/git-sync-service/biz/model/sync_task/sync_task.go:3201.2,3201.46 1 0
github.com/yi-nology/git-sync-service/biz/model/sync_task/sync_task.go:3201.46,3202.27 1 0
github.com/yi-nology/git-sync-service/biz/model/sync_task/sync_task.go:3204.2,3205.1 2 0
github.com/yi-nology/git-sync-service/biz/model/sync_task/sync_task.go:3206.2,3207.1 2 0
github.com/yi-nology/git-sync-service/biz/model/sync_task/sync_task.go:3208.2,3209.1 2 0
github.com/yi-nology/git-sync-service/biz/model/sync_task/sync_task.go:3210.2,3211.1 2 0
github.com/yi-nology/git-sync-service/biz/model/sync_task/sync_task.go:3212.2,3212.80 1 0
github.com/yi-nology/git-sync-service/biz/model/sync_task/sync_task.go:3215.74,3216.71 1 0
github.com/yi-nology/git-sync-service/biz/model/sync_task/sync_task.go:3216.71,3217.28 1 0
github.com/yi-nology/git-sync-service/biz/model/sync_task/sync_task.go:3219.2,3219.44 1 0
github.com/yi-nology/git-sync-service/biz/model/sync_task/sync_task.go:3219.44,3221.3 1 0
github.com/yi-nology/git-sync-service/biz/model/sync_task/sync_task.go:3222.2,3222.45 1 0
github.com/yi-nology/git-sync-service/biz/model/sync_task/sync_task.go:3222.45,3223.26 1 0
github.com/yi-nology/git-sync-service/biz/model/sync_task/sync_task.go:3225.2,3226.1 2 0
github.com/yi-nology/git-sync-service/biz/model/sync_task/sync_task.go:3227.2,3228.1 2 0
github.com/yi-nology/git-sync-service/biz/model/sync_task/sync_task.go:3229.2,3229.81 1 0
github.com/yi-nology/git-sync-service/biz/model/sync_task/sync_task.go:3232.42,3233.14 1 0
github.com/yi-nology/git-sync-service/biz/model/sync_task/sync_task.go:3233.14,3235.3 1 0
github.com/yi-nology/git-sync-service/biz/model/sync_task/sync_task.go:3236.2,3236.47 1 0
github.com/yi-nology/git-sync-service/biz/model/sync_task/sync_task.go:3244.40,3246.2 1 0
github.com/yi-nology/git-sync-service/biz/model/sync_task/sync_task.go:3248.40,3249.2 0 0
github.com/yi-nology/git-sync-service/biz/model/sync_task/sync_task.go:3251.45,3253.2 1 0
github.com/yi-nology/git-sync-service/biz/model/sync_task/sync_task.go:3259.66,3264.50 3 0
github.com/yi-nology/git-sync-service/biz/model/sync_task/sync_task.go:3264.50,3265.28 1 0
github.com/yi-nology/git-sync-service/biz/model/sync_task/sync_task.go:3268.2,3268.6 1 0
github.com/yi-nology/git-sync-service/biz/model/sync_task/sync_task.go:3268.6,3270.17 2 0
github.com/yi-nology/git-sync-service/biz/model/sync_task/sync_task.go:3270.17,3271.28 1 0
github.com/yi-nology/git-sync-service/biz/model/sync_task/sync_task.go:3273.3,3273.33 1 0
github.com/yi-nology/git-sync-service/biz/model/sync_task/sync_task.go:3273.33,3274.9 1 0
github.com/yi-nology/git-sync-service/biz/model/sync_task/sync_task.go:3277.3,3277.18 1 0
github.com/yi-nology/git-sync-service/biz/model/sync_task/sync_task.go:3278.10,3279.36 1 0
github.com/yi-nology/git-sync-service/biz/model/sync_task/sync_task.go:3279.36,3280.46 1 0
github.com/yi-nology/git-sync-service/biz/model/sync_task/sync_task.go:3280.46,3281.25 1 0
github.com/yi-nology/git-sync-service/biz/model/sync_task/sync_task.go:3283.10,3283.56 1 0
github.com/yi-nology/git-sync-service/biz/model/sync_task/sync_task.go:3283.56,3284.24 1 0
github.com/yi-nology/git-sync-service/biz/model/sync_task/sync_task.go:3286.11,3287.49 1 0
github.com/yi-nology/git-sync-service/biz/model/sync_task/sync_task.go:3287.49,3288.24 1 0
github.com/yi-nology/git-sync-service/biz/model/sync_task/sync_task.go:3291.3,3291.45 1 0
github.com/yi-nology/git-sync-service/biz/model/sync_task/sync_task.go:3291.45,3292.26 1 0
github.com/yi-nology/git-sync-service/biz/model/sync_task/sync_task.go:3295.2,3295.45 1 0
github.com/yi-nology/git-sync-service/biz/model/sync_task/sync_task.go:3295.45,3296.26 1 0
github.com/yi-nology/git-sync-service/biz/model/sync_task/sync_task.go:3299.2,3300.1 2 0
github.com/yi-nology/git-sync-service/biz/model/sync_task/sync_task.go:3301.2,3302.1 2 0
github.com/yi-nology/git-sync-service/biz/model/sync_task/sync_task.go:3303.2,3304.1 2 0
github.com/yi-nology/git-sync-service/biz/model/sync_task/sync_task.go:3305.2,3306.1 2 0
github.com/yi-nology/git-sync-service/biz/model/sync_task/sync_task.go:3307.2,3309.1 2 0
github.com/yi-nology/git-sync-service/biz/model/sync_task/sync_task.go:3310.2,3311.1 2 0
github.com/yi-nology/git-sync-service/biz/model/sync_task/sync_task.go:3312.2,3312.79 1 0
github.com/yi-nology/git-sync-service/biz/model/sync_task/sync_task.go:3315.66,3318.46 2 0
github.com/yi-nology/git-sync-service/biz/model/sync_task/sync_task.go:3318.46,3320.3 1 0
github.com/yi-nology/git-sync-service/biz/model/sync_task/sync_task.go:3320.8,3322.3 1 0
github.com/yi-nology/git-sync-service/biz/model/sync_task/sync_task.go:3323.2,3324.12 2 0
github.com/yi-nology/git-sync-service/biz/model/sync_task/sync_task.go:3327.67,3329.63 2 0
github.com/yi-nology/git-sync-service/biz/model/sync_task/sync_task.go:3329.63,3330.29 1 0
github.com/yi-nology/git-sync-service/biz/model/sync_task/sync_task.go:3332.2,3332.14 1 0
github.com/yi-nology/git-sync-service/biz/model/sync_task/sync_task.go:3332.14,3333.45 1 0
github.com/yi-nology/git-sync-service/biz/model/sync_task/sync_task.go:3333.45,3335.24 2 0
github.com/yi-nology/git-sync-service/biz/model/sync_task/sync_task.go:3338.2,3338.46 1 0
github.com/yi-nology/git-sync-service/biz/model/sync_task/sync_task.go:3338.46,3339.27 1 0
github.com/yi-nology/git-sync-service/biz/model/sync_task/sync_task.go:3341.2,3341.46 1 0
github.com/yi-nology/git-sync-service/biz/model/sync_task/sync_task.go:3341.46,3342.27 1 0
github.com/yi-nology/git-sync-service/biz/model/sync_task/sync_task.go:3344.2,3345.1 2 0
github.com/yi-nology/git-sync-service/biz/model/sync_task/sync_task.go:3346.2,3347.1 2 0
github.com/yi-nology/git-sync-service/biz/model/sync_task/sync_task.go:3348.2,3349.1 2 0
github.com/yi-nology/git-sync-service/biz/model/sync_task/sync_task.go:3350.2,3351.1 2 0
github.com/yi-nology/git-sync-service/biz/model/sync_task/sync_task.go:3352.2,3352.80 1 0
github.com/yi-nology/git-sync-service/biz/model/sync_task/sync_task.go:3355.73,3356.70 1 0
github.com/yi-nology/git-sync-service/biz/model/sync_task/sync_task.go:3356.70,3357.28 1 0
github.com/yi-nology/git-sync-service/biz/model/sync_task/sync_task.go:3359.2,3359.49 1 0
github.com/yi-nology/git-sync-service/biz/model/sync_task/sync_task.go:3359.49,3361.3 1 0
github.com/yi-nology/git-sync-service/biz/model/sync_task/sync_task.go:3362.2,3362.45 1 0
github.com/yi-nology/git-sync-service/biz/model/sync_task/sync_task.go:3362.45,3363.26 1 0
github.com/yi-nology/git-sync-service/biz/model/sync_task/sync_task.go:3365.2,3366.1 2 0
github.com/yi-nology/git-sync-service/biz/model/sync_task/sync_task.go:3367.2,3368.1 2 0
github.com/yi-nology/git-sync-service/biz/model/sync_task/sync_task.go:3369.2,3369.81 1 0
github.com/yi-nology/git-sync-service/biz/model/sync_task/sync_task.go:3372.41,3373.14 1 0
github.com/yi-nology/git-sync-service/biz/model/sync_task/sync_task.go:3373.14,3375.3 1 0
github.com/yi-nology/git-sync-service/biz/model/sync_task/sync_task.go:3376.2,3376.46 1 0
github.com/yi-nology/git-sync-service/biz/model/sync_task/sync_task.go:3384.42,3386.2 1 0
github.com/yi-nology/git-sync-service/biz/model/sync_task/sync_task.go:3388.41,3389.2 0 0
github.com/yi-nology/git-sync-service/biz/model/sync_task/sync_task.go:3391.48,3393.2 1 0
github.com/yi-nology/git-sync-service/biz/model/sync_task/sync_task.go:3399.67,3404.50 3 0
github.com/yi-nology/git-sync-service/biz/model/sync_task/sync_task.go:3404.50,3405.28 1 0
github.com/yi-nology/git-sync-service/biz/model/sync_task/sync_task.go:3408.2,3408.6 1 0
github.com/yi-nology/git-sync-service/biz/model/sync_task/sync_task.go:3408.6,3410.17 2 0
github.com/yi-nology/git-sync-service/biz/model/sync_task/sync_task.go:3410.17,3411.28 1 0
github.com/yi-nology/git-sync-service/biz/model/sync_task/sync_task.go:3413.3,3413.33 1 0
github.com/yi-nology/git-sync-service/biz/model/sync_task/sync_task.go:3413.33,3414.9 1 0
github.com/yi-nology/git-sync-service/biz/model/sync_task/sync_task.go:3417.3,3417.18 1 0
github.com/yi-nology/git-sync-service/biz/model/sync_task/sync_task.go:3418.10,3419.34 1 0
github.com/yi-nology/git-sync-service/biz/model/sync_task/sync_task.go:3419.34,3420.46 1 0
github.com/yi-nology/git-sync-service/biz/model/sync_task/sync_task.go:3420.46,3421.25 1 0
github.com/yi-nology/git-sync-service/biz/model/sync_task/sync_task.go:3423.10,3423.56 1 0
github.com/yi-nology/git-sync-service/biz/model/sync_task/sync_task.go:3423.56,3424.24 1 0
github.com/yi-nology/git-sync-service/biz/model/sync_task/sync_task.go:3426.11,3427.49 1 0
github.com/yi-nology/git-sync-service/biz/model/sync_task/sync_task.go:3427.49,3428.24 1 0
github.com/yi-nology/git-sync-service/biz/model/sync_task/sync_task.go:3431.3,3431.45 1 0
github.com/yi-nology/git-sync-service/biz/model/sync_task/sync_task.go:3431.45,3432.26 1 0
github.com/yi-nology/git-sync-service/biz/model/sync_task/sync_task.go:3435.2,3435.45 1 0
github.com/yi-nology/git-sync-service/biz/model/sync_task/sync_task.go:3435.45,3436.26 1 0
github.com/yi-nology/git-sync-service/biz/model/sync_task/sync_task.go:3439.2,3440.1 2 0
github.com/yi-nology/git-sync-service/biz/model/sync_task/sync_task.go:3441.2,3442.1 2 0
github.com/yi-nology/git-sync-service/biz/model/sync_task/sync_task.go:3443.2,3444.1 2 0
github.com/yi-nology/git-sync-service/biz/model/sync_task/sync_task.go:3445.2,3446.1 2 0
github.com/yi-nology/git-sync-service/biz/model/sync_task/sync_task.go:3447.2,3449.1 2 0
github.com/yi-nology/git-sync-service/biz/model/sync_task/sync_task.go:3450.2,3451.1 2 0
github.com/yi-nology/git-sync-service/biz/model/sync_task/sync_task.go:3452.2,3452.79 1 0
github.com/yi-nology/git-sync-service/biz/model/sync_task/sync_task.go:3455.67,3458.44 2 0
github.com/yi-nology/git-sync-service/biz/model/sync_task/sync_task.go:3458.44,3460.3 1 0
github.com/yi-nology/git-sync-service/biz/model/sync_task/sync_task.go:3460.8,3462.3 1 0
github.com/yi-nology/git-sync-service/biz/model/sync_task/sync_task.go:3463.2,3464.12 2 0
github.com/yi-nology/git-sync-service/biz/model/sync_task/sync_task.go:3467.68,3469.64 2 0
github.com/yi-nology/git-sync-service/biz/model/sync_task/sync_task.go:3469.64,3470.29 1 0
github.com/yi-nology/git-sync-service/biz/model/sync_task/sync_task.go:3472.2,3472.14 1 0
github.com/yi-nology/git-sync-service/biz/model/sync_task/sync_task.go:3472.14,3473.45 1 0
github.com/yi-nology/git-sync-service/biz/model/sync_task/sync_task.go:3473.45,3475.24 2 0
github.com/yi-nology/git-sync-service/biz/model/sync_task/sync_task.go:3478.2,3478.46 1 0
github.com/yi-nology/git-sync-service/biz/model/sync_task/sync_task.go:3478.46,3479.27 1 0
github.com/yi-nology/git-sync-service/biz/model/sync_task/sync_task.go:3481.2,3481.46 1 0
github.com/yi-nology/git-sync-service/biz/model/sync_task/sync_task.go:3481.46,3482.27 1 0
github.com/yi-nology/git-sync-service/biz/model/sync_task/sync_task.go:3484.2,3485.1 2 0
github.com/yi-nology/git-sync-service/biz/model/sync_task/sync_task.go:3486.2,3487.1 2 0
github.com/yi-nology/git-sync-service/biz/model/sync_task/sync_task.go:3488.2,3489.1 2 0
github.com/yi-nology/git-sync-service/biz/model/sync_task/sync_task.go:3490.2,3491.1 2 0
github.com/yi-nology/git-sync-service/biz/model/sync_task/sync_task.go:3492.2,3492.80 1 0
github.com/yi-nology/git-sync-service/biz/model/sync_task/sync_task.go:3495.74,3496.72 1 0
github.com/yi-nology/git-sync-service/biz/model/sync_task/sync_task.go:3496.72,3497.28 1 0
github.com/yi-nology/git-sync-service/biz/model/sync_task/sync_task.go:3499.2,3499.51 1 0
github.com/yi-nology/git-sync-service/biz/model/sync_task/sync_task.go:3499.51,3501.3 1 0
github.com/yi-nology/git-sync-service/biz/model/sync_task/sync_task.go:3502.2,3502.45 1 0
github.com/yi-nology/git-sync-service/biz/model/sync_task/sync_task.go:3502.45,3503.26 1 0
github.com/yi-nology/git-sync-service/biz/model/sync_task/sync_task.go:3505.2,3506.1 2 0
github.com/yi-nology/git-sync-service/biz/model/sync_task/sync_task.go:3507.2,3508.1 2 0
github.com/yi-nology/git-sync-service/biz/model/sync_task/sync_task.go:3509.2,3509.81 1 0
github.com/yi-nology/git-sync-service/biz/model/sync_task/sync_task.go:3512.42,3513.14 1 0
github.com/yi-nology/git-sync-service/biz/model/sync_task/sync_task.go:3513.14,3515.3 1 0
github.com/yi-nology/git-sync-service/biz/model/sync_task/sync_task.go:3516.2,3516.47 1 0
github.com/yi-nology/git-sync-service/biz/model/sync_task/sync_task.go:3524.34,3526.2 1 0
github.com/yi-nology/git-sync-service/biz/model/sync_task/sync_task.go:3528.37,3529.2 0 0
github.com/yi-nology/git-sync-service/biz/model/sync_task/sync_task.go:3531.42,3533.2 1 0
github.com/yi-nology/git-sync-service/biz/model/sync_task/sync_task.go:3539.63,3544.50 3 0
github.com/yi-nology/git-sync-service/biz/model/sync_task/sync_task.go:3544.50,3545.28 1 0
github.com/yi-nology/git-sync-service/biz/model/sync_task/sync_task.go:3548.2,3548.6 1 0
github.com/yi-nology/git-sync-service/biz/model/sync_task/sync_task.go:3548.6,3550.17 2 0
github.com/yi-nology/git-sync-service/biz/model/sync_task/sync_task.go:3550.17,3551.28 1 0
github.com/yi-nology/git-sync-service/biz/model/sync_task/sync_task.go:3553.3,3553.33 1 0
github.com/yi-nology/git-sync-service/biz/model/sync_task/sync_task.go:3553.33,3554.9 1 0
github.com/yi-nology/git-sync-service/biz/model/sync_task/sync_task.go:3557.3,3557.18 1 0
github.com/yi-nology/git-sync-service/biz/model/sync_task/sync_task.go:3558.10,3559.36 1 0
github.com/yi-nology/git-sync-service/biz/model/sync_task/sync_task.go:3559.36,3560.46 1 0
github.com/yi-nology/git-sync-service/biz/model/sync_task/sync_task.go:3560.46,3561.25 1 0
github.com/yi-nology/git-sync-service/biz/model/sync_task/sync_task.go:3563.10,3563.56 1 0
github.com/yi-nology/git-sync-service/biz/model/sync_task/sync_task.go:3563.56,3564.24 1 0
github.com/yi-nology/git-sync-service/biz/model/sync_task/sync_task.go:3566.11,3567.49 1 0
github.com/yi-nology/git-sync-service/biz/model/sync_task/sync_task.go:3567.49,3568.24 1 0
github.com/yi-nology/git-sync-service/biz/model/sync_task/sync_task.go:3571.3,3571.45 1 0
github.com/yi-nology/git-sync-service/biz/model/sync_task/sync_task.go:3571.45,3572.26 1 0
github.com/yi-nology/git-sync-service/biz/model/sync_task/sync_task.go:3575.2,3575.45 1 0
github.com/yi-nology/git-sync-service/biz/model/sync_task/sync_task.go:3575.45,3576.26 1 0
github.com/yi-nology/git-sync-service/biz/model/sync_task/sync_task.go:3579.2,3580.1 2 0
github.com/yi-nology/git-sync-service/biz/model/sync_task/sync_task.go:3581.2,3582.1 2 0
github.com/yi-nology/git-sync-service/biz/model/sync_task/sync_task.go:3583.2,3584.1 2 0
github.com/yi-nology/git-sync-service/biz/model/sync_task/sync_task.go:3585.2,3586.1 2 0
github.com/yi-nology/git-sync-service/biz/model/sync_task/sync_task.go:3587.2,3589.1 2 0
github.com/yi-nology/git-sync-service/biz/model/sync_task/sync_task.go:3590.2,3591.1 2 0
github.com/yi-nology/git-sync-service/biz/model/sync_task/sync_task.go:3592.2,3592.79 1 0
github.com/yi-nology/git-sync-service/biz/model/sync_task/sync_task.go:3595.63,3598.46 2 0
github.com/yi-nology/git-sync-service/biz/model/sync_task/sync_task.go:3598.46,3600.3 1 0
github.com/yi-nology/git-sync-service/biz/model/sync_task/sync_task.go:3600.8,3602.3 1 0
github.com/yi-nology/git-sync-service/biz/model/sync_task/sync_task.go:3603.2,3604.12 2 0
github.com/yi-nology/git-sync-service/biz/model/sync_task/sync_task.go:3607.64,3609.60 2 0
github.com/yi-nology/git-sync-service/biz/model/sync_task/sync_task.go:3609.60,3610.29 1 0
github.com/yi-nology/git-sync-service/biz/model/sync_task/sync_task.go:3612.2,3612.14 1 0
github.com/yi-nology/git-sync-service/biz/model/sync_task/sync_task.go:3612.14,3613.45 1 0
github.com/yi-nology/git-sync-service/biz/model/sync_task/sync_task.go:3613.45,3615.24 2 0
github.com/yi-nology/git-sync-service/biz/model/sync_task/sync_task.go:3618.2,3618.46 1 0
github.com/yi-nology/git-sync-service/biz/model/sync_task/sync_task.go:3618.46,3619.27 1 0
github.com/yi-nology/git-sync-service/biz/model/sync_task/sync_task.go:3621.2,3621.46 1 0
github.com/yi-nology/git-sync-service/biz/model/sync_task/sync_task.go:3621.46,3622.27 1 0
github.com/yi-nology/git-sync-service/biz/model/sync_task/sync_task.go:3624.2,3625.1 2 0
github.com/yi-nology/git-sync-service/biz/model/sync_task/sync_task.go:3626.2,3627.1 2 0
github.com/yi-nology/git-sync-service/biz/model/sync_task/sync_task.go:3628.2,3629.1 2 0
github.com/yi-nology/git-sync-service/biz/model/sync_task/sync_task.go:3630.2,3631.1 2 0
github.com/yi-nology/git-sync-service/biz/model/sync_task/sync_task.go:3632.2,3632.80 1 0
github.com/yi-nology/git-sync-service/biz/model/sync_task/sync_task.go:3635.70,3636.70 1 0
github.com/yi-nology/git-sync-service/biz/model/sync_task/sync_task.go:3636.70,3637.28 1 0
github.com/yi-nology/git-sync-service/biz/model/sync_task/sync_task.go:3639.2,3639.49 1 0
github.com/yi-nology/git-sync-service/biz/model/sync_task/sync_task.go:3639.49,3641.3 1 0
github.com/yi-nology/git-sync-service/biz/model/sync_task/sync_task.go:3642.2,3642.45 1 0
github.com/yi-nology/git-sync-service/biz/model/sync_task/sync_task.go:3642.45,3643.26 1 0
github.com/yi-nology/git-sync-service/biz/model/sync_task/sync_task.go:3645.2,3646.1 2 0
github.com/yi-nology/git-sync-service/biz/model/sync_task/sync_task.go:3647.2,3648.1 2 0
github.com/yi-nology/git-sync-service/biz/model/sync_task/sync_task.go:3649.2,3649.81 1 0
github.com/yi-nology/git-sync-service/biz/model/sync_task/sync_task.go:3652.38,3653.14 1 0
github.com/yi-nology/git-sync-service/biz/model/sync_task/sync_task.go:3653.14,3655.3 1 0
github.com/yi-nology/git-sync-service/biz/model/sync_task/sync_task.go:3656.2,3656.43 1 0
github.com/yi-nology/git-sync-service/biz/model/sync_task/sync_task.go:3665.36,3667.2 1 0
github.com/yi-nology/git-sync-service/biz/model/sync_task/sync_task.go:3669.38,3670.2 0 0
github.com/yi-nology/git-sync-service/biz/model/sync_task/sync_task.go:3672.45,3674.2 1 0
github.com/yi-nology/git-sync-service/biz/model/sync_task/sync_task.go:3676.47,3678.2 1 0
github.com/yi-nology/git-sync-service/biz/model/sync_task/sync_task.go:3685.64,3690.50 3 0
github.com/yi-nology/git-sync-service/biz/model/sync_task/sync_task.go:3690.50,3691.28 1 0
github.com/yi-nology/git-sync-service/biz/model/sync_task/sync_task.go:3694.2,3694.6 1 0
github.com/yi-nology/git-sync-service/biz/model/sync_task/sync_task.go:3694.6,3696.17 2 0
github.com/yi-nology/git-sync-service/biz/model/sync_task/sync_task.go:3696.17,3697.28 1 0
github.com/yi-nology/git-sync-service/biz/model/sync_task/sync_task.go:3699.3,3699.33 1 0
github.com/yi-nology/git-sync-service/biz/model/sync_task/sync_task.go:3699.33,3700.9 1 0
github.com/yi-nology/git-sync-service/biz/model/sync_task/sync_task.go:3703.3,3703.18 1 0
github.com/yi-nology/git-sync-service/biz/model/sync_task/sync_task.go:3704.10,3705.34 1 0
github.com/yi-nology/git-sync-service/biz/model/sync_task/sync_task.go:3705.34,3706.46 1 0
github.com/yi-nology/git-sync-service/biz/model/sync_task/sync_task.go:3706.46,3707.25 1 0
github.com/yi-nology/git-sync-service/biz/model/sync_task/sync_task.go:3709.10,3709.56 1 0
github.com/yi-nology/git-sync-service/biz/model/sync_task/sync_task.go:3709.56,3710.24 1 0
github.com/yi-nology/git-sync-service/biz/model/sync_task/sync_task.go:3712.10,3713.36 1 0
github.com/yi-nology/git-sync-service/biz/model/sync_task/sync_task.go:3713.36,3714.46 1 0
github.com/yi-nology/git-sync-service/biz/model/sync_task/sync_task.go:3714.46,3715.25 1 0
github.com/yi-nology/git-sync-service/biz/model/sync_task/sync_task.go:3717.10,3717.56 1 0
github.com/yi-nology/git-sync-service/biz/model/sync_task/sync_task.go:3717.56,3718.24 1 0
github.com/yi-nology/git-sync-service/biz/model/sync_task/sync_task.go:3720.11,3721.49 1 0
github.com/yi-nology/git-sync-service/biz/model/sync_task/sync_task.go:3721.49,3722.24 1 0
github.com/yi-nology/git-sync-service/biz/model/sync_task/sync_task.go:3725.3,3725.45 1 0
github.com/yi-nology/git-sync-service/biz/model/sync_task/sync_task.go:3725.45,3726.26 1 0
github.com/yi-nology/git-sync-service/biz/model/sync_task/sync_task.go:3729.2,3729.45 1 0
github.com/yi-nology/git-sync-service/biz/model/sync_task/sync_task.go:3729.45,3730.26 1 0
github.com/yi-nology/git-sync-service/biz/model/sync_task/sync_task.go:3733.2,3734.1 2 0
github.com/yi-nology/git-sync-service/biz/model/sync_task/sync_task.go:3735.2,3736.1 2 0
github.com/yi-nology/git-sync-service/biz/model/sync_task/sync_task.go:3737.2,3738.1 2 0
github.com/yi-nology/git-sync-service/biz/model/sync_task/sync_task.go:3739.2,3740.1 2 0
github.com/yi-nology/git-sync-service/biz/model/sync_task/sync_task.go:3741.2,3743.1 2 0
github.com/yi-nology/git-sync-service/biz/model/sync_task/sync_task.go:3744.2,3745.1 2 0
github.com/yi-nology/git-sync-service/biz/model/sync_task/sync_task.go:3746.2,3746.79 1 0
github.com/yi-nology/git-sync-service/biz/model/sync_task/sync_task.go:3749.64,3752.44 2 0
github.com/yi-nology/git-sync-service/biz/model/sync_task/sync_task.go:3752.44,3754.3 1 0
github.com/yi-nology/git-sync-service/biz/model/sync_task/sync_task.go:3754.8,3756.3 1 0
github.com/yi-nology/git-sync-service/biz/model/sync_task/sync_task.go:3757.2,3758.12 2 0
github.com/yi-nology/git-sync-service/biz/model/sync_task/sync_task.go:3760.64,3763.46 2 0
github.com/yi-nology/git-sync-service/biz/model/sync_task/sync_task.go:3763.46,3765.3 1 0
github.com/yi-nology/git-sync-service/biz/model/sync_task/sync_task.go:3765.8,3767.3 1 0
github.com/yi-nology/git-sync-service/biz/model/sync_task/sync_task.go:3768.2,3769.12 2 0
github.com/yi-nology/git-sync-service/biz/model/sync_task/sync_task.go:3772.65,3774.61 2 0
github.com/yi-nology/git-sync-service/biz/model/sync_task/sync_task.go:3774.61,3775.29 1 0
github.com/yi-nology/git-sync-service/biz/model/sync_task/sync_task.go:3777.2,3777.14 1 0
github.com/yi-nology/git-sync-service/biz/model/sync_task/sync_task.go:3777.14,3778.45 1 0
github.com/yi-nology/git-sync-service/biz/model/sync_task/sync_task.go:3778.45,3780.24 2 0
github.com/yi-nology/git-sync-service/biz/model/sync_task/sync_task.go:3782.3,3782.45 1 0
github.com/yi-nology/git-sync-service/biz/model/sync_task/sync_task.go:3782.45,3784.24 2 0
github.com/yi-nology/git-sync-service/biz/model/sync_task/sync_task.go:3787.2,3787.46 1 0
github.com/yi-nology/git-sync-service/biz/model/sync_task/sync_task.go:3787.46,3788.27 1 0
github.com/yi-nology/git-sync-service/biz/model/sync_task/sync_task.go:3790.2,3790.46 1 0
github.com/yi-nology/git-sync-service/biz/model/sync_task/sync_task.go:3790.46,3791.27 1 0
github.com/yi-nology/git-sync-service/biz/model/sync_task/sync_task.go:3793.2,3794.1 2 0
github.com/yi-nology/git-sync-service/biz/model/sync_task/sync_task.go:3795.2,3796.1 2 0
github.com/yi-nology/git-sync-service/biz/model/sync_task/sync_task.go:3797.2,3798.1 2 0
github.com/yi-nology/git-sync-service/biz/model/sync_task/sync_task.go:3799.2,3800.1 2 0
github.com/yi-nology/git-sync-service/biz/model/sync_task/sync_task.go:3801.2,3801.80 1 0
github.com/yi-nology/git-sync-service/biz/model/sync_task/sync_task.go:3804.71,3805.72 1 0
github.com/yi-nology/git-sync-service/biz/model/sync_task/sync_task.go:3805.72,3806.28 1 0
github.com/yi-nology/git-sync-service/biz/model/sync_task/sync_task.go:3808.2,3808.51 1 0
github.com/yi-nology/git-sync-service/biz/model/sync_task/sync_task.go:3808.51,3810.3 1 0
github.com/yi-nology/git-sync-service/biz/model/sync_task/sync_task.go:3811.2,3811.45 1 0
github.com/yi-nology/git-sync-service/biz/model/sync_task/sync_task.go:3811.45,3812.26 1 0
github.com/yi-nology/git-sync-service/biz/model/sync_task/sync_task.go:3814.2,3815.1 2 0
github.com/yi-nology/git-sync-service/biz/model/sync_task/sync_task.go:3816.2,3817.1 2 0
github.com/yi-nology/git-sync-service/biz/model/sync_task/sync_task.go:3818.2,3818.81 1 0
github.com/yi-nology/git-sync-service/biz/model/sync_task/sync_task.go:3821.71,3822.74 1 0
github.com/yi-nology/git-sync-service/biz/model/sync_task/sync_task.go:3822.74,3823.28 1 0
github.com/yi-nology/git-sync-service/biz/model/sync_task/sync_task.go:3825.2,3825.53 1 0
github.com/yi-nology/git-sync-service/biz/model/sync_task/sync_task.go:3825.53,3827.3 1 0
github.com/yi-nology/git-sync-service/biz/model/sync_task/sync_task.go:3828.2,3828.45 1 0
github.com/yi-nology/git-sync-service/biz/model/sync_task/sync_task.go:3828.45,3829.26 1 0
github.com/yi-nology/git-sync-service/biz/model/sync_task/sync_task.go:3831.2,3832.1 2 0
github.com/yi-nology/git-sync-service/biz/model/sync_task/sync_task.go:3833.2,3834.1 2 0
github.com/yi-nology/git-sync-service/biz/model/sync_task/sync_task.go:3835.2,3835.81 1 0
github.com/yi-nology/git-sync-service/biz/model/sync_task/sync_task.go:3838.39,3839.14 1 0
github.com/yi-nology/git-sync-service/biz/model/sync_task/sync_task.go:3839.14,3841.3 1 0
github.com/yi-nology/git-sync-service/biz/model/sync_task/sync_task.go:3842.2,3842.44 1 0
github.com/yi-nology/git-sync-service/biz/model/sync_task/sync_task.go:3853.42,3855.2 1 0
github.com/yi-nology/git-sync-service/biz/model/sync_task/sync_task.go:3857.41,3858.2 0 0
github.com/yi-nology/git-sync-service/biz/model/sync_task/sync_task.go:3860.56,3862.2 1 0
github.com/yi-nology/git-sync-service/biz/model/sync_task/sync_task.go:3864.55,3866.2 1 0
github.com/yi-nology/git-sync-service/biz/model/sync_task/sync_task.go:3868.56,3870.2 1 0
github.com/yi-nology/git-sync-service/biz/model/sync_task/sync_task.go:3872.55,3874.2 1 0
github.com/yi-nology/git-sync-service/biz/model/sync_task/sync_task.go:3883.67,3888.50 3 0
github.com/yi-nology/git-sync-service/biz/model/sync_task/sync_task.go:3888.50,3889.28 1 0
github.com/yi-nology/git-sync-service/biz/model/sync_task/sync_task.go:3892.2,3892.6 1 0
github.com/yi-nology/git-sync-service/biz/model/sync_task/sync_task.go:3892.6,3894.17 2 0
github.com/yi-nology/git-sync-service/biz/model/sync_task/sync_task.go:3894.17,3895.28 1 0
github.com/yi-nology/git-sync-service/biz/model/sync_task/sync_task.go:3897.3,3897.33 1 0
github.com/yi-nology/git-sync-service/biz/model/sync_task/sync_task.go:3897.33,3898.9 1 0
github.com/yi-nology/git-sync-service/biz/model/sync_task/sync_task.go:3901.3,3901.18 1 0
github.com/yi-nology/git-sync-service/biz/model/sync_task/sync_task.go:3902.10,3903.36 1 0
github.com/yi-nology/git-sync-service/biz/model/sync_task/sync_task.go:3903.36,3904.46 1 0
github.com/yi-nology/git-sync-service/biz/model/sync_task/sync_task.go:3904.46,3905.25 1 0
github.com/yi-nology/git-sync-service/biz/model/sync_task/sync_task.go:3907.10,3907.56 1 0
github.com/yi-nology/git-sync-service/biz/model/sync_task/sync_task.go:3907.56,3908.24 1 0
github.com/yi-nology/git-sync-service/biz/model/sync_task/sync_task.go:3910.10,3911.36 1 0
github.com/yi-nology/git-sync-service/biz/model/sync_task/sync_task.go:3911.36,3912.46 1 0
github.com/yi-nology/git-sync-service/biz/model/sync_task/sync_task.go:3912.46,3913.25 1 0
github.com/yi-nology/git-sync-service/biz/model/sync_task/sync_task.go:3915.10,3915.56 1 0
github.com/yi-nology/git-sync-service/biz/model/sync_task/sync_task.go:3915.56,3916.24 1 0
github.com/yi-nology/git-sync-service/biz/model/sync_task/sync_task.go:3918.10,3919.36 1 0
github.com/yi-nology/git-sync-service/biz/model/sync_task/sync_task.go:3919.36,3920.46 1 0
github.com/yi-nology/git-sync-service/biz/model/sync_task/sync_task.go:3920.46,3921.25 1 0
github.com/yi-nology/git-sync-service/biz/model/sync_task/sync_task.go:3923.10,3923.56 1 0
github.com/yi-nology/git-sync-service/biz/model/sync_task/sync_task.go:3923.56,3924.24 1 0
github.com/yi-nology/git-sync-service/biz/model/sync_task/sync_task.go:3926.10,3927.36 1 0
github.com/yi-nology/git-sync-service/biz/model/sync_task/sync_task.go:3927.36,3928.46 1 0
github.com/yi-nology/git-sync-service/biz/model/sync_task/sync_task.go:3928.46,3929.25 1 0
github.com/yi-nology/git-sync-service/biz/model/sync_task/sync_task.go:3931.10,3931.56 1 0
github.com/yi-nology/git-sync-service/biz/model/sync_task/sync_task.go:3931.56,3932.24 1 0
github.com/yi-nology/git-sync-service/biz/model/sync_task/sync_task.go:3934.11,3935.49 1 0
github.com/yi-nology/git-sync-service/biz/model/sync_task/sync_task.go:3935.49,3936.24 1 0
github.com/yi-nology/git-sync-service/biz/model/sync_task/sync_task.go:3939.3,3939.45 1 0
github.com/yi-nology/git-sync-service/biz/model/sync_task/sync_task.go:3939.45,3940.26 1 0
github.com/yi-nology/git-sync-service/biz/model/sync_task/sync_task.go:3943.2,3943.45 1 0
github.com/yi-nology/git-sync-service/biz/model/sync_task/sync_task.go:3943.45,3944.26 1 0
github.com/yi-nology/git-sync-service/biz/model/sync_task/sync_task.go:3947.2,3948.1 2 0
github.com/yi-nology/git-sync-service/biz/model/sync_task/sync_task.go:3949.2,3950.1 2 0
github.com/yi-nology/git-sync-service/biz/model/sync_task/sync_task.go:3951.2,3952.1 2 0
github.com/yi-nology/git-sync-service/biz/model/sync_task/sync_task.go:3953.2,3954.1 2 0
github.com/yi-nology/git-sync-service/biz/model/sync_task/sync_task.go:3955.2,3957.1 2 0
github.com/yi-nology/git-sync-service/biz/model/sync_task/sync_task.go:3958.2,3959.1 2 0
github.com/yi-nology/git-sync-service/biz/model/sync_task/sync_task.go:3960.2,3960.79 1 0
github.com/yi-nology/git-sync-service/biz/model/sync_task/sync_task.go:3963.67,3966.46 2 0
github.com/yi-nology/git-sync-service/biz/model/sync_task/sync_task.go:3966.46,3968.3 1 0
github.com/yi-nology/git-sync-service/biz/model/sync_task/sync_task.go:3968.8,3970.3 1 0
github.com/yi-nology/git-sync-service/biz/model/sync_task/sync_task.go:3971.2,3972.12 2 0
github.com/yi-nology/git-sync-service/biz/model/sync_task/sync_task.go:3974.67,3977.46 2 0
github.com/yi-nology/git-sync-service/biz/model/sync_task/sync_task.go:3977.46,3979.3 1 0
github.com/yi-nology/git-sync-service/biz/model/sync_task/sync_task.go:3979.8,3981.3 1 0
github.com/yi-nology/git-sync-service/biz/model/sync_task/sync_task.go:3982.2,3983.12 2 0
github.com/yi-nology/git-sync-service/biz/model/sync_task/sync_task.go:3985.67,3988.46 2 0
github.com/yi-nology/git-sync-service/biz/model/sync_task/sync_task.go:3988.46,3990.3 1 0
github.com/yi-nology/git-sync-service/biz/model/sync_task/sync_task.go:3990.8,3992.3 1 0
github.com/yi-nology/git-sync-service/biz/model/sync_task/sync_task.go:3993.2,3994.12 2 0
github.com/yi-nology/git-sync-service/biz/model/sync_task/sync_task.go:3996.67,3999.46 2 0
github.com/yi-nology/git-sync-service/biz/model/sync_task/sync_task.go:3999.46,4001.3 1 0
github.com/yi-nology/git-sync-service/biz/model/sync_task/sync_task.go:4001.8,4003.3 1 0
github.com/yi-nology/git-sync-service/biz/model/sync_task/sync_task.go:4004.2,4005.12 2 0
github.com/yi-nology/git-sync-service/biz/model/sync_task/sync_task.go:4008.68,4010.64 2 0
github.com/yi-nology/git-sync-service/biz/model/sync_task/sync_task.go:4010.64,4011.29 1 0
github.com/yi-nology/git-sync-service/biz/model/sync_task/sync_task.go:4013.2,4013.14 1 0
github.com/yi-nology/git-sync-service/biz/model/sync_task/sync_task.go:4013.14,4014.45 1 0
github.com/yi-nology/git-sync-service/biz/model/sync_task/sync_task.go:4014.45,4016.24 2 0
github.com/yi-nology/git-sync-service/biz/model/sync_task/sync_task.go:4018.3,4018.45 1 0
github.com/yi-nology/git-sync-service/biz/model/sync_task/sync_task.go:4018.45,4020.24 2 0
github.com/yi-nology/git-sync-service/biz/model/sync_task/sync_task.go:4022.3,4022.45 1 0
github.com/yi-nology/git-sync-service/biz/model/sync_task/sync_task.go:4022.45,4024.24 2 0
github.com/yi-nology/git-sync-service/biz/model/sync_task/sync_task.go:4026.3,4026.45 1 0
github.com/yi-nology/git-sync-service/biz/model/sync_task/sync_task.go:4026.45,4028.24 2 0
github.com/yi-nology/git-sync-service/biz/model/sync_task/sync_task.go:4031.2,4031.46 1 0
github.com/yi-nology/git-sync-service/biz/model/sync_task/sync_task.go:4031.46,4032.27 1 0
github.com/yi-nology/git-sync-service/biz/model/sync_task/sync_task.go:4034.2,4034.46 1 0
github.com/yi-nology/git-sync-service/biz/model/sync_task/sync_task.go:4034.46,4035.27 1 0
github.com/yi-nology/git-sync-service/biz/model/sync_task/sync_task.go:4037.2,4038.1 2 0
github.com/yi-nology/git-sync-service/biz/model/sync_task/sync_task.go:4039.2,4040.1 2 0
github.com/yi-nology/git-sync-service/biz/model/sync_task/sync_task.go:4041.2,4042.1 2 0
github.com/yi-nology/git-sync-service/biz/model/sync_task/sync_task.go:4043.2,4044.1 2 0
github.com/yi-nology/git-sync-service/biz/model/sync_task/sync_task.go:4045.2,4045.80 1 0
github.com/yi-nology/git-sync-service/biz/model/sync_task/sync_task.go:4048.74,4049.82 1 0
github.com/yi-nology/git-sync-service/biz/model/sync_task/sync_task.go:4049.82,4050.28 1 0
github.com/yi-nology/git-sync-service/biz/model/sync_task/sync_task.go:4052.2,4052.59 1 0
github.com/yi-nology/git-sync-service/biz/model/sync_task/sync_task.go:4052.59,4054.3 1 0
github.com/yi-nology/git-sync-service/biz/model/sync_task/sync_task.go:4055.2,4055.45 1 0
github.com/yi-nology/git-sync-service/biz/model/sync_task/sync_task.go:4055.45,4056.26 1 0
github.com/yi-nology/git-sync-service/biz/model/sync_task/sync_task.go:4058.2,4059.1 2 0
github.com/yi-nology/git-sync-service/biz/model/sync_task/sync_task.go:4060.2,4061.1 2 0
github.com/yi-nology/git-sync-service/biz/model/sync_task/sync_task.go:4062.2,4062.81 1 0
github.com/yi-nology/git-sync-service/biz/model/sync_task/sync_task.go:4065.74,4066.80 1 0
github.com/yi-nology/git-sync-service/biz/model/sync_task/sync_task.go:4066.80,4067.28 1 0
github.com/yi-nology/git-sync-service/biz/model/sync_task/sync_task.go:4069.2,4069.58 1 0
github.com/yi-nology/git-sync-service/biz/model/sync_task/sync_task.go:4069.58,4071.3 1 0
github.com/yi-nology/git-sync-service/biz/model/sync_task/sync_task.go:4072.2,4072.45 1 0
github.com/yi-nology/git-sync-service/biz/model/sync_task/sync_task.go:4072.45,4073.26 1 0
github.com/yi-nology/git-sync-service/biz/model/sync_task/sync_task.go:4075.2,4076.1 2 0
github.com/yi-nology/git-sync-service/biz/model/sync_task/sync_task.go:4077.2,4078.1 2 0
github.com/yi-nology/git-sync-service/biz/model/sync_task/sync_task.go:4079.2,4079.81 1 0
github.com/yi-nology/git-sync-service/biz/model/sync_task/sync_task.go:4082.74,4083.82 1 0
github.com/yi-nology/git-sync-service/biz/model/sync_task/sync_task.go:4083.82,4084.28 1 0
github.com/yi-nology/git-sync-service/biz/model/sync_task/sync_task.go:4086.2,4086.59 1 0
github.com/yi-nology/git-sync-service/biz/model/sync_task/sync_task.go:4086.59,4088.3 1 0
github.com/yi-nology/git-sync-service/biz/model/sync_task/sync_task.go:4089.2,4089.45 1 0
github.com/yi-nology/git-sync-service/biz/model/sync_task/sync_task.go:4089.45,4090.26 1 0
github.com/yi-nology/git-sync-service/biz/model/sync_task/sync_task.go:4092.2,4093.1 2 0
github.com/yi-nology/git-sync-service/biz/model/sync_task/sync_task.go:4094.2,4095.1 2 0
github.com/yi-nology/git-sync-service/biz/model/sync_task/sync_task.go:4096.2,4096.81 1 0
github.com/yi-nology/git-sync-service/biz/model/sync_task/sync_task.go:4099.74,4100.80 1 0
github.com/yi-nology/git-sync-service/biz/model/sync_task/sync_task.go:4100.80,4101.28 1 0
github.com/yi-nology/git-sync-service/biz/model/sync_task/sync_task.go:4103.2,4103.58 1 0
github.com/yi-nology/git-sync-service/biz/model/sync_task/sync_task.go:4103.58,4105.3 1 0
github.com/yi-nology/git-sync-service/biz/model/sync_task/sync_task.go:4106.2,4106.45 1 0
github.com/yi-nology/git-sync-service/biz/model/sync_task/sync_task.go:4106.45,4107.26 1 0
github.com/yi-nology/git-sync-service/biz/model/sync_task/sync_task.go:4109.2,4110.1 2 0
github.com/yi-nology/git-sync-service/biz/model/sync_task/sync_task.go:4111.2,4112.1 2 0
github.com/yi-nology/git-sync-service/biz/model/sync_task/sync_task.go:4113.2,4113.81 1 0
github.com/yi-nology/git-sync-service/biz/model/sync_task/sync_task.go:4116.42,4117.14 1 0
github.com/yi-nology/git-sync-service/biz/model/sync_task/sync_task.go:4117.14,4119.3 1 0
github.com/yi-nology/git-sync-service/biz/model/sync_task/sync_task.go:4120.2,4120.47 1 0
github.com/yi-nology/git-sync-service/biz/model/sync_task/sync_task.go:4133.44,4135.2 1 0
github.com/yi-nology/git-sync-service/biz/model/sync_task/sync_task.go:4137.42,4138.2 0 0
github.com/yi-nology/git-sync-service/biz/model/sync_task/sync_task.go:4140.49,4142.2 1 0
github.com/yi-nology/git-sync-service/biz/model/sync_task/sync_task.go:4144.54,4146.2 1 0
github.com/yi-nology/git-sync-service/biz/model/sync_task/sync_task.go:4148.54,4150.2 1 0
github.com/yi-nology/git-sync-service/biz/model/sync_task/sync_task.go:4152.54,4154.2 1 0
github.com/yi-nology/git-sync-service/biz/model/sync_task/sync_task.go:4156.56,4158.2 1 0
github.com/yi-nology/git-sync-service/biz/model/sync_task/sync_task.go:4160.51,4162.2 1 0
github.com/yi-nology/git-sync-service/biz/model/sync_task/sync_task.go:4173.68,4178.50 3 0
github.com/yi-nology/git-sync-service/biz/model/sync_task/sync_task.go:4178.50,4179.28 1 0
github.com/yi-nology/git-sync-service/biz/model/sync_task/sync_task.go:4182.2,4182.6 1 0
github.com/yi-nology/git-sync-service/biz/model/sync_task/sync_task.go:4182.6,4184.17 2 0
github.com/yi-nology/git-sync-service/biz/model/sync_task/sync_task.go:4184.17,4185.28 1 0
github.com/yi-nology/git-sync-service/biz/model/sync_task/sync_task.go:4187.3,4187.33 1 0
github.com/yi-nology/git-sync-service/biz/model/sync_task/sync_task.go:4187.33,4188.9 1 0
github.com/yi-nology/git-sync-service/biz/model/sync_task/sync_task.go:4191.3,4191.18 1 0
github.com/yi-nology/git-sync-service/biz/model/sync_task/sync_task.go:4192.10,4193.34 1 0
github.com/yi-nology/git-sync-service/biz/model/sync_task/sync_task.go:4193.34,4194.46 1 0
github.com/yi-nology/git-sync-service/biz/model/sync_task/sync_task.go:4194.46,4195.25 1 0
github.com/yi-nology/git-sync-service/biz/model/sync_task/sync_task.go:4197.10,4197.56 1 0
github.com/yi-nology/git-sync-service/biz/model/sync_task/sync_task.go:4197.56,4198.24 1 0
github.com/yi-nology/git-sync-service/biz/model/sync_task/sync_task.go:4200.10,4201.34 1 0
github.com/yi-nology/git-sync-service/biz/model/sync_task/sync_task.go:4201.34,4202.46 1 0
github.com/yi-nology/git-sync-service/biz/model/sync_task/sync_task.go:4202.46,4203.25 1 0
github.com/yi-nology/git-sync-service/biz/model/sync_task/sync_task.go:4205.10,4205.56 1 0
github.com/yi-nology/git-sync-service/biz/model/sync_task/sync_task.go:4205.56,4206.24 1 0
github.com/yi-nology/git-sync-service/biz/model/sync_task/sync_task.go:4208.10,4209.34 1 0
github.com/yi-nology/git-sync-service/biz/model/sync_task/sync_task.go:4209.34,4210.46 1 0
github.com/yi-nology/git-sync-service/biz/model/sync_task/sync_task.go:4210.46,4211.25 1 0
github.com/yi-nology/git-sync-service/biz/model/sync_task/sync_task.go:4213.10,4213.56 1 0
github.com/yi-nology/git-sync-service/biz/model/sync_task/sync_task.go:4213.56,4214.24 1 0
github.com/yi-nology/git-sync-service/biz/model/sync_task/sync_task.go:4216.10,4217.33 1 0
github.com/yi-nology/git-sync-service/biz/model/sync_task/sync_task.go:4217.33,4218.46 1 0
github.com/yi-nology/git-sync-service/biz/model/sync_task/sync_task.go:4218.46,4219.25 1 0
github.com/yi-nology/git-sync-service/biz/model/sync_task/sync_task.go:4221.10,4221.56 1 0
github.com/yi-nology/git-sync-service/biz/model/sync_task/sync_task.go:4221.56,4222.24 1 0
github.com/yi-nology/git-sync-service/biz/model/sync_task/sync_task.go:4224.10,4225.36 1 0
github.com/yi-nology/git-sync-service/biz/model/sync_task/sync_task.go:4225.36,4226.46 1 0
github.com/yi-nology/git-sync-service/biz/model/sync_task/sync_task.go:4226.46,4227.25 1 0
github.com/yi-nology/git-sync-service/biz/model/sync_task/sync_task.go:4229.10,4229.56 1 0
github.com/yi-nology/git-sync-service/biz/model/sync_task/sync_task.go:4229.56,4230.24 1 0
github.com/yi-nology/git-sync-service/biz/model/sync_task/sync_task.go:4232.10,4233.36 1 0
github.com/yi-nology/git-sync-service/biz/model/sync_task/sync_task.go:4233.36,4234.46 1 0
github.com/yi-nology/git-sync-service/biz/model/sync_task/sync_task.go:4234.46,4235.25 1 0
github.com/yi-nology/git-sync-service/biz/model/sync_task/sync_task.go:4237.10,4237.56 1 0
github.com/yi-nology/git-sync-service/biz/model/sync_task/sync_task.go:4237.56,4238.24 1 0
github.com/yi-nology/git-sync-service/biz/model/sync_task/sync_task.go:4240.11,4241.49 1 0
github.com/yi-nology/git-sync-service/biz/model/sync_task/sync_task.go:4241.49,4242.24 1 0
github.com/yi-nology/git-sync-service/biz/model/sync_task/sync_task.go:4245.3,4245.45 1 0
github.com/yi-nology/git-sync-service/biz/model/sync_task/sync_task.go:4245.45,4246.26 1 0
github.com/yi-nology/git-sync-service/biz/model/sync_task/sync_task.go:4249.2,4249.45 1 0
github.com/yi-nology/git-sync-service/biz/model/sync_task/sync_task.go:4249.45,4250.26 1 0
github.com/yi-nology/git-sync-service/biz/model/sync_task/sync_task.go:4253.2,4254.1 2 0
github.com/yi-nology/git-sync-service/biz/model/sync_task/sync_task.go:4255.2,4256.1 2 0
github.com/yi-nology/git-sync-service/biz/model/sync_task/sync_task.go:4257.2,4258.1 2 0
github.com/yi-nology/git-sync-service/biz/model/sync_task/sync_task.go:4259.2,4260.1 2 0
github.com/yi-nology/git-sync-service/biz/model/sync_task/sync_task.go:4261.2,4263.1 2 0
github.com/yi-nology/git-sync-service/biz/model/sync_task/sync_task.go:4264.2,4265.1 2 0
github.com/yi-nology/git-sync-service/biz/model/sync_task/sync_task.go:4266.2,4266.79 1 0
github.com/yi-nology/git-sync-service/biz/model/sync_task/sync_task.go:4269.68,4272.44 2 0
github.com/yi-nology/git-sync-service/biz/model/sync_task/sync_task.go:4272.44,4274.3 1 0
github.com/yi-nology/git-sync-service/biz/model/sync_task/sync_task.go:4274.8,4276.3 1 0
github.com/yi-nology/git-sync-service/biz/model/sync_task/sync_task.go:4277.2,4278.12 2 0
github.com/yi-nology/git-sync-service/biz/model/sync_task/sync_task.go:4280.68,4283.44 2 0
github.com/yi-nology/git-sync-service/biz/model/sync_task/sync_task.go:4283.44,4285.3 1 0
github.com/yi-nology/git-sync-service/biz/model/sync_task/sync_task.go:4285.8,4287.3 1 0
github.com/yi-nology/git-sync-service/biz/model/sync_task/sync_task.go:4288.2,4289.12 2 0
github.com/yi-nology/git-sync-service/biz/model/sync_task/sync_task.go:4291.68,4294.44 2 0
github.com/yi-nology/git-sync-service/biz/model/sync_task/sync_task.go:4294.44,4296.3 1 0
github.com/yi-nology/git-sync-service/biz/model/sync_task/sync_task.go:4296.8,4298.3 1 0
github.com/yi-nology/git-sync-service/biz/model/sync_task/sync_task.go:4299.2,4300.12 2 0
github.com/yi-nology/git-sync-service/biz/model/sync_task/sync_task.go:4302.68,4305.43 2 0
github.com/yi-nology/git-sync-service/biz/model/sync_task/sync_task.go:4305.43,4307.3 1 0
github.com/yi-nology/git-sync-service/biz/model/sync_task/sync_task.go:4307.8,4309.3 1 0
github.com/yi-nology/git-sync-service/biz/model/sync_task/sync_task.go:4310.2,4311.12 2 0
github.com/yi-nology/git-sync-service/biz/model/sync_task/sync_task.go:4313.68,4316.46 2 0
github.com/yi-nology/git-sync-service/biz/model/sync_task/sync_task.go:4316.46,4318.3 1 0
github.com/yi-nology/git-sync-service/biz/model/sync_task/sync_task.go:4318.8,4320.3 1 0
github.com/yi-nology/git-sync-service/biz/model/sync_task/sync_task.go:4321.2,4322.12 2 0
github.com/yi-nology/git-sync-service/biz/model/sync_task/sync_task.go:4324.68,4327.46 2 0
github.com/yi-nology/git-sync-service/biz/model/sync_task/sync_task.go:4327.46,4329.3 1 0
github.com/yi-nology/git-sync-service/biz/model/sync_task/sync_task.go:4329.8,4331.3 1 0
github.com/yi-nology/git-sync-service/biz/model/sync_task/sync_task.go:4332.2,4333.12 2 0
github.com/yi-nology/git-sync-service/biz/model/sync_task/sync_task.go:4336.69,4338.65 2 0
github.com/yi-nology/git-sync-service/biz/model/sync_task/sync_task.go:4338.65,4339.29 1 0
github.com/yi-nology/git-sync-service/biz/model/sync_task/sync_task.go:4341.2,4341.14 1 0
github.com/yi-nology/git-sync-service/biz/model/sync_task/sync_task.go:4341.14,4342.45 1 0
github.com/yi-nology/git-sync-service/biz/model/sync_task/sync_task.go:4342.45,4344.24 2 0
github.com/yi-nology/git-sync-service/biz/model/sync_task/sync_task.go:4346.3,4346.45 1 0
github.com/yi-nology/git-sync-service/biz/model/sync_task/sync_task.go:4346.45,4348.24 2 0
github.com/yi-nology/git-sync-service/biz/model/sync_task/sync_task.go:4350.3,4350.45 1 0
github.com/yi-nology/git-sync-service/biz/model/sync_task/sync_task.go:4350.45,4352.24 2 0
github.com/yi-nology/git-sync-service/biz/model/sync_task/sync_task.go:4354.3,4354.45 1 0
github.com/yi-nology/git-sync-service/biz/model/sync_task/sync_task.go:4354.45,4356.24 2 0
github.com/yi-nology/git-sync-service/biz/model/sync_task/sync_task.go:4358.3,4358.45 1 0
github.com/yi-nology/git-sync-service/biz/model/sync_task/sync_task.go:4358.45,4360.24 2 0
github.com/yi-nology/git-sync-service/biz/model/sync_task/sync_task.go:4362.3,4362.45 1 0
github.com/yi-nology/git-sync-service/biz/model/sync_task/sync_task.go:4362.45,4364.24 2 0
github.com/yi-nology/git-sync-service/biz/model/sync_task/sync_task.go:4367.2,4367.46 1 0
github.com/yi-nology/git-sync-service/biz/model/sync_task/sync_task.go:4367.46,4368.27 1 0
github.com/yi-nology/git-sync-service/biz/model/sync_task/sync_task.go:4370.2,4370.46 1 0
github.com/yi-nology/git-sync-service/biz/model/sync_task/sync_task.go:4370.46,4371.27 1 0
github.com/yi-nology/git-sync-service/biz/model/sync_task/sync_task.go:4373.2,4374.1 2 0
github.com/yi-nology/git-sync-service/biz/model/sync_task/sync_task.go:4375.2,4376.1 2 0
github.com/yi-nology/git-sync-service/biz/model/sync_task/sync_task.go:4377.2,4378.1 2 0
github.com/yi-nology/git-sync-service/biz/model/sync_task/sync_task.go:4379.2,4380.1 2 0
github.com/yi-nology/git-sync-service/biz/model/sync_task/sync_task.go:4381.2,4381.80 1 0
github.com/yi-nology/git-sync-service/biz/model/sync_task/sync_task.go:4384.75,4385.73 1 0
github.com/yi-nology/git-sync-service/biz/model/sync_task/sync_task.go:4385.73,4386.28 1 0
github.com/yi-nology/git-sync-service/biz/model/sync_task/sync_task.go:4388.2,4388.51 1 0
github.com/yi-nology/git-sync-service/biz/model/sync_task/sync_task.go:4388.51,4390.3 1 0
github.com/yi-nology/git-sync-service/biz/model/sync_task/sync_task.go:4391.2,4391.45 1 0
github.com/yi-nology/git-sync-service/biz/model/sync_task/sync_task.go:4391.45,4392.26 1 0
github.com/yi-nology/git-sync-service/biz/model/sync_task/sync_task.go:4394.2,4395.1 2 0
github.com/yi-nology/git-sync-service/biz/model/sync_task/sync_task.go:4396.2,4397.1 2 0
github.com/yi-nology/git-sync-service/biz/model/sync_task/sync_task.go:4398.2,4398.81 1 0
github.com/yi-nology/git-sync-service/biz/model/sync_task/sync_task.go:4401.75,4402.78 1 0
github.com/yi-nology/git-sync-service/biz/model/sync_task/sync_task.go:4402.78,4403.28 1 0
github.com/yi-nology/git-sync-service/biz/model/sync_task/sync_task.go:4405.2,4405.56 1 0
github.com/yi-nology/git-sync-service/biz/model/sync_task/sync_task.go:4405.56,4407.3 1 0
github.com/yi-nology/git-sync-service/biz/model/sync_task/sync_task.go:4408.2,4408.45 1 0
github.com/yi-nology/git-sync-service/biz/model/sync_task/sync_task.go:4408.45,4409.26 1 0
github.com/yi-nology/git-sync-service/biz/model/sync_task/sync_task.go:4411.2,4412.1 2 0
github.com/yi-nology/git-sync-service/biz/model/sync_task/sync_task.go:4413.2,4414.1 2 0
github.com/yi-nology/git-sync-service/biz/model/sync_task/sync_task.go:4415.2,4415.81 1 0
github.com/yi-nology/git-sync-service/biz/model/sync_task/sync_task.go:4418.75,4419.78 1 0
github.com/yi-nology/git-sync-service/biz/model/sync_task/sync_task.go:4419.78,4420.28 1 0
github.com/yi-nology/git-sync-service/biz/model/sync_task/sync_task.go:4422.2,4422.56 1 0
github.com/yi-nology/git-sync-service/biz/model/sync_task/sync_task.go:4422.56,4424.3 1 0
github.com/yi-nology/git-sync-service/biz/model/sync_task/sync_task.go:4425.2,4425.45 1 0
github.com/yi-nology/git-sync-service/biz/model/sync_task/sync_task.go:4425.45,4426.26 1 0
github.com/yi-nology/git-sync-service/biz/model/sync_task/sync_task.go:4428.2,4429.1 2 0
github.com/yi-nology/git-sync-service/biz/model/sync_task/sync_task.go:4430.2,4431.1 2 0
github.com/yi-nology/git-sync-service/biz/model/sync_task/sync_task.go:4432.2,4432.81 1 0
github.com/yi-nology/git-sync-service/biz/model/sync_task/sync_task.go:4435.75,4436.76 1 0
github.com/yi-nology/git-sync-service/biz/model/sync_task/sync_task.go:4436.76,4437.28 1 0
github.com/yi-nology/git-sync-service/biz/model/sync_task/sync_task.go:4439.2,4439.54 1 0
github.com/yi-nology/git-sync-service/biz/model/sync_task/sync_task.go:4439.54,4441.3 1 0
github.com/yi-nology/git-sync-service/biz/model/sync_task/sync_task.go:4442.2,4442.45 1 0
github.com/yi-nology/git-sync-service/biz/model/sync_task/sync_task.go:4442.45,4443.26 1 0
github.com/yi-nology/git-sync-service/biz/model/sync_task/sync_task.go:4445.2,4446.1 2 0
github.com/yi-nology/git-sync-service/biz/model/sync_task/sync_task.go:4447.2,4448.1 2 0
github.com/yi-nology/git-sync-service/biz/model/sync_task/sync_task.go:4449.2,4449.81 1 0
github.com/yi-nology/git-sync-service/biz/model/sync_task/sync_task.go:4452.75,4453.80 1 0
github.com/yi-nology/git-sync-service/biz/model/sync_task/sync_task.go:4453.80,4454.28 1 0
github.com/yi-nology/git-sync-service/biz/model/sync_task/sync_task.go:4456.2,4456.58 1 0
github.com/yi-nology/git-sync-service/biz/model/sync_task/sync_task.go:4456.58,4458.3 1 0
github.com/yi-nology/git-sync-service/biz/model/sync_task/sync_task.go:4459.2,4459.45 1 0
github.com/yi-nology/git-sync-service/biz/model/sync_task/sync_task.go:4459.45,4460.26 1 0
github.com/yi-nology/git-sync-service/biz/model/sync_task/sync_task.go:4462.2,4463.1 2 0
github.com/yi-nology/git-sync-service/biz/model/sync_task/sync_task.go:4464.2,4465.1 2 0
github.com/yi-nology/git-sync-service/biz/model/sync_task/sync_task.go:4466.2,4466.81 1 0
github.com/yi-nology/git-sync-service/biz/model/sync_task/sync_task.go:4469.75,4470.74 1 0
github.com/yi-nology/git-sync-service/biz/model/sync_task/sync_task.go:4470.74,4471.28 1 0
github.com/yi-nology/git-sync-service/biz/model/sync_task/sync_task.go:4473.2,4473.53 1 0
github.com/yi-nology/git-sync-service/biz/model/sync_task/sync_task.go:4473.53,4475.3 1 0
github.com/yi-nology/git-sync-service/biz/model/sync_task/sync_task.go:4476.2,4476.45 1 0
github.com/yi-nology/git-sync-service/biz/model/sync_task/sync_task.go:4476.45,4477.26 1 0
github.com/yi-nology/git-sync-service/biz/model/sync_task/sync_task.go:4479.2,4480.1 2 0
github.com/yi-nology/git-sync-service/biz/model/sync_task/sync_task.go:4481.2,4482.1 2 0
github.com/yi-nology/git-sync-service/biz/model/sync_task/sync_task.go:4483.2,4483.81 1 0
github.com/yi-nology/git-sync-service/biz/model/sync_task/sync_task.go:4486.43,4487.14 1 0
github.com/yi-nology/git-sync-service/biz/model/sync_task/sync_task.go:4487.14,4489.3 1 0
github.com/yi-nology/git-sync-service/biz/model/sync_task/sync_task.go:4490.2,4490.48 1 0
github.com/yi-nology/git-sync-service/biz/model/sync_task/sync_task.go:4524.36,4526.2 1 0
github.com/yi-nology/git-sync-service/biz/model/sync_task/sync_task.go:4528.38,4529.2 0 0
github.com/yi-nology/git-sync-service/biz/model/sync_task/sync_task.go:4531.41,4533.2 1 0
github.com/yi-nology/git-sync-service/biz/model/sync_task/sync_task.go:4535.47,4537.2 1 0
github.com/yi-nology/git-sync-service/biz/model/sync_task/sync_task.go:4539.53,4541.2 1 0
github.com/yi-nology/git-sync-service/biz/model/sync_task/sync_task.go:4543.46,4545.2 1 0
github.com/yi-nology/git-sync-service/biz/model/sync_task/sync_task.go:4547.49,4549.2 1 0
github.com/yi-nology/git-sync-service/biz/model/sync_task/sync_task.go:4551.47,4553.2 1 0
github.com/yi-nology/git-sync-service/biz/model/sync_task/sync_task.go:4555.51,4557.2 1 0
github.com/yi-nology/git-sync-service/biz/model/sync_task/sync_task.go:4559.47,4561.2 1 0
github.com/yi-nology/git-sync-service/biz/model/sync_task/sync_task.go:4563.52,4565.2 1 0
github.com/yi-nology/git-sync-service/biz/model/sync_task/sync_task.go:4567.49,4569.2 1 0
github.com/yi-nology/git-sync-service/biz/model/sync_task/sync_task.go:4584.64,4589.50 3 0
github.com/yi-nology/git-sync-service/biz/model/sync_task/sync_task.go:4589.50,4590.28 1 0
github.com/yi-nology/git-sync-service/biz/model/sync_task/sync_task.go:4593.2,4593.6 1 0
github.com/yi-nology/git-sync-service/biz/model/sync_task/sync_task.go:4593.6,4595.17 2 0
github.com/yi-nology/git-sync-service/biz/model/sync_task/sync_task.go:4595.17,4596.28 1 0
github.com/yi-nology/git-sync-service/biz/model/sync_task/sync_task.go:4598.3,4598.33 1 0
github.com/yi-nology/git-sync-service/biz/model/sync_task/sync_task.go:4598.33,4599.9 1 0
github.com/yi-nology/git-sync-service/biz/model/sync_task/sync_task.go:4602.3,4602.18 1 0
github.com/yi-nology/git-sync-service/biz/model/sync_task/sync_task.go:4603.10,4604.33 1 0
github.com/yi-nology/git-sync-service/biz/model/sync_task/sync_task.go:4604.33,4605.46 1 0
github.com/yi-nology/git-sync-service/biz/model/sync_task/sync_task.go:4605.46,4606.25 1 0
github.com/yi-nology/git-sync-service/biz/model/sync_task/sync_task.go:4608.10,4608.56 1 0
github.com/yi-nology/git-sync-service/biz/model/sync_task/sync_task.go:4608.56,4609.24 1 0
github.com/yi-nology/git-sync-service/biz/model/sync_task/sync_task.go:4611.10,4612.36 1 0
github.com/yi-nology/git-sync-service/biz/model/sync_task/sync_task.go:4612.36,4613.46 1 0
github.com/yi-nology/git-sync-service/biz/model/sync_task/sync_task.go:4613.46,4614.25 1 0
github.com/yi-nology/git-sync-service/biz/model/sync_task/sync_task.go:4616.10,4616.56 1 0
github.com/yi-nology/git-sync-service/biz/model/sync_task/sync_task.go:4616.56,4617.24 1 0
github.com/yi-nology/git-sync-service/biz/model/sync_task/sync_task.go:4619.10,4620.36 1 0
github.com/yi-nology/git-sync-service/biz/model/sync_task/sync_task.go:4620.36,4621.46 1 0
github.com/yi-nology/git-sync-service/biz/model/sync_task/sync_task.go:4621.46,4622.25 1 0
github.com/yi-nology/git-sync-service/biz/model/sync_task/sync_task.go:4624.10,4624.56 1 0
github.com/yi-nology/git-sync-service/biz/model/sync_task/sync_task.go:4624.56,4625.24 1 0
github.com/yi-nology/git-sync-service/biz/model/sync_task/sync_task.go:4627.10,4628.36 1 0
github.com/yi-nology/git-sync-service/biz/model/sync_task/sync_task.go:4628.36,4629.46 1 0
github.com/yi-nology/git-sync-service/biz/model/sync_task/sync_task.go:4629.46,4630.25 1 0
github.com/yi-nology/git-sync-service/biz/model/sync_task/sync_task.go:4632.10,4632.56 1 0
github.com/yi-nology/git-sync-service/biz/model/sync_task/sync_task.go:4632.56,4633.24 1 0
github.com/yi-nology/git-sync-service/biz/model/sync_task/sync_task.go:4635.10,4636.36 1 0
github.com/yi-nology/git-sync-service/biz/model/sync_task/sync_task.go:4636.36,4637.46 1 0
github.com/yi-nology/git-sync-service/biz/model/sync_task/sync_task.go:4637.46,4638.25 1 0
github.com/yi-nology/git-sync-service/biz/model/sync_task/sync_task.go:4640.10,4640.56 1 0
github.com/yi-nology/git-sync-service/biz/model/sync_task/sync_task.go:4640.56,4641.24 1 0
github.com/yi-nology/git-sync-service/biz/model/sync_task/sync_task.go:4643.10,4644.36 1 0
github.com/yi-nology/git-sync-service/biz/model/sync_task/sync_task.go:4644.36,4645.46 1 0
github.com/yi-nology/git-sync-service/biz/model/sync_task/sync_task.go:4645.46,4646.25 1 0
github.com/yi-nology/git-sync-service/biz/model/sync_task/sync_task.go:4648.10,4648.56 1 0
github.com/yi-nology/git-sync-service/biz/model/sync_task/sync_task.go:4648.56,4649.24 1 0
github.com/yi-nology/git-sync-service/biz/model/sync_task/sync_task.go:4651.10,4652.36 1 0
github.com/yi-nology/git-sync-service/biz/model/sync_task/sync_task.go:4652.36,4653.46 1 0
github.com/yi-nology/git-sync-service/biz/model/sync_task/sync_task.go:4653.46,4654.25 1 0
github.com/yi-nology/git-sync-service/biz/model/sync_task/sync_task.go:4656.10,4656.56 1 0
github.com/yi-nology/git-sync-service/biz/model/sync_task/sync_task.go:4656.56,4657.24 1 0
github.com/yi-nology/git-sync-service/biz/model/sync_task/sync_task.go:4659.10,4660.36 1 0
github.com/yi-nology/git-sync-service/biz/model/sync_task/sync_task.go:4660.36,4661.46 1 0
github.com/yi-nology/git-sync-service/biz/model/sync_task/sync_task.go:4661.46,4662.25 1 0
github.com/yi-nology/git-sync-service/biz/model/sync_task/sync_task.go:4664.10,4664.56 1 0
github.com/yi-nology/git-sync-service/biz/model/sync_task/sync_task.go:4664.56,4665.24 1 0
github.com/yi-nology/git-sync-service/biz/model/sync_task/sync_task.go:4667.10,4668.36 1 0
github.com/yi-nology/git-sync-service/biz/model/sync_task/sync_task.go:4668.36,4669.46 1 0
github.com/yi-nology/git-sync-service/biz/model/sync_task/sync_task.go:4669.46,4670.25 1 0
github.com/yi-nology/git-sync-service/biz/model/sync_task/sync_task.go:4672.10,4672.56 1 0
github.com/yi-nology/git-sync-service/biz/model/sync_task/sync_task.go:4672.56,4673.24 1 0
github.com/yi-nology/git-sync-service/biz/model/sync_task/sync_task.go:4675.11,4676.36 1 0
github.com/yi-nology/git-sync-service/biz/model/sync_task/sync_task.go:4676.36,4677.47 1 0
github.com/yi-nology/git-sync-service/biz/model/sync_task/sync_task.go:4677.47,4678.25 1 0
github.com/yi-nology/git-sync-service/biz/model/sync_task/sync_task.go:4680.10,4680.56 1 0
github.com/yi-nology/git-sync-service/biz/model/sync_task/sync_task.go:4680.56,4681.24 1 0
github.com/yi-nology/git-sync-service/biz/model/sync_task/sync_task.go:4683.11,4684.49 1 0
github.com/yi-nology/git-sync-service/biz/model/sync_task/sync_task.go:4684.49,4685.24 1 0
github.com/yi-nology/git-sync-service/biz/model/sync_task/sync_task.go:4688.3,4688.45 1 0
github.com/yi-nology/git-sync-service/biz/model/sync_task/sync_task.go:4688.45,4689.26 1 0
github.com/yi-nology/git-sync-service/biz/model/sync_task/sync_task.go:4692.2,4692.45 1 0
github.com/yi-nology/git-sync-service/biz/model/sync_task/sync_task.go:4692.45,4693.26 1 0
github.com/yi-nology/git-sync-service/biz/model/sync_task/sync_task.go:4696.2,4697.1 2 0
github.com/yi-nology/git-sync-service/biz/model/sync_task/sync_task.go:4698.2,4699.1 2 0
github.com/yi-nology/git-sync-service/biz/model/sync_task/sync_task.go:4700.2,4701.1 2 0
github.com/yi-nology/git-sync-service/biz/model/sync_task/sync_task.go:4702.2,4703.1 2 0
github.com/yi-nology/git-sync-service/biz/model/sync_task/sync_task.go:4704.2,4706.1 2 0
github.com/yi-nology/git-sync-service/biz/model/sync_task/sync_task.go:4707.2,4708.1 2 0
github.com/yi-nology/git-sync-service/biz/model/sync_task/sync_task.go:4709.2,4709.79 1 0
github.com/yi-nology/git-sync-service/biz/model/sync_task/sync_task.go:4712.64,4715.43 2 0
github.com/yi-nology/git-sync-service/biz/model/sync_task/sync_task.go:4715.43,4717.3 1 0
github.com/yi-nology/git-sync-service/biz/model/sync_task/sync_task.go:4717.8,4719.3 1 0
github.com/yi-nology/git-sync-service/biz/model/sync_task/sync_task.go:4720.2,4721.12 2 0
github.com/yi-nology/git-sync-service/biz/model/sync_task/sync_task.go:4723.64,4726.46 2 0
github.com/yi-nology/git-sync-service/biz/model/sync_task/sync_task.go:4726.46,4728.3 1 0
github.com/yi-nology/git-sync-service/biz/model/sync_task/sync_task.go:4728.8,4730.3 1 0
github.com/yi-nology/git-sync-service/biz/model/sync_task/sync_task.go:4731.2,4732.12 2 0
github.com/yi-nology/git-sync-service/biz/model/sync_task/sync_task.go:4734.64,4737.46 2 0
github.com/yi-nology/git-sync-service/biz/model/sync_task/sync_task.go:4737.46,4739.3 1 0
github.com/yi-nology/git-sync-service/biz/model/sync_task/sync_task.go:4739.8,4741.3 1 0
github.com/yi-nology/git-sync-service/biz/model/sync_task/sync_task.go:4742.2,4743.12 2 0
github.com/yi-nology/git-sync-service/biz/model/sync_task/sync_task.go:4745.64,4748.46 2 0
github.com/yi-nology/git-sync-service/biz/model/sync_task/sync_task.go:4748.46,4750.3 1 0
github.com/yi-nology/git-sync-service/biz/model/sync_task/sync_task.go:4750.8,4752.3 1 0
github.com/yi-nology/git-sync-service/biz/model/sync_task/sync_task.go:4753.2,4754.12 2 0
github.com/yi-nology/git-sync-service/biz/model/sync_task/sync_task.go:4756.64,4759.46 2 0
github.com/yi-nology/git-sync-service/biz/model/sync_task/sync_task.go:4759.46,4761.3 1 0
github.com/yi-nology/git-sync-service/biz/model/sync_task/sync_task.go:4761.8,4763.3 1 0
github.com/yi-nology/git-sync-service/biz/model/sync_task/sync_task.go:4764.2,4765.12 2 0
github.com/yi-nology/git-sync-service/biz/model/sync_task/sync_task.go:4767.64,4770.46 2 0
github.com/yi-nology/git-sync-service/biz/model/sync_task/sync_task.go:4770.46,4772.3 1 0
github.com/yi-nology/git-sync-service/biz/model/sync_task/sync_task.go:4772.8,4774.3 1 0
github.com/yi-nology/git-sync-service/biz/model/sync_task/sync_task.go:4775.2,4776.12 2 0
github.com/yi-nology/git-sync-service/biz/model/sync_task/sync_task.go:4778.64,4781.46 2 0
github.com/yi-nology/git-sync-service/biz/model/sync_task/sync_task.go:4781.46,4783.3 1 0
github.com/yi-nology/git-sync-service/biz/model/sync_task/sync_task.go:4783.8,4785.3 1 0
github.com/yi-nology/git-sync-service/biz/model/sync_task/sync_task.go:4786.2,4787.12 2 0
github.com/yi-nology/git-sync-service/biz/model/sync_task/sync_task.go:4789.64,4792.46 2 0
github.com/yi-nology/git-sync-service/biz/model/sync_task/sync_task.go:4792.46,4794.3 1 0
github.com/yi-nology/git-sync-service/biz/model/sync_task/sync_task.go:4794.8,4796.3 1 0
github.com/yi-nology/git-sync-service/biz/model/sync_task/sync_task.go:4797.2,4798.12 2 0
github.com/yi-nology/git-sync-service/biz/model/sync_task/sync_task.go:4800.64,4803.46 2 0
github.com/yi-nology/git-sync-service/biz/model/sync_task/sync_task.go:4803.46,4805.3 1 0
github.com/yi-nology/git-sync-service/biz/model/sync_task/sync_task.go:4805.8,4807.3 1 0
github.com/yi-nology/git-sync-service/biz/model/sync_task/sync_task.go:4808.2,4809.12 2 0
github.com/yi-nology/git-sync-service/biz/model/sync_task/sync_task.go:4811.65,4814.46 2 0
github.com/yi-nology/git-sync-service/biz/model/sync_task/sync_task.go:4814.46,4816.3 1 0
github.com/yi-nology/git-sync-service/biz/model/sync_task/sync_task.go:4816.8,4818.3 1 0
github.com/yi-nology/git-sync-service/biz/model/sync_task/sync_task.go:4819.2,4820.12 2 0
github.com/yi-nology/git-sync-service/biz/model/sync_task/sync_task.go:4823.65,4825.61 2 0
github.com/yi-nology/git-sync-service/biz/model/sync_task/sync_task.go:4825.61,4826.29 1 0
github.com/yi-nology/git-sync-service/biz/model/sync_task/sync_task.go:4828.2,4828.14 1 0
github.com/yi-nology/git-sync-service/biz/model/sync_task/sync_task.go:4828.14,4829.45 1 0
github.com/yi-nology/git-sync-service/biz/model/sync_task/sync_task.go:4829.45,4831.24 2 0
github.com/yi-nology/git-sync-service/biz/model/sync_task/sync_task.go:4833.3,4833.45 1 0
github.com/yi-nology/git-sync-service/biz/model/sync_task/sync_task.go:4833.45,4835.24 2 0
github.com/yi-nology/git-sync-service/biz/model/sync_task/sync_task.go:4837.3,4837.45 1 0
github.com/yi-nology/git-sync-service/biz/model/sync_task/sync_task.go:4837.45,4839.24 2 0
github.com/yi-nology/git-sync-service/biz/model/sync_task/sync_task.go:4841.3,4841.45 1 0
github.com/yi-nology/git-sync-service/biz/model/sync_task/sync_task.go:4841.45,4843.24 2 0
github.com/yi-nology/git-sync-service/biz/model/sync_task/sync_task.go:4845.3,4845.45 1 0
github.com/yi-nology/git-sync-service/biz/model/sync_task/sync_task.go:4845.45,4847.24 2 0
github.com/yi-nology/git-sync-service/biz/model/sync_task/sync_task.go:4849.3,4849.45 1 0
github.com/yi-nology/git-sync-service/biz/model/sync_task/sync_task.go:4849.45,4851.24 2 0
github.com/yi-nology/git-sync-service/biz/model/sync_task/sync_task.go:4853.3,4853.45 1 0
github.com/yi-nology/git-sync-service/biz/model/sync_task/sync_task.go:4853.45,4855.24 2 0
github.com/yi-nology/git-sync-service/biz/model/sync_task/sync_task.go:4857.3,4857.45 1 0
github.com/yi-nology/git-sync-service/biz/model/sync_task/sync_task.go:4857.45,4859.24 2 0
github.com/yi-nology/git-sync-service/biz/model/sync_task/sync_task.go:4861.3,4861.45 1 0
github.com/yi-nology/git-sync-service/biz/model/sync_task/sync_task.go:4861.45,4863.24 2 0
github.com/yi-nology/git-sync-service/biz/model/sync_task/sync_task.go:4865.3,4865.46 1 0
github.com/yi-nology/git-sync-service/biz/model/sync_task/sync_task.go:4865.46,4867.24 2 0
github.com/yi-nology/git-sync-service/biz/model/sync_task/sync_task.go:4870.2,4870.46 1 0
github.com/yi-nology/git-sync-service/biz/model/sync_task/sync_task.go:4870.46,4871.27 1 0
github.com/yi-nology/git-sync-service/biz/model/sync_task/sync_task.go:4873.2,4873.46 1 0
github.com/yi-nology/git-sync-service/biz/model/sync_task/sync_task.go:4873.46,4874.27 1 0
github.com/yi-nology/git-sync-service/biz/model/sync_task/sync_task.go:4876.2,4877.1 2 0
github.com/yi-nology/git-sync-service/biz/model/sync_task/sync_task.go:4878.2,4879.1 2 0
github.com/yi-nology/git-sync-service/biz/model/sync_task/sync_task.go:4880.2,4881.1 2 0
github.com/yi-nology/git-sync-service/biz/model/sync_task/sync_task.go:4882.2,4883.1 2 0
github.com/yi-nology/git-sync-service/biz/model/sync_task/sync_task.go:4884.2,4884.80 1 0
github.com/yi-nology/git-sync-service/biz/model/sync_task/sync_task.go:4887.71,4888.66 1 0
github.com/yi-nology/git-sync-service/biz/model/sync_task/sync_task.go:4888.66,4889.28 1 0
github.com/yi-nology/git-sync-service/biz/model/sync_task/sync_task.go:4891.2,4891.45 1 0
github.com/yi-nology/git-sync-service/biz/model/sync_task/sync_task.go:4891.45,4893.3 1 0
github.com/yi-nology/git-sync-service/biz/model/sync_task/sync_task.go:4894.2,4894.45 1 0
github.com/yi-nology/git-sync-service/biz/model/sync_task/sync_task.go:4894.45,4895.26 1 0
github.com/yi-nology/git-sync-service/biz/model/sync_task/sync_task.go:4897.2,4898.1 2 0
github.com/yi-nology/git-sync-service/biz/model/sync_task/sync_task.go:4899.2,4900.1 2 0
github.com/yi-nology/git-sync-service/biz/model/sync_task/sync_task.go:4901.2,4901.81 1 0
github.com/yi-nology/git-sync-service/biz/model/sync_task/sync_task.go:4904.71,4905.75 1 0
github.com/yi-nology/git-sync-service/biz/model/sync_task/sync_task.go:4905.75,4906.28 1 0
github.com/yi-nology/git-sync-service/biz/model/sync_task/sync_task.go:4908.2,4908.53 1 0
github.com/yi-nology/git-sync-service/biz/model/sync_task/sync_task.go:4908.53,4910.3 1 0
github.com/yi-nology/git-sync-service/biz/model/sync_task/sync_task.go:4911.2,4911.45 1 0
github.com/yi-nology/git-sync-service/biz/model/sync_task/sync_task.go:4911.45,4912.26 1 0
github.com/yi-nology/git-sync-service/biz/model/sync_task/sync_task.go:4914.2,4915.1 2 0
github.com/yi-nology/git-sync-service/biz/model/sync_task/sync_task.go:4916.2,4917.1 2 0
github.com/yi-nology/git-sync-service/biz/model/sync_task/sync_task.go:4918.2,4918.81 1 0
github.com/yi-nology/git-sync-service/biz/model/sync_task/sync_task.go:4921.71,4922.81 1 0
github.com/yi-nology/git-sync-service/biz/model/sync_task/sync_task.go:4922.81,4923.28 1 0
github.com/yi-nology/git-sync-service/biz/model/sync_task/sync_task.go:4925.2,4925.59 1 0
github.com/yi-nology/git-sync-service/biz/model/sync_task/sync_task.go:4925.59,4927.3 1 0
github.com/yi-nology/git-sync-service/biz/model/sync_task/sync_task.go:4928.2,4928.45 1 0
github.com/yi-nology/git-sync-service/biz/model/sync_task/sync_task.go:4928.45,4929.26 1 0
github.com/yi-nology/git-sync-service/biz/model/sync_task/sync_task.go:4931.2,4932.1 2 0
github.com/yi-nology/git-sync-service/biz/model/sync_task/sync_task.go:4933.2,4934.1 2 0
github.com/yi-nology/git-sync-service/biz/model/sync_task/sync_task.go:4935.2,4935.81 1 0
github.com/yi-nology/git-sync-service/biz/model/sync_task/sync_task.go:4938.71,4939.73 1 0
github.com/yi-nology/git-sync-service/biz/model/sync_task/sync_task.go:4939.73,4940.28 1 0
github.com/yi-nology/git-sync-service/biz/model/sync_task/sync_task.go:4942.2,4942.52 1 0
github.com/yi-nology/git-sync-service/biz/model/sync_task/sync_task.go:4942.52,4944.3 1 0
github.com/yi-nology/git-sync-service/biz/model/sync_task/sync_task.go:4945.2,4945.45 1 0
github.com/yi-nology/git-sync-service/biz/model/sync_task/sync_task.go:4945.45,4946.26 1 0
github.com/yi-nology/git-sync-service/biz/model/sync_task/sync_task.go:4948.2,4949.1 2 0
github.com/yi-nology/git-sync-service/biz/model/sync_task/sync_task.go:4950.2,4951.1 2 0
github.com/yi-nology/git-sync-service/biz/model/sync_task/sync_task.go:4952.2,4952.81 1 0
github.com/yi-nology/git-sync-service/biz/model/sync_task/sync_task.go:4955.71,4956.77 1 0
github.com/yi-nology/git-sync-service/biz/model/sync_task/sync_task.go:4956.77,4957.28 1 0
github.com/yi-nology/git-sync-service/biz/model/sync_task/sync_task.go:4959.2,4959.55 1 0
github.com/yi-nology/git-sync-service/biz/model/sync_task/sync_task.go:4959.55,4961.3 1 0
github.com/yi-nology/git-sync-service/biz/model/sync_task/sync_task.go:4962.2,4962.45 1 0
github.com/yi-nology/git-sync-service/biz/model/sync_task/sync_task.go:4962.45,4963.26 1 0
github.com/yi-nology/git-sync-service/biz/model/sync_task/sync_task.go:4965.2,4966.1 2 0
github.com/yi-nology/git-sync-service/biz/model/sync_task/sync_task.go:4967.2,4968.1 2 0
github.com/yi-nology/git-sync-service/biz/model/sync_task/sync_task.go:4969.2,4969.81 1 0
github.com/yi-nology/git-sync-service/biz/model/sync_task/sync_task.go:4972.71,4973.75 1 0
github.com/yi-nology/git-sync-service/biz/model/sync_task/sync_task.go:4973.75,4974.28 1 0
github.com/yi-nology/git-sync-service/biz/model/sync_task/sync_task.go:4976.2,4976.53 1 0
github.com/yi-nology/git-sync-service/biz/model/sync_task/sync_task.go:4976.53,4978.3 1 0
github.com/yi-nology/git-sync-service/biz/model/sync_task/sync_task.go:4979.2,4979.45 1 0
github.com/yi-nology/git-sync-service/biz/model/sync_task/sync_task.go:4979.45,4980.26 1 0
github.com/yi-nology/git-sync-service/biz/model/sync_task/sync_task.go:4982.2,4983.1 2 0
github.com/yi-nology/git-sync-service/biz/model/sync_task/sync_task.go:4984.2,4985.1 2 0
github.com/yi-nology/git-sync-service/biz/model/sync_task/sync_task.go:4986.2,4986.81 1 0
github.com/yi-nology/git-sync-service/biz/model/sync_task/sync_task.go:4989.71,4990.79 1 0
github.com/yi-nology/git-sync-service/biz/model/sync_task/sync_task.go:4990.79,4991.28 1 0
github.com/yi-nology/git-sync-service/biz/model/sync_task/sync_task.go:4993.2,4993.57 1 0
github.com/yi-nology/git-sync-service/biz/model/sync_task/sync_task.go:4993.57,4995.3 1 0
github.com/yi-nology/git-sync-service/biz/model/sync_task/sync_task.go:4996.2,4996.45 1 0
github.com/yi-nology/git-sync-service/biz/model/sync_task/sync_task.go:4996.45,4997.26 1 0
github.com/yi-nology/git-sync-service/biz/model/sync_task/sync_task.go:4999.2,5000.1 2 0
github.com/yi-nology/git-sync-service/biz/model/sync_task/sync_task.go:5001.2,5002.1 2 0
github.com/yi-nology/git-sync-service/biz/model/sync_task/sync_task.go:5003.2,5003.81 1 0
github.com/yi-nology/git-sync-service/biz/model/sync_task/sync_task.go:5006.71,5007.74 1 0
github.com/yi-nology/git-sync-service/biz/model/sync_task/sync_task.go:5007.74,5008.28 1 0
github.com/yi-nology/git-sync-service/biz/model/sync_task/sync_task.go:5010.2,5010.53 1 0
github.com/yi-nology/git-sync-service/biz/model/sync_task/sync_task.go:5010.53,5012.3 1 0
github.com/yi-nology/git-sync-service/biz/model/sync_task/sync_task.go:5013.2,5013.45 1 0
github.com/yi-nology/git-sync-service/biz/model/sync_task/sync_task.go:5013.45,5014.26 1 0
github.com/yi-nology/git-sync-service/biz/model/sync_task/sync_task.go:5016.2,5017.1 2 0
github.com/yi-nology/git-sync-service/biz/model/sync_task/sync_task.go:5018.2,5019.1 2 0
github.com/yi-nology/git-sync-service/biz/model/sync_task/sync_task.go:5020.2,5020.81 1 0
github.com/yi-nology/git-sync-service/biz/model/sync_task/sync_task.go:5023.71,5024.80 1 0
github.com/yi-nology/git-sync-service/biz/model/sync_task/sync_task.go:5024.80,5025.28 1 0
github.com/yi-nology/git-sync-service/biz/model/sync_task/sync_task.go:5027.2,5027.58 1 0
github.com/yi-nology/git-sync-service/biz/model/sync_task/sync_task.go:5027.58,5029.3 1 0
github.com/yi-nology/git-sync-service/biz/model/sync_task/sync_task.go:5030.2,5030.45 1 0
github.com/yi-nology/git-sync-service/biz/model/sync_task/sync_task.go:5030.45,5031.26 1 0
github.com/yi-nology/git-sync-service/biz/model/sync_task/sync_task.go:5033.2,5034.1 2 0
github.com/yi-nology/git-sync-service/biz/model/sync_task/sync_task.go:5035.2,5036.1 2 0
github.com/yi-nology/git-sync-service/biz/model/sync_task/sync_task.go:5037.2,5037.81 1 0
github.com/yi-nology/git-sync-service/biz/model/sync_task/sync_task.go:5040.72,5041.78 1 0
github.com/yi-nology/git-sync-service/biz/model/sync_task/sync_task.go:5041.78,5042.28 1 0
github.com/yi-nology/git-sync-service/biz/model/sync_task/sync_task.go:5044.2,5044.55 1 0
github.com/yi-nology/git-sync-service/biz/model/sync_task/sync_task.go:5044.55,5046.3 1 0
github.com/yi-nology/git-sync-service/biz/model/sync_task/sync_task.go:5047.2,5047.45 1 0
github.com/yi-nology/git-sync-service/biz/model/sync_task/sync_task.go:5047.45,5048.26 1 0
github.com/yi-nology/git-sync-service/biz/model/sync_task/sync_task.go:5050.2,5051.1 2 0
github.com/yi-nology/git-sync-service/biz/model/sync_task/sync_task.go:5052.2,5053.1 2 0
github.com/yi-nology/git-sync-service/biz/model/sync_task/sync_task.go:5054.2,5054.82 1 0
github.com/yi-nology/git-sync-service/biz/model/sync_task/sync_task.go:5057.39,5058.14 1 0
github.com/yi-nology/git-sync-service/biz/model/sync_task/sync_task.go:5058.14,5060.3 1 0
github.com/yi-nology/git-sync-service/biz/model/sync_task/sync_task.go:5061.2,5061.44 1 0
github.com/yi-nology/git-sync-service/biz/model/sync_task/sync_task.go:5070.42,5072.2 1 0
github.com/yi-nology/git-sync-service/biz/model/sync_task/sync_task.go:5074.41,5075.2 0 0
github.com/yi-nology/git-sync-service/biz/model/sync_task/sync_task.go:5077.50,5079.2 1 0
github.com/yi-nology/git-sync-service/biz/model/sync_task/sync_task.go:5081.47,5083.2 1 0
github.com/yi-nology/git-sync-service/biz/model/sync_task/sync_task.go:5090.67,5095.50 3 0
github.com/yi-nology/git-sync-service/biz/model/sync_task/sync_task.go:5095.50,5096.28 1 0
github.com/yi-nology/git-sync-service/biz/model/sync_task/sync_task.go:5099.2,5099.6 1 0
github.com/yi-nology/git-sync-service/biz/model/sync_task/sync_task.go:5099.6,5101.17 2 0
github.com/yi-nology/git-sync-service/biz/model/sync_task/sync_task.go:5101.17,5102.28 1 0
github.com/yi-nology/git-sync-service/biz/model/sync_task/sync_task.go:5104.3,5104.33 1 0
github.com/yi-nology/git-sync-service/biz/model/sync_task/sync_task.go:5104.33,5105.9 1 0
github.com/yi-nology/git-sync-service/biz/model/sync_task/sync_task.go:5108.3,5108.18 1 0
github.com/yi-nology/git-sync-service/biz/model/sync_task/sync_task.go:5109.10,5110.36 1 0
github.com/yi-nology/git-sync-service/biz/model/sync_task/sync_task.go:5110.36,5111.46 1 0
github.com/yi-nology/git-sync-service/biz/model/sync_task/sync_task.go:5111.46,5112.25 1 0
github.com/yi-nology/git-sync-service/biz/model/sync_task/sync_task.go:5114.10,5114.56 1 0
github.com/yi-nology/git-sync-service/biz/model/sync_task/sync_task.go:5114.56,5115.24 1 0
github.com/yi-nology/git-sync-service/biz/model/sync_task/sync_task.go:5117.10,5118.33 1 0
github.com/yi-nology/git-sync-service/biz/model/sync_task/sync_task.go:5118.33,5119.46 1 0
github.com/yi-nology/git-sync-service/biz/model/sync_task/sync_task.go:5119.46,5120.25 1 0
github.com/yi-nology/git-sync-service/biz/model/sync_task/sync_task.go:5122.10,5122.56 1 0
github.com/yi-nology/git-sync-service/biz/model/sync_task/sync_task.go:5122.56,5123.24 1 0
github.com/yi-nology/git-sync-service/biz/model/sync_task/sync_task.go:5125.11,5126.49 1 0
github.com/yi-nology/git-sync-service/biz/model/sync_task/sync_task.go:5126.49,5127.24 1 0
github.com/yi-nology/git-sync-service/biz/model/sync_task/sync_task.go:5130.3,5130.45 1 0
github.com/yi-nology/git-sync-service/biz/model/sync_task/sync_task.go:5130.45,5131.26 1 0
github.com/yi-nology/git-sync-service/biz/model/sync_task/sync_task.go:5134.2,5134.45 1 0
github.com/yi-nology/git-sync-service/biz/model/sync_task/sync_task.go:5134.45,5135.26 1 0
github.com/yi-nology/git-sync-service/biz/model/sync_task/sync_task.go:5138.2,5139.1 2 0
github.com/yi-nology/git-sync-service/biz/model/sync_task/sync_task.go:5140.2,5141.1 2 0
github.com/yi-nology/git-sync-service/biz/model/sync_task/sync_task.go:5142.2,5143.1 2 0
github.com/yi-nology/git-sync-service/biz/model/sync_task/sync_task.go:5144.2,5145.1 2 0
github.com/yi-nology/git-sync-service/biz/model/sync_task/sync_task.go:5146.2,5148.1 2 0
github.com/yi-nology/git-sync-service/biz/model/sync_task/sync_task.go:5149.2,5150.1 2 0
github.com/yi-nology/git-sync-service/biz/model/sync_task/sync_task.go:5151.2,5151.79 1 0
github.com/yi-nology/git-sync-service/biz/model/sync_task/sync_task.go:5154.67,5157.46 2 0
github.com/yi-nology/git-sync-service/biz/model/sync_task/sync_task.go:5157.46,5159.3 1 0
github.com/yi-nology/git-sync-service/biz/model/sync_task/sync_task.go:5159.8,5161.3 1 0
github.com/yi-nology/git-sync-service/biz/model/sync_task/sync_task.go:5162.2,5163.12 2 0
github.com/yi-nology/git-sync-service/biz/model/sync_task/sync_task.go:5165.67,5168.43 2 0
github.com/yi-nology/git-sync-service/biz/model/sync_task/sync_task.go:5168.43,5170.3 1 0
github.com/yi-nology/git-sync-service/biz/model/sync_task/sync_task.go:5170.8,5172.3 1 0
github.com/yi-nology/git-sync-service/biz/model/sync_task/sync_task.go:5173.2,5174.12 2 0
github.com/yi-nology/git-sync-service/biz/model/sync_task/sync_task.go:5177.68,5179.64 2 0
github.com/yi-nology/git-sync-service/biz/model/sync_task/sync_task.go:5179.64,5180.29 1 0
github.com/yi-nology/git-sync-service/biz/model/sync_task/sync_task.go:5182.2,5182.14 1 0
github.com/yi-nology/git-sync-service/biz/model/sync_task/sync_task.go:5182.14,5183.45 1 0
github.com/yi-nology/git-sync-service/biz/model/sync_task/sync_task.go:5183.45,5185.24 2 0
github.com/yi-nology/git-sync-service/biz/model/sync_task/sync_task.go:5187.3,5187.45 1 0
github.com/yi-nology/git-sync-service/biz/model/sync_task/sync_task.go:5187.45,5189.24 2 0
github.com/yi-nology/git-sync-service/biz/model/sync_task/sync_task.go:5192.2,5192.46 1 0
github.com/yi-nology/git-sync-service/biz/model/sync_task/sync_task.go:5192.46,5193.27 1 0
github.com/yi-nology/git-sync-service/biz/model/sync_task/sync_task.go:5195.2,5195.46 1 0
github.com/yi-nology/git-sync-service/biz/model/sync_task/sync_task.go:5195.46,5196.27 1 0
github.com/yi-nology/git-sync-service/biz/model/sync_task/sync_task.go:5198.2,5199.1 2 0
github.com/yi-nology/git-sync-service/biz/model/sync_task/sync_task.go:5200.2,5201.1 2 0
github.com/yi-nology/git-sync-service/biz/model/sync_task/sync_task.go:5202.2,5203.1 2 0
github.com/yi-nology/git-sync-service/biz/model/sync_task/sync_task.go:5204.2,5205.1 2 0
github.com/yi-nology/git-sync-service/biz/model/sync_task/sync_task.go:5206.2,5206.80 1 0
github.com/yi-nology/git-sync-service/biz/model/sync_task/sync_task.go:5209.74,5210.75 1 0
github.com/yi-nology/git-sync-service/biz/model/sync_task/sync_task.go:5210.75,5211.28 1 0
github.com/yi-nology/git-sync-service/biz/model/sync_task/sync_task.go:5213.2,5213.53 1 0
github.com/yi-nology/git-sync-service/biz/model/sync_task/sync_task.go:5213.53,5215.3 1 0
github.com/yi-nology/git-sync-service/biz/model/sync_task/sync_task.go:5216.2,5216.45 1 0
github.com/yi-nology/git-sync-service/biz/model/sync_task/sync_task.go:5216.45,5217.26 1 0
github.com/yi-nology/git-sync-service/biz/model/sync_task/sync_task.go:5219.2,5220.1 2 0
github.com/yi-nology/git-sync-service/biz/model/sync_task/sync_task.go:5221.2,5222.1 2 0
github.com/yi-nology/git-sync-service/biz/model/sync_task/sync_task.go:5223.2,5223.81 1 0
github.com/yi-nology/git-sync-service/biz/model/sync_task/sync_task.go:5226.74,5227.69 1 0
github.com/yi-nology/git-sync-service/biz/model/sync_task/sync_task.go:5227.69,5228.28 1 0
github.com/yi-nology/git-sync-service/biz/model/sync_task/sync_task.go:5230.2,5230.48 1 0
github.com/yi-nology/git-sync-service/biz/model/sync_task/sync_task.go:5230.48,5232.3 1 0
github.com/yi-nology/git-sync-service/biz/model/sync_task/sync_task.go:5233.2,5233.45 1 0
github.com/yi-nology/git-sync-service/biz/model/sync_task/sync_task.go:5233.45,5234.26 1 0
github.com/yi-nology/git-sync-service/biz/model/sync_task/sync_task.go:5236.2,5237.1 2 0
github.com/yi-nology/git-sync-service/biz/model/sync_task/sync_task.go:5238.2,5239.1 2 0
github.com/yi-nology/git-sync-service/biz/model/sync_task/sync_task.go:5240.2,5240.81 1 0
github.com/yi-nology/git-sync-service/biz/model/sync_task/sync_task.go:5243.42,5244.14 1 0
github.com/yi-nology/git-sync-service/biz/model/sync_task/sync_task.go:5244.14,5246.3 1 0
github.com/yi-nology/git-sync-service/biz/model/sync_task/sync_task.go:5247.2,5247.47 1 0
github.com/yi-nology/git-sync-service/biz/model/sync_task/sync_task.go:5255.44,5257.2 1 0
github.com/yi-nology/git-sync-service/biz/model/sync_task/sync_task.go:5259.42,5260.2 0 0
github.com/yi-nology/git-sync-service/biz/model/sync_task/sync_task.go:5262.56,5264.2 1 0
github.com/yi-nology/git-sync-service/biz/model/sync_task/sync_task.go:5270.68,5275.50 3 0
github.com/yi-nology/git-sync-service/biz/model/sync_task/sync_task.go:5275.50,5276.28 1 0
github.com/yi-nology/git-sync-service/biz/model/sync_task/sync_task.go:5279.2,5279.6 1 0
github.com/yi-nology/git-sync-service/biz/model/sync_task/sync_task.go:5279.6,5281.17 2 0
github.com/yi-nology/git-sync-service/biz/model/sync_task/sync_task.go:5281.17,5282.28 1 0
github.com/yi-nology/git-sync-service/biz/model/sync_task/sync_task.go:5284.3,5284.33 1 0
github.com/yi-nology/git-sync-service/biz/model/sync_task/sync_task.go:5284.33,5285.9 1 0
github.com/yi-nology/git-sync-service/biz/model/sync_task/sync_task.go:5288.3,5288.18 1 0
github.com/yi-nology/git-sync-service/biz/model/sync_task/sync_task.go:5289.10,5290.34 1 0
github.com/yi-nology/git-sync-service/biz/model/sync_task/sync_task.go:5290.34,5291.46 1 0
github.com/yi-nology/git-sync-service/biz/model/sync_task/sync_task.go:5291.46,5292.25 1 0
github.com/yi-nology/git-sync-service/biz/model/sync_task/sync_task.go:5294.10,5294.56 1 0
github.com/yi-nology/git-sync-service/biz/model/sync_task/sync_task.go:5294.56,5295.24 1 0
github.com/yi-nology/git-sync-service/biz/model/sync_task/sync_task.go:5297.11,5298.49 1 0
github.com/yi-nology/git-sync-service/biz/model/sync_task/sync_task.go:5298.49,5299.24 1 0
github.com/yi-nology/git-sync-service/biz/model/sync_task/sync_task.go:5302.3,5302.45 1 0
github.com/yi-nology/git-sync-service/biz/model/sync_task/sync_task.go:5302.45,5303.26 1 0
github.com/yi-nology/git-sync-service/biz/model/sync_task/sync_task.go:5306.2,5306.45 1 0
github.com/yi-nology/git-sync-service/biz/model/sync_task/sync_task.go:5306.45,5307.26 1 0
github.com/yi-nology/git-sync-service/biz/model/sync_task/sync_task.go:5310.2,5311.1 2 0
github.com/yi-nology/git-sync-service/biz/model/sync_task/sync_task.go:5312.2,5313.1 2 0
github.com/yi-nology/git-sync-service/biz/model/sync_task/sync_task.go:5314.2,5315.1 2 0
github.com/yi-nology/git-sync-service/biz/model/sync_task/sync_task.go:5316.2,5317.1 2 0
github.com/yi-nology/git-sync-service/biz/model/sync_task/sync_task.go:5318.2,5320.1 2 0
github.com/yi-nology/git-sync-service/biz/model/sync_task/sync_task.go:5321.2,5322.1 2 0
github.com/yi-nology/git-sync-service/biz/model/sync_task/sync_task.go:5323.2,5323.79 1 0
github.com/yi-nology/git-sync-service/biz/model/sync_task/sync_task.go:5326.68,5328.16 2 0
github.com/yi-nology/git-sync-service/biz/model/sync_task/sync_task.go:5328.16,5330.3 1 0
github.com/yi-nology/git-sync-service/biz/model/sync_task/sync_task.go:5331.2,5333.28 3 0
github.com/yi-nology/git-sync-service/biz/model/sync_task/sync_task.go:5333.28,5337.43 3 0
github.com/yi-nology/git-sync-service/biz/model/sync_task/sync_task.go:5337.43,5339.4 1 0
github.com/yi-nology/git-sync-service/biz/model/sync_task/sync_task.go:5341.3,5341.33 1 0
github.com/yi-nology/git-sync-service/biz/model/sync_task/sync_task.go:5343.2,5343.44 1 0
github.com/yi-nology/git-sync-service/biz/model/sync_task/sync_task.go:5343.44,5345.3 1 0
github.com/yi-nology/git-sync-service/biz/model/sync_task/sync_task.go:5346.2,5347.12 2 0
github.com/yi-nology/git-sync-service/biz/model/sync_task/sync_task.go:5350.69,5352.65 2 0
github.com/yi-nology/git-sync-service/biz/model/sync_task/sync_task.go:5352.65,5353.29 1 0
github.com/yi-nology/git-sync-service/biz/model/sync_task/sync_task.go:5355.2,5355.14 1 0
github.com/yi-nology/git-sync-service/biz/model/sync_task/sync_task.go:5355.14,5356.45 1 0
github.com/yi-nology/git-sync-service/biz/model/sync_task/sync_task.go:5356.45,5358.24 2 0
github.com/yi-nology/git-sync-service/biz/model/sync_task/sync_task.go:5361.2,5361.46 1 0
github.com/yi-nology/git-sync-service/biz/model/sync_task/sync_task.go:5361.46,5362.27 1 0
github.com/yi-nology/git-sync-service/biz/model/sync_task/sync_task.go:5364.2,5364.46 1 0
github.com/yi-nology/git-sync-service/biz/model/sync_task/sync_task.go:5364.46,5365.27 1 0
github.com/yi-nology/git-sync-service/biz/model/sync_task/sync_task.go:5367.2,5368.1 2 0
github.com/yi-nology/git-sync-service/biz/model/sync_task/sync_task.go:5369.2,5370.1 2 0
github.com/yi-nology/git-sync-service/biz/model/sync_task/sync_task.go:5371.2,5372.1 2 0
github.com/yi-nology/git-sync-service/biz/model/sync_task/sync_task.go:5373.2,5374.1 2 0
github.com/yi-nology/git-sync-service/biz/model/sync_task/sync_task.go:5375.2,5375.80 1 0
github.com/yi-nology/git-sync-service/biz/model/sync_task/sync_task.go:5378.75,5379.69 1 0
github.com/yi-nology/git-sync-service/biz/model/sync_task/sync_task.go:5379.69,5380.28 1 0
github.com/yi-nology/git-sync-service/biz/model/sync_task/sync_task.go:5382.2,5382.73 1 0
github.com/yi-nology/git-sync-service/biz/model/sync_task/sync_task.go:5382.73,5384.3 1 0
github.com/yi-nology/git-sync-service/biz/model/sync_task/sync_task.go:5385.2,5385.27 1 0
github.com/yi-nology/git-sync-service/biz/model/sync_task/sync_task.go:5385.27,5386.40 1 0
github.com/yi-nology/git-sync-service/biz/model/sync_task/sync_task.go:5386.40,5388.4 1 0
github.com/yi-nology/git-sync-service/biz/model/sync_task/sync_task.go:5390.2,5390.45 1 0
github.com/yi-nology/git-sync-service/biz/model/sync_task/sync_task.go:5390.45,5392.3 1 0
github.com/yi-nology/git-sync-service/biz/model/sync_task/sync_task.go:5393.2,5393.45 1 0
github.com/yi-nology/git-sync-service/biz/model/sync_task/sync_task.go:5393.45,5394.26 1 0
github.com/yi-nology/git-sync-service/biz/model/sync_task/sync_task.go:5396.2,5397.1 2 0
github.com/yi-nology/git-sync-service/biz/model/sync_task/sync_task.go:5398.2,5399.1 2 0
github.com/yi-nology/git-sync-service/biz/model/sync_task/sync_task.go:5400.2,5400.81 1 0
github.com/yi-nology/git-sync-service/biz/model/sync_task/sync_task.go:5403.43,5404.14 1 0
github.com/yi-nology/git-sync-service/biz/model/sync_task/sync_task.go:5404.14,5406.3 1 0
github.com/yi-nology/git-sync-service/biz/model/sync_task/sync_task.go:5407.2,5407.48 1 0
github.com/yi-nology/git-sync-service/biz/model/git_sync/git_sync.go:34.101,38.2 1 0
github.com/yi-nology/git-sync-service/biz/model/git_sync/git_sync.go:40.123,44.2 1 0
github.com/yi-nology/git-sync-service/biz/model/git_sync/git_sync.go:46.64,50.2 1 0
github.com/yi-nology/git-sync-service/biz/model/git_sync/git_sync.go:52.54,54.2 1 0
github.com/yi-nology/git-sync-service/biz/model/git_sync/git_sync.go:56.119,60.76 4 0
github.com/yi-nology/git-sync-service/biz/model/git_sync/git_sync.go:60.76,62.3 1 0
github.com/yi-nology/git-sync-service/biz/model/git_sync/git_sync.go:63.2,63.34 1 0
github.com/yi-nology/git-sync-service/biz/model/git_sync/git_sync.go:65.113,69.74 4 0
github.com/yi-nology/git-sync-service/biz/model/git_sync/git_sync.go:69.74,71.3 1 0
github.com/yi-nology/git-sync-service/biz/model/git_sync/git_sync.go:72.2,72.34 1 0
github.com/yi-nology/git-sync-service/biz/model/git_sync/git_sync.go:74.122,78.77 4 0
github.com/yi-nology/git-sync-service/biz/model/git_sync/git_sync.go:78.77,80.3 1 0
github.com/yi-nology/git-sync-service/biz/model/git_sync/git_sync.go:81.2,81.34 1 0
github.com/yi-nology/git-sync-service/biz/model/git_sync/git_sync.go:83.122,87.77 4 0
github.com/yi-nology/git-sync-service/biz/model/git_sync/git_sync.go:87.77,89.3 1 0
github.com/yi-nology/git-sync-service/biz/model/git_sync/git_sync.go:90.2,90.34 1 0
github.com/yi-nology/git-sync-service/biz/model/git_sync/git_sync.go:92.122,96.77 4 0
github.com/yi-nology/git-sync-service/biz/model/git_sync/git_sync.go:96.77,98.3 1 0
github.com/yi-nology/git-sync-service/biz/model/git_sync/git_sync.go:99.2,99.34 1 0
github.com/yi-nology/git-sync-service/biz/model/git_sync/git_sync.go:101.134,105.81 4 0
github.com/yi-nology/git-sync-service/biz/model/git_sync/git_sync.go:105.81,107.3 1 0
github.com/yi-nology/git-sync-service/biz/model/git_sync/git_sync.go:108.2,108.34 1 0
github.com/yi-nology/git-sync-service/biz/model/git_sync/git_sync.go:110.128,114.79 4 0
github.com/yi-nology/git-sync-service/biz/model/git_sync/git_sync.go:114.79,116.3 1 0
github.com/yi-nology/git-sync-service/biz/model/git_sync/git_sync.go:117.2,117.34 1 0
github.com/yi-nology/git-sync-service/biz/model/git_sync/git_sync.go:142.109,146.2 1 0
github.com/yi-nology/git-sync-service/biz/model/git_sync/git_sync.go:148.131,152.2 1 0
github.com/yi-nology/git-sync-service/biz/model/git_sync/git_sync.go:154.72,158.2 1 0
github.com/yi-nology/git-sync-service/biz/model/git_sync/git_sync.go:160.58,162.2 1 0
github.com/yi-nology/git-sync-service/biz/model/git_sync/git_sync.go:164.133,168.76 4 0
github.com/yi-nology/git-sync-service/biz/model/git_sync/git_sync.go:168.76,170.3 1 0
github.com/yi-nology/git-sync-service/biz/model/git_sync/git_sync.go:171.2,171.34 1 0
github.com/yi-nology/git-sync-service/biz/model/git_sync/git_sync.go:173.127,177.74 4 0
github.com/yi-nology/git-sync-service/biz/model/git_sync/git_sync.go:177.74,179.3 1 0
github.com/yi-nology/git-sync-service/biz/model/git_sync/git_sync.go:180.2,180.34 1 0
github.com/yi-nology/git-sync-service/biz/model/git_sync/git_sync.go:182.136,186.77 4 0
github.com/yi-nology/git-sync-service/biz/model/git_sync/git_sync.go:186.77,188.3 1 0
github.com/yi-nology/git-sync-service/biz/model/git_sync/git_sync.go:189.2,189.34 1 0
github.com/yi-nology/git-sync-service/biz/model/git_sync/git_sync.go:191.136,195.77 4 0
github.com/yi-nology/git-sync-service/biz/model/git_sync/git_sync.go:195.77,197.3 1 0
github.com/yi-nology/git-sync-service/biz/model/git_sync/git_sync.go:198.2,198.34 1 0
github.com/yi-nology/git-sync-service/biz/model/git_sync/git_sync.go:200.136,204.77 4 0
github.com/yi-nology/git-sync-service/biz/model/git_sync/git_sync.go:204.77,206.3 1 0
github.com/yi-nology/git-sync-service/biz/model/git_sync/git_sync.go:207.2,207.34 1 0
github.com/yi-nology/git-sync-service/biz/model/git_sync/git_sync.go:209.127,213.74 4 0
github.com/yi-nology/git-sync-service/biz/model/git_sync/git_sync.go:213.74,215.3 1 0
github.com/yi-nology/git-sync-service/biz/model/git_sync/git_sync.go:216.2,216.34 1 0
github.com/yi-nology/git-sync-service/biz/model/git_sync/git_sync.go:218.139,222.78 4 0
github.com/yi-nology/git-sync-service/biz/model/git_sync/git_sync.go:222.78,224.3 1 0
github.com/yi-nology/git-sync-service/biz/model/git_sync/git_sync.go:225.2,225.34 1 0
github.com/yi-nology/git-sync-service/biz/model/git_sync/git_sync.go:227.139,231.78 4 0
github.com/yi-nology/git-sync-service/biz/model/git_sync/git_sync.go:231.78,233.3 1 0
github.com/yi-nology/git-sync-service/biz/model/git_sync/git_sync.go:234.2,234.34 1 0
github.com/yi-nology/git-sync-service/biz/model/git_sync/git_sync.go:257.107,261.2 1 0
github.com/yi-nology/git-sync-service/biz/model/git_sync/git_sync.go:263.129,267.2 1 0
github.com/yi-nology/git-sync-service/biz/model/git_sync/git_sync.go:269.70,273.2 1 0
github.com/yi-nology/git-sync-service/biz/model/git_sync/git_sync.go:275.57,277.2 1 0
github.com/yi-nology/git-sync-service/biz/model/git_sync/git_sync.go:279.128,283.76 4 0
github.com/yi-nology/git-sync-service/biz/model/git_sync/git_sync.go:283.76,285.3 1 0
github.com/yi-nology/git-sync-service/biz/model/git_sync/git_sync.go:286.2,286.34 1 0
github.com/yi-nology/git-sync-service/biz/model/git_sync/git_sync.go:288.122,292.74 4 0
github.com/yi-nology/git-sync-service/biz/model/git_sync/git_sync.go:292.74,294.3 1 0
github.com/yi-nology/git-sync-service/biz/model/git_sync/git_sync.go:295.2,295.34 1 0
github.com/yi-nology/git-sync-service/biz/model/git_sync/git_sync.go:297.131,301.77 4 0
github.com/yi-nology/git-sync-service/biz/model/git_sync/git_sync.go:301.77,303.3 1 0
github.com/yi-nology/git-sync-service/biz/model/git_sync/git_sync.go:304.2,304.34 1 0
github.com/yi-nology/git-sync-service/biz/model/git_sync/git_sync.go:306.131,310.77 4 0
github.com/yi-nology/git-sync-service/biz/model/git_sync/git_sync.go:310.77,312.3 1 0
github.com/yi-nology/git-sync-service/biz/model/git_sync/git_sync.go:313.2,313.34 1 0
github.com/yi-nology/git-sync-service/biz/model/git_sync/git_sync.go:315.131,319.77 4 0
github.com/yi-nology/git-sync-service/biz/model/git_sync/git_sync.go:319.77,321.3 1 0
github.com/yi-nology/git-sync-service/biz/model/git_sync/git_sync.go:322.2,322.34 1 0
github.com/yi-nology/git-sync-service/biz/model/git_sync/git_sync.go:324.131,328.77 4 0
github.com/yi-nology/git-sync-service/biz/model/git_sync/git_sync.go:328.77,330.3 1 0
github.com/yi-nology/git-sync-service/biz/model/git_sync/git_sync.go:331.2,331.34 1 0
github.com/yi-nology/git-sync-service/biz/model/git_sync/git_sync.go:333.131,337.77 4 0
github.com/yi-nology/git-sync-service/biz/model/git_sync/git_sync.go:337.77,339.3 1 0
github.com/yi-nology/git-sync-service/biz/model/git_sync/git_sync.go:340.2,340.34 1 0
github.com/yi-nology/git-sync-service/biz/model/git_sync/git_sync.go:348.99,350.2 1 0
github.com/yi-nology/git-sync-service/biz/model/git_sync/git_sync.go:352.112,355.2 2 0
github.com/yi-nology/git-sync-service/biz/model/git_sync/git_sync.go:357.84,359.2 1 0
github.com/yi-nology/git-sync-service/biz/model/git_sync/git_sync.go:361.73,371.2 9 0
github.com/yi-nology/git-sync-service/biz/model/git_sync/git_sync.go:372.130,374.16 2 0
github.com/yi-nology/git-sync-service/biz/model/git_sync/git_sync.go:374.16,376.3 1 0
github.com/yi-nology/git-sync-service/biz/model/git_sync/git_sync.go:377.2,377.55 1 0
github.com/yi-nology/git-sync-service/biz/model/git_sync/git_sync.go:377.55,379.3 1 0
github.com/yi-nology/git-sync-service/biz/model/git_sync/git_sync.go:380.2,387.17 8 0
github.com/yi-nology/git-sync-service/biz/model/git_sync/git_sync.go:394.152,396.40 2 0
github.com/yi-nology/git-sync-service/biz/model/git_sync/git_sync.go:396.40,404.3 7 0
github.com/yi-nology/git-sync-service/biz/model/git_sync/git_sync.go:406.2,410.68 5 0
github.com/yi-nology/git-sync-service/biz/model/git_sync/git_sync.go:410.68,417.3 6 0
github.com/yi-nology/git-sync-service/biz/model/git_sync/git_sync.go:417.8,419.3 1 0
github.com/yi-nology/git-sync-service/biz/model/git_sync/git_sync.go:420.2,420.83 1 0
github.com/yi-nology/git-sync-service/biz/model/git_sync/git_sync.go:420.83,422.3 1 0
github.com/yi-nology/git-sync-service/biz/model/git_sync/git_sync.go:423.2,423.59 1 0
github.com/yi-nology/git-sync-service/biz/model/git_sync/git_sync.go:423.59,425.3 1 0
github.com/yi-nology/git-sync-service/biz/model/git_sync/git_sync.go:426.2,426.63 1 0
github.com/yi-nology/git-sync-service/biz/model/git_sync/git_sync.go:426.63,428.3 1 0
github.com/yi-nology/git-sync-service/biz/model/git_sync/git_sync.go:429.2,429.56 1 0
github.com/yi-nology/git-sync-service/biz/model/git_sync/git_sync.go:429.56,431.3 1 0
github.com/yi-nology/git-sync-service/biz/model/git_sync/git_sync.go:432.2,432.16 1 0
github.com/yi-nology/git-sync-service/biz/model/git_sync/git_sync.go:432.16,434.3 1 0
github.com/yi-nology/git-sync-service/biz/model/git_sync/git_sync.go:435.2,435.18 1 0
github.com/yi-nology/git-sync-service/biz/model/git_sync/git_sync.go:442.150,444.40 2 0
github.com/yi-nology/git-sync-service/biz/model/git_sync/git_sync.go:444.40,452.3 7 0
github.com/yi-nology/git-sync-service/biz/model/git_sync/git_sync.go:454.2,458.66 5 0
github.com/yi-nology/git-sync-service/biz/model/git_sync/git_sync.go:458.66,465.3 6 0
github.com/yi-nology/git-sync-service/biz/model/git_sync/git_sync.go:465.8,467.3 1 0
github.com/yi-nology/git-sync-service/biz/model/git_sync/git_sync.go:468.2,468.81 1 0
github.com/yi-nology/git-sync-service/biz/model/git_sync/git_sync.go:468.81,470.3 1 0
github.com/yi-nology/git-sync-service/biz/model/git_sync/git_sync.go:471.2,471.59 1 0
github.com/yi-nology/git-sync-service/biz/model/git_sync/git_sync.go:471.59,473.3 1 0
github.com/yi-nology/git-sync-service/biz/model/git_sync/git_sync.go:474.2,474.63 1 0
github.com/yi-nology/git-sync-service/biz/model/git_sync/git_sync.go:474.63,476.3 1 0
github.com/yi-nology/git-sync-service/biz/model/git_sync/git_sync.go:477.2,477.56 1 0
github.com/yi-nology/git-sync-service/biz/model/git_sync/git_sync.go:477.56,479.3 1 0
github.com/yi-nology/git-sync-service/biz/model/git_sync/git_sync.go:480.2,480.16 1 0
github.com/yi-nology/git-sync-service/biz/model/git_sync/git_sync.go:480.16,482.3 1 0
github.com/yi-nology/git-sync-service/biz/model/git_sync/git_sync.go:483.2,483.18 1 0
github.com/yi-nology/git-sync-service/biz/model/git_sync/git_sync.go:490.153,492.40 2 0
github.com/yi-nology/git-sync-service/biz/model/git_sync/git_sync.go:492.40,500.3 7 0
github.com/yi-nology/git-sync-service/biz/model/git_sync/git_sync.go:502.2,506.69 5 0
github.com/yi-nology/git-sync-service/biz/model/git_sync/git_sync.go:506.69,513.3 6 0
github.com/yi-nology/git-sync-service/biz/model/git_sync/git_sync.go:513.8,515.3 1 0
github.com/yi-nology/git-sync-service/biz/model/git_sync/git_sync.go:516.2,516.84 1 0
github.com/yi-nology/git-sync-service/biz/model/git_sync/git_sync.go:516.84,518.3 1 0
github.com/yi-nology/git-sync-service/biz/model/git_sync/git_sync.go:519.2,519.59 1 0
github.com/yi-nology/git-sync-service/biz/model/git_sync/git_sync.go:519.59,521.3 1 0
github.com/yi-nology/git-sync-service/biz/model/git_sync/git_sync.go:522.2,522.63 1 0
github.com/yi-nology/git-sync-service/biz/model/git_sync/git_sync.go:522.63,524.3 1 0
github.com/yi-nology/git-sync-service/biz/model/git_sync/git_sync.go:525.2,525.56 1 0
github.com/yi-nology/git-sync-service/biz/model/git_sync/git_sync.go:525.56,527.3 1 0
github.com/yi-nology/git-sync-service/biz/model/git_sync/git_sync.go:528.2,528.16 1 0
github.com/yi-nology/git-sync-service/biz/model/git_sync/git_sync.go:528.16,530.3 1 0
github.com/yi-nology/git-sync-service/biz/model/git_sync/git_sync.go:531.2,531.18 1 0
github.com/yi-nology/git-sync-service/biz/model/git_sync/git_sync.go:538.153,540.40 2 0
github.com/yi-nology/git-sync-service/biz/model/git_sync/git_sync.go:540.40,548.3 7 0
github.com/yi-nology/git-sync-service/biz/model/git_sync/git_sync.go:550.2,554.69 5 0
github.com/yi-nology/git-sync-service/biz/model/git_sync/git_sync.go:554.69,561.3 6 0
github.com/yi-nology/git-sync-service/biz/model/git_sync/git_sync.go:561.8,563.3 1 0
github.com/yi-nology/git-sync-service/biz/model/git_sync/git_sync.go:564.2,564.84 1 0
github.com/yi-nology/git-sync-service/biz/model/git_sync/git_sync.go:564.84,566.3 1 0
github.com/yi-nology/git-sync-service/biz/model/git_sync/git_sync.go:567.2,567.59 1 0
github.com/yi-nology/git-sync-service/biz/model/git_sync/git_sync.go:567.59,569.3 1 0
github.com/yi-nology/git-sync-service/biz/model/git_sync/git_sync.go:570.2,570.63 1 0
github.com/yi-nology/git-sync-service/biz/model/git_sync/git_sync.go:570.63,572.3 1 0
github.com/yi-nology/git-sync-service/biz/model/git_sync/git_sync.go:573.2,573.56 1 0
github.com/yi-nology/git-sync-service/biz/model/git_sync/git_sync.go:573.56,575.3 1 0
github.com/yi-nology/git-sync-service/biz/model/git_sync/git_sync.go:576.2,576.16 1 0
github.com/yi-nology/git-sync-service/biz/model/git_sync/git_sync.go:576.16,578.3 1 0
github.com/yi-nology/git-sync-service/biz/model/git_sync/git_sync.go:579.2,579.18 1 0
github.com/yi-nology/git-sync-service/biz/model/git_sync/git_sync.go:586.153,588.40 2 0
github.com/yi-nology/git-sync-service/biz/model/git_sync/git_sync.go:588.40,596.3 7 0
github.com/yi-nology/git-sync-service/biz/model/git_sync/git_sync.go:598.2,602.69 5 0
github.com/yi-nology/git-sync-service/biz/model/git_sync/git_sync.go:602.69,609.3 6 0
github.com/yi-nology/git-sync-service/biz/model/git_sync/git_sync.go:609.8,611.3 1 0
github.com/yi-nology/git-sync-service/biz/model/git_sync/git_sync.go:612.2,612.84 1 0
github.com/yi-nology/git-sync-service/biz/model/git_sync/git_sync.go:612.84,614.3 1 0
github.com/yi-nology/git-sync-service/biz/model/git_sync/git_sync.go:615.2,615.59 1 0
github.com/yi-nology/git-sync-service/biz/model/git_sync/git_sync.go:615.59,617.3 1 0
github.com/yi-nology/git-sync-service/biz/model/git_sync/git_sync.go:618.2,618.63 1 0
github.com/yi-nology/git-sync-service/biz/model/git_sync/git_sync.go:618.63,620.3 1 0
github.com/yi-nology/git-sync-service/biz/model/git_sync/git_sync.go:621.2,621.56 1 0
github.com/yi-nology/git-sync-service/biz/model/git_sync/git_sync.go:621.56,623.3 1 0
github.com/yi-nology/git-sync-service/biz/model/git_sync/git_sync.go:624.2,624.16 1 0
github.com/yi-nology/git-sync-service/biz/model/git_sync/git_sync.go:624.16,626.3 1 0
github.com/yi-nology/git-sync-service/biz/model/git_sync/git_sync.go:627.2,627.18 1 0
github.com/yi-nology/git-sync-service/biz/model/git_sync/git_sync.go:634.157,636.40 2 0
github.com/yi-nology/git-sync-service/biz/model/git_sync/git_sync.go:636.40,644.3 7 0
github.com/yi-nology/git-sync-service/biz/model/git_sync/git_sync.go:646.2,650.73 5 0
github.com/yi-nology/git-sync-service/biz/model/git_sync/git_sync.go:650.73,657.3 6 0
github.com/yi-nology/git-sync-service/biz/model/git_sync/git_sync.go:657.8,659.3 1 0
github.com/yi-nology/git-sync-service/biz/model/git_sync/git_sync.go:660.2,660.88 1 0
github.com/yi-nology/git-sync-service/biz/model/git_sync/git_sync.go:660.88,662.3 1 0
github.com/yi-nology/git-sync-service/biz/model/git_sync/git_sync.go:663.2,663.59 1 0
github.com/yi-nology/git-sync-service/biz/model/git_sync/git_sync.go:663.59,665.3 1 0
github.com/yi-nology/git-sync-service/biz/model/git_sync/git_sync.go:666.2,666.63 1 0
github.com/yi-nology/git-sync-service/biz/model/git_sync/git_sync.go:666.63,668.3 1 0
github.com/yi-nology/git-sync-service/biz/model/git_sync/git_sync.go:669.2,669.56 1 0
github.com/yi-nology/git-sync-service/biz/model/git_sync/git_sync.go:669.56,671.3 1 0
github.com/yi-nology/git-sync-service/biz/model/git_sync/git_sync.go:672.2,672.16 1 0
github.com/yi-nology/git-sync-service/biz/model/git_sync/git_sync.go:672.16,674.3 1 0
github.com/yi-nology/git-sync-service/biz/model/git_sync/git_sync.go:675.2,675.18 1 0
github.com/yi-nology/git-sync-service/biz/model/git_sync/git_sync.go:682.155,684.40 2 0
github.com/yi-nology/git-sync-service/biz/model/git_sync/git_sync.go:684.40,692.3 7 0
github.com/yi-nology/git-sync-service/biz/model/git_sync/git_sync.go:694.2,698.71 5 0
github.com/yi-nology/git-sync-service/biz/model/git_sync/git_sync.go:698.71,705.3 6 0
github.com/yi-nology/git-sync-service/biz/model/git_sync/git_sync.go:705.8,707.3 1 0
github.com/yi-nology/git-sync-service/biz/model/git_sync/git_sync.go:708.2,708.86 1 0
github.com/yi-nology/git-sync-service/biz/model/git_sync/git_sync.go:708.86,710.3 1 0
github.com/yi-nology/git-sync-service/biz/model/git_sync/git_sync.go:711.2,711.59 1 0
github.com/yi-nology/git-sync-service/biz/model/git_sync/git_sync.go:711.59,713.3 1 0
github.com/yi-nology/git-sync-service/biz/model/git_sync/git_sync.go:714.2,714.63 1 0
github.com/yi-nology/git-sync-service/biz/model/git_sync/git_sync.go:714.63,716.3 1 0
github.com/yi-nology/git-sync-service/biz/model/git_sync/git_sync.go:717.2,717.56 1 0
github.com/yi-nology/git-sync-service/biz/model/git_sync/git_sync.go:717.56,719.3 1 0
github.com/yi-nology/git-sync-service/biz/model/git_sync/git_sync.go:720.2,720.16 1 0
github.com/yi-nology/git-sync-service/biz/model/git_sync/git_sync.go:720.16,722.3 1 0
github.com/yi-nology/git-sync-service/biz/model/git_sync/git_sync.go:723.2,723.18 1 0
github.com/yi-nology/git-sync-service/biz/model/git_sync/git_sync.go:730.62,732.2 1 0
github.com/yi-nology/git-sync-service/biz/model/git_sync/git_sync.go:734.51,735.2 0 0
github.com/yi-nology/git-sync-service/biz/model/git_sync/git_sync.go:739.68,740.19 1 0
github.com/yi-nology/git-sync-service/biz/model/git_sync/git_sync.go:740.19,742.3 1 0
github.com/yi-nology/git-sync-service/biz/model/git_sync/git_sync.go:743.2,743.14 1 0
github.com/yi-nology/git-sync-service/biz/model/git_sync/git_sync.go:750.52,752.2 1 0
github.com/yi-nology/git-sync-service/biz/model/git_sync/git_sync.go:754.77,759.50 3 0
github.com/yi-nology/git-sync-service/biz/model/git_sync/git_sync.go:759.50,760.28 1 0
github.com/yi-nology/git-sync-service/biz/model/git_sync/git_sync.go:763.2,763.6 1 0
github.com/yi-nology/git-sync-service/biz/model/git_sync/git_sync.go:763.6,765.17 2 0
github.com/yi-nology/git-sync-service/biz/model/git_sync/git_sync.go:765.17,766.28 1 0
github.com/yi-nology/git-sync-service/biz/model/git_sync/git_sync.go:768.3,768.33 1 0
github.com/yi-nology/git-sync-service/biz/model/git_sync/git_sync.go:768.33,769.9 1 0
github.com/yi-nology/git-sync-service/biz/model/git_sync/git_sync.go:772.3,772.18 1 0
github.com/yi-nology/git-sync-service/biz/model/git_sync/git_sync.go:773.10,774.36 1 0
github.com/yi-nology/git-sync-service/biz/model/git_sync/git_sync.go:774.36,775.46 1 0
github.com/yi-nology/git-sync-service/biz/model/git_sync/git_sync.go:775.46,776.25 1 0
github.com/yi-nology/git-sync-service/biz/model/git_sync/git_sync.go:778.10,778.56 1 0
github.com/yi-nology/git-sync-service/biz/model/git_sync/git_sync.go:778.56,779.24 1 0
github.com/yi-nology/git-sync-service/biz/model/git_sync/git_sync.go:781.11,782.49 1 0
github.com/yi-nology/git-sync-service/biz/model/git_sync/git_sync.go:782.49,783.24 1 0
github.com/yi-nology/git-sync-service/biz/model/git_sync/git_sync.go:786.3,786.45 1 0
github.com/yi-nology/git-sync-service/biz/model/git_sync/git_sync.go:786.45,787.26 1 0
github.com/yi-nology/git-sync-service/biz/model/git_sync/git_sync.go:790.2,790.45 1 0
github.com/yi-nology/git-sync-service/biz/model/git_sync/git_sync.go:790.45,791.26 1 0
github.com/yi-nology/git-sync-service/biz/model/git_sync/git_sync.go:794.2,795.1 2 0
github.com/yi-nology/git-sync-service/biz/model/git_sync/git_sync.go:796.2,797.1 2 0
github.com/yi-nology/git-sync-service/biz/model/git_sync/git_sync.go:798.2,799.1 2 0
github.com/yi-nology/git-sync-service/biz/model/git_sync/git_sync.go:800.2,801.1 2 0
github.com/yi-nology/git-sync-service/biz/model/git_sync/git_sync.go:802.2,804.1 2 0
github.com/yi-nology/git-sync-service/biz/model/git_sync/git_sync.go:805.2,806.1 2 0
github.com/yi-nology/git-sync-service/biz/model/git_sync/git_sync.go:807.2,807.79 1 0
github.com/yi-nology/git-sync-service/biz/model/git_sync/git_sync.go:810.77,812.43 2 0
github.com/yi-nology/git-sync-service/biz/model/git_sync/git_sync.go:812.43,814.3 1 0
github.com/yi-nology/git-sync-service/biz/model/git_sync/git_sync.go:815.2,816.12 2 0
github.com/yi-nology/git-sync-service/biz/model/git_sync/git_sync.go:819.78,821.64 2 0
github.com/yi-nology/git-sync-service/biz/model/git_sync/git_sync.go:821.64,822.29 1 0
github.com/yi-nology/git-sync-service/biz/model/git_sync/git_sync.go:824.2,824.14 1 0
github.com/yi-nology/git-sync-service/biz/model/git_sync/git_sync.go:824.14,825.45 1 0
github.com/yi-nology/git-sync-service/biz/model/git_sync/git_sync.go:825.45,827.24 2 0
github.com/yi-nology/git-sync-service/biz/model/git_sync/git_sync.go:830.2,830.46 1 0
github.com/yi-nology/git-sync-service/biz/model/git_sync/git_sync.go:830.46,831.27 1 0
github.com/yi-nology/git-sync-service/biz/model/git_sync/git_sync.go:833.2,833.46 1 0
github.com/yi-nology/git-sync-service/biz/model/git_sync/git_sync.go:833.46,834.27 1 0
github.com/yi-nology/git-sync-service/biz/model/git_sync/git_sync.go:836.2,837.1 2 0
github.com/yi-nology/git-sync-service/biz/model/git_sync/git_sync.go:838.2,839.1 2 0
github.com/yi-nology/git-sync-service/biz/model/git_sync/git_sync.go:840.2,841.1 2 0
github.com/yi-nology/git-sync-service/biz/model/git_sync/git_sync.go:842.2,843.1 2 0
github.com/yi-nology/git-sync-service/biz/model/git_sync/git_sync.go:844.2,844.80 1 0
github.com/yi-nology/git-sync-service/biz/model/git_sync/git_sync.go:847.84,848.70 1 0
github.com/yi-nology/git-sync-service/biz/model/git_sync/git_sync.go:848.70,849.28 1 0
github.com/yi-nology/git-sync-service/biz/model/git_sync/git_sync.go:851.2,851.43 1 0
github.com/yi-nology/git-sync-service/biz/model/git_sync/git_sync.go:851.43,853.3 1 0
github.com/yi-nology/git-sync-service/biz/model/git_sync/git_sync.go:854.2,854.45 1 0
github.com/yi-nology/git-sync-service/biz/model/git_sync/git_sync.go:854.45,855.26 1 0
github.com/yi-nology/git-sync-service/biz/model/git_sync/git_sync.go:857.2,858.1 2 0
github.com/yi-nology/git-sync-service/biz/model/git_sync/git_sync.go:859.2,860.1 2 0
github.com/yi-nology/git-sync-service/biz/model/git_sync/git_sync.go:861.2,861.81 1 0
github.com/yi-nology/git-sync-service/biz/model/git_sync/git_sync.go:864.52,865.14 1 0
github.com/yi-nology/git-sync-service/biz/model/git_sync/git_sync.go:865.14,867.3 1 0
github.com/yi-nology/git-sync-service/biz/model/git_sync/git_sync.go:868.2,868.57 1 0
github.com/yi-nology/git-sync-service/biz/model/git_sync/git_sync.go:876.66,878.2 1 0
github.com/yi-nology/git-sync-service/biz/model/git_sync/git_sync.go:880.53,881.2 0 0
github.com/yi-nology/git-sync-service/biz/model/git_sync/git_sync.go:885.75,886.23 1 0
github.com/yi-nology/git-sync-service/biz/model/git_sync/git_sync.go:886.23,888.3 1 0
github.com/yi-nology/git-sync-service/biz/model/git_sync/git_sync.go:889.2,889.18 1 0
github.com/yi-nology/git-sync-service/biz/model/git_sync/git_sync.go:896.58,898.2 1 0
github.com/yi-nology/git-sync-service/biz/model/git_sync/git_sync.go:900.79,905.50 3 0
github.com/yi-nology/git-sync-service/biz/model/git_sync/git_sync.go:905.50,906.28 1 0
github.com/yi-nology/git-sync-service/biz/model/git_sync/git_sync.go:909.2,909.6 1 0
github.com/yi-nology/git-sync-service/biz/model/git_sync/git_sync.go:909.6,911.17 2 0
github.com/yi-nology/git-sync-service/biz/model/git_sync/git_sync.go:911.17,912.28 1 0
github.com/yi-nology/git-sync-service/biz/model/git_sync/git_sync.go:914.3,914.33 1 0
github.com/yi-nology/git-sync-service/biz/model/git_sync/git_sync.go:914.33,915.9 1 0
github.com/yi-nology/git-sync-service/biz/model/git_sync/git_sync.go:918.3,918.18 1 0
github.com/yi-nology/git-sync-service/biz/model/git_sync/git_sync.go:919.10,920.36 1 0
github.com/yi-nology/git-sync-service/biz/model/git_sync/git_sync.go:920.36,921.46 1 0
github.com/yi-nology/git-sync-service/biz/model/git_sync/git_sync.go:921.46,922.25 1 0
github.com/yi-nology/git-sync-service/biz/model/git_sync/git_sync.go:924.10,924.56 1 0
github.com/yi-nology/git-sync-service/biz/model/git_sync/git_sync.go:924.56,925.24 1 0
github.com/yi-nology/git-sync-service/biz/model/git_sync/git_sync.go:927.11,928.49 1 0
github.com/yi-nology/git-sync-service/biz/model/git_sync/git_sync.go:928.49,929.24 1 0
github.com/yi-nology/git-sync-service/biz/model/git_sync/git_sync.go:932.3,932.45 1 0
github.com/yi-nology/git-sync-service/biz/model/git_sync/git_sync.go:932.45,933.26 1 0
github.com/yi-nology/git-sync-service/biz/model/git_sync/git_sync.go:936.2,936.45 1 0
github.com/yi-nology/git-sync-service/biz/model/git_sync/git_sync.go:936.45,937.26 1 0
github.com/yi-nology/git-sync-service/biz/model/git_sync/git_sync.go:940.2,941.1 2 0
github.com/yi-nology/git-sync-service/biz/model/git_sync/git_sync.go:942.2,943.1 2 0
github.com/yi-nology/git-sync-service/biz/model/git_sync/git_sync.go:944.2,945.1 2 0
github.com/yi-nology/git-sync-service/biz/model/git_sync/git_sync.go:946.2,947.1 2 0
github.com/yi-nology/git-sync-service/biz/model/git_sync/git_sync.go:948.2,950.1 2 0
github.com/yi-nology/git-sync-service/biz/model/git_sync/git_sync.go:951.2,952.1 2 0
github.com/yi-nology/git-sync-service/biz/model/git_sync/git_sync.go:953.2,953.79 1 0
github.com/yi-nology/git-sync-service/biz/model/git_sync/git_sync.go:956.79,958.43 2 0
github.com/yi-nology/git-sync-service/biz/model/git_sync/git_sync.go:958.43,960.3 1 0
github.com/yi-nology/git-sync-service/biz/model/git_sync/git_sync.go:961.2,962.12 2 0
github.com/yi-nology/git-sync-service/biz/model/git_sync/git_sync.go:965.80,967.66 2 0
github.com/yi-nology/git-sync-service/biz/model/git_sync/git_sync.go:967.66,968.29 1 0
github.com/yi-nology/git-sync-service/biz/model/git_sync/git_sync.go:970.2,970.14 1 0
github.com/yi-nology/git-sync-service/biz/model/git_sync/git_sync.go:970.14,971.45 1 0
github.com/yi-nology/git-sync-service/biz/model/git_sync/git_sync.go:971.45,973.24 2 0
github.com/yi-nology/git-sync-service/biz/model/git_sync/git_sync.go:976.2,976.46 1 0
github.com/yi-nology/git-sync-service/biz/model/git_sync/git_sync.go:976.46,977.27 1 0
github.com/yi-nology/git-sync-service/biz/model/git_sync/git_sync.go:979.2,979.46 1 0
github.com/yi-nology/git-sync-service/biz/model/git_sync/git_sync.go:979.46,980.27 1 0
github.com/yi-nology/git-sync-service/biz/model/git_sync/git_sync.go:982.2,983.1 2 0
github.com/yi-nology/git-sync-service/biz/model/git_sync/git_sync.go:984.2,985.1 2 0
github.com/yi-nology/git-sync-service/biz/model/git_sync/git_sync.go:986.2,987.1 2 0
github.com/yi-nology/git-sync-service/biz/model/git_sync/git_sync.go:988.2,989.1 2 0
github.com/yi-nology/git-sync-service/biz/model/git_sync/git_sync.go:990.2,990.80 1 0
github.com/yi-nology/git-sync-service/biz/model/git_sync/git_sync.go:993.86,994.22 1 0
github.com/yi-nology/git-sync-service/biz/model/git_sync/git_sync.go:994.22,995.75 1 0
github.com/yi-nology/git-sync-service/biz/model/git_sync/git_sync.go:995.75,996.29 1 0
github.com/yi-nology/git-sync-service/biz/model/git_sync/git_sync.go:998.3,998.48 1 0
github.com/yi-nology/git-sync-service/biz/model/git_sync/git_sync.go:998.48,1000.4 1 0
github.com/yi-nology/git-sync-service/biz/model/git_sync/git_sync.go:1001.3,1001.46 1 0
github.com/yi-nology/git-sync-service/biz/model/git_sync/git_sync.go:1001.46,1002.27 1 0
github.com/yi-nology/git-sync-service/biz/model/git_sync/git_sync.go:1005.2,1006.1 2 0
github.com/yi-nology/git-sync-service/biz/model/git_sync/git_sync.go:1007.2,1008.1 2 0
github.com/yi-nology/git-sync-service/biz/model/git_sync/git_sync.go:1009.2,1009.81 1 0
github.com/yi-nology/git-sync-service/biz/model/git_sync/git_sync.go:1012.54,1013.14 1 0
github.com/yi-nology/git-sync-service/biz/model/git_sync/git_sync.go:1013.14,1015.3 1 0
github.com/yi-nology/git-sync-service/biz/model/git_sync/git_sync.go:1016.2,1016.59 1 0
github.com/yi-nology/git-sync-service/biz/model/git_sync/git_sync.go:1024.58,1026.2 1 0
github.com/yi-nology/git-sync-service/biz/model/git_sync/git_sync.go:1028.49,1029.2 0 0
github.com/yi-nology/git-sync-service/biz/model/git_sync/git_sync.go:1033.64,1034.19 1 0
github.com/yi-nology/git-sync-service/biz/model/git_sync/git_sync.go:1034.19,1036.3 1 0
github.com/yi-nology/git-sync-service/biz/model/git_sync/git_sync.go:1037.2,1037.14 1 0
github.com/yi-nology/git-sync-service/biz/model/git_sync/git_sync.go:1044.50,1046.2 1 0
github.com/yi-nology/git-sync-service/biz/model/git_sync/git_sync.go:1048.75,1053.50 3 0
github.com/yi-nology/git-sync-service/biz/model/git_sync/git_sync.go:1053.50,1054.28 1 0
github.com/yi-nology/git-sync-service/biz/model/git_sync/git_sync.go:1057.2,1057.6 1 0
github.com/yi-nology/git-sync-service/biz/model/git_sync/git_sync.go:1057.6,1059.17 2 0
github.com/yi-nology/git-sync-service/biz/model/git_sync/git_sync.go:1059.17,1060.28 1 0
github.com/yi-nology/git-sync-service/biz/model/git_sync/git_sync.go:1062.3,1062.33 1 0
github.com/yi-nology/git-sync-service/biz/model/git_sync/git_sync.go:1062.33,1063.9 1 0
github.com/yi-nology/git-sync-service/biz/model/git_sync/git_sync.go:1066.3,1066.18 1 0
github.com/yi-nology/git-sync-service/biz/model/git_sync/git_sync.go:1067.10,1068.36 1 0
github.com/yi-nology/git-sync-service/biz/model/git_sync/git_sync.go:1068.36,1069.46 1 0
github.com/yi-nology/git-sync-service/biz/model/git_sync/git_sync.go:1069.46,1070.25 1 0
github.com/yi-nology/git-sync-service/biz/model/git_sync/git_sync.go:1072.10,1072.56 1 0
github.com/yi-nology/git-sync-service/biz/model/git_sync/git_sync.go:1072.56,1073.24 1 0
github.com/yi-nology/git-sync-service/biz/model/git_sync/git_sync.go:1075.11,1076.49 1 0
github.com/yi-nology/git-sync-service/biz/model/git_sync/git_sync.go:1076.49,1077.24 1 0
github.com/yi-nology/git-sync-service/biz/model/git_sync/git_sync.go:1080.3,1080.45 1 0
github.com/yi-nology/git-sync-service/biz/model/git_sync/git_sync.go:1080.45,1081.26 1 0
github.com/yi-nology/git-sync-service/biz/model/git_sync/git_sync.go:1084.2,1084.45 1 0
github.com/yi-nology/git-sync-service/biz/model/git_sync/git_sync.go:1084.45,1085.26 1 0
github.com/yi-nology/git-sync-service/biz/model/git_sync/git_sync.go:1088.2,1089.1 2 0
github.com/yi-nology/git-sync-service/biz/model/git_sync/git_sync.go:1090.2,1091.1 2 0
github.com/yi-nology/git-sync-service/biz/model/git_sync/git_sync.go:1092.2,1093.1 2 0
github.com/yi-nology/git-sync-service/biz/model/git_sync/git_sync.go:1094.2,1095.1 2 0
github.com/yi-nology/git-sync-service/biz/model/git_sync/git_sync.go:1096.2,1098.1 2 0
github.com/yi-nology/git-sync-service/biz/model/git_sync/git_sync.go:1099.2,1100.1 2 0
github.com/yi-nology/git-sync-service/biz/model/git_sync/git_sync.go:1101.2,1101.79 1 0
github.com/yi-nology/git-sync-service/biz/model/git_sync/git_sync.go:1104.75,1106.43 2 0
github.com/yi-nology/git-sync-service/biz/model/git_sync/git_sync.go:1106.43,1108.3 1 0
github.com/yi-nology/git-sync-service/biz/model/git_sync/git_sync.go:1109.2,1110.12 2 0
github.com/yi-nology/git-sync-service/biz/model/git_sync/git_sync.go:1113.76,1115.62 2 0
github.com/yi-nology/git-sync-service/biz/model/git_sync/git_sync.go:1115.62,1116.29 1 0
github.com/yi-nology/git-sync-service/biz/model/git_sync/git_sync.go:1118.2,1118.14 1 0
github.com/yi-nology/git-sync-service/biz/model/git_sync/git_sync.go:1118.14,1119.45 1 0
github.com/yi-nology/git-sync-service/biz/model/git_sync/git_sync.go:1119.45,1121.24 2 0
github.com/yi-nology/git-sync-service/biz/model/git_sync/git_sync.go:1124.2,1124.46 1 0
github.com/yi-nology/git-sync-service/biz/model/git_sync/git_sync.go:1124.46,1125.27 1 0
github.com/yi-nology/git-sync-service/biz/model/git_sync/git_sync.go:1127.2,1127.46 1 0
github.com/yi-nology/git-sync-service/biz/model/git_sync/git_sync.go:1127.46,1128.27 1 0
github.com/yi-nology/git-sync-service/biz/model/git_sync/git_sync.go:1130.2,1131.1 2 0
github.com/yi-nology/git-sync-service/biz/model/git_sync/git_sync.go:1132.2,1133.1 2 0
github.com/yi-nology/git-sync-service/biz/model/git_sync/git_sync.go:1134.2,1135.1 2 0
github.com/yi-nology/git-sync-service/biz/model/git_sync/git_sync.go:1136.2,1137.1 2 0
github.com/yi-nology/git-sync-service/biz/model/git_sync/git_sync.go:1138.2,1138.80 1 0
github.com/yi-nology/git-sync-service/biz/model/git_sync/git_sync.go:1141.82,1142.70 1 0
github.com/yi-nology/git-sync-service/biz/model/git_sync/git_sync.go:1142.70,1143.28 1 0
github.com/yi-nology/git-sync-service/biz/model/git_sync/git_sync.go:1145.2,1145.43 1 0
github.com/yi-nology/git-sync-service/biz/model/git_sync/git_sync.go:1145.43,1147.3 1 0
github.com/yi-nology/git-sync-service/biz/model/git_sync/git_sync.go:1148.2,1148.45 1 0
github.com/yi-nology/git-sync-service/biz/model/git_sync/git_sync.go:1148.45,1149.26 1 0
github.com/yi-nology/git-sync-service/biz/model/git_sync/git_sync.go:1151.2,1152.1 2 0
github.com/yi-nology/git-sync-service/biz/model/git_sync/git_sync.go:1153.2,1154.1 2 0
github.com/yi-nology/git-sync-service/biz/model/git_sync/git_sync.go:1155.2,1155.81 1 0
github.com/yi-nology/git-sync-service/biz/model/git_sync/git_sync.go:1158.50,1159.14 1 0
github.com/yi-nology/git-sync-service/biz/model/git_sync/git_sync.go:1159.14,1161.3 1 0
github.com/yi-nology/git-sync-service/biz/model/git_sync/git_sync.go:1162.2,1162.55 1 0
github.com/yi-nology/git-sync-service/biz/model/git_sync/git_sync.go:1170.62,1172.2 1 0
github.com/yi-nology/git-sync-service/biz/model/git_sync/git_sync.go:1174.51,1175.2 0 0
github.com/yi-nology/git-sync-service/biz/model/git_sync/git_sync.go:1179.71,1180.23 1 0
github.com/yi-nology/git-sync-service/biz/model/git_sync/git_sync.go:1180.23,1182.3 1 0
github.com/yi-nology/git-sync-service/biz/model/git_sync/git_sync.go:1183.2,1183.18 1 0
github.com/yi-nology/git-sync-service/biz/model/git_sync/git_sync.go:1190.56,1192.2 1 0
github.com/yi-nology/git-sync-service/biz/model/git_sync/git_sync.go:1194.77,1199.50 3 0
github.com/yi-nology/git-sync-service/biz/model/git_sync/git_sync.go:1199.50,1200.28 1 0
github.com/yi-nology/git-sync-service/biz/model/git_sync/git_sync.go:1203.2,1203.6 1 0
github.com/yi-nology/git-sync-service/biz/model/git_sync/git_sync.go:1203.6,1205.17 2 0
github.com/yi-nology/git-sync-service/biz/model/git_sync/git_sync.go:1205.17,1206.28 1 0
github.com/yi-nology/git-sync-service/biz/model/git_sync/git_sync.go:1208.3,1208.33 1 0
github.com/yi-nology/git-sync-service/biz/model/git_sync/git_sync.go:1208.33,1209.9 1 0
github.com/yi-nology/git-sync-service/biz/model/git_sync/git_sync.go:1212.3,1212.18 1 0
github.com/yi-nology/git-sync-service/biz/model/git_sync/git_sync.go:1213.10,1214.36 1 0
github.com/yi-nology/git-sync-service/biz/model/git_sync/git_sync.go:1214.36,1215.46 1 0
github.com/yi-nology/git-sync-service/biz/model/git_sync/git_sync.go:1215.46,1216.25 1 0
github.com/yi-nology/git-sync-service/biz/model/git_sync/git_sync.go:1218.10,1218.56 1 0
github.com/yi-nology/git-sync-service/biz/model/git_sync/git_sync.go:1218.56,1219.24 1 0
github.com/yi-nology/git-sync-service/biz/model/git_sync/git_sync.go:1221.11,1222.49 1 0
github.com/yi-nology/git-sync-service/biz/model/git_sync/git_sync.go:1222.49,1223.24 1 0
github.com/yi-nology/git-sync-service/biz/model/git_sync/git_sync.go:1226.3,1226.45 1 0
github.com/yi-nology/git-sync-service/biz/model/git_sync/git_sync.go:1226.45,1227.26 1 0
github.com/yi-nology/git-sync-service/biz/model/git_sync/git_sync.go:1230.2,1230.45 1 0
github.com/yi-nology/git-sync-service/biz/model/git_sync/git_sync.go:1230.45,1231.26 1 0
github.com/yi-nology/git-sync-service/biz/model/git_sync/git_sync.go:1234.2,1235.1 2 0
github.com/yi-nology/git-sync-service/biz/model/git_sync/git_sync.go:1236.2,1237.1 2 0
github.com/yi-nology/git-sync-service/biz/model/git_sync/git_sync.go:1238.2,1239.1 2 0
github.com/yi-nology/git-sync-service/biz/model/git_sync/git_sync.go:1240.2,1241.1 2 0
github.com/yi-nology/git-sync-service/biz/model/git_sync/git_sync.go:1242.2,1244.1 2 0
github.com/yi-nology/git-sync-service/biz/model/git_sync/git_sync.go:1245.2,1246.1 2 0
github.com/yi-nology/git-sync-service/biz/model/git_sync/git_sync.go:1247.2,1247.79 1 0
github.com/yi-nology/git-sync-service/biz/model/git_sync/git_sync.go:1250.77,1252.43 2 0
github.com/yi-nology/git-sync-service/biz/model/git_sync/git_sync.go:1252.43,1254.3 1 0
github.com/yi-nology/git-sync-service/biz/model/git_sync/git_sync.go:1255.2,1256.12 2 0
github.com/yi-nology/git-sync-service/biz/model/git_sync/git_sync.go:1259.78,1261.64 2 0
github.com/yi-nology/git-sync-service/biz/model/git_sync/git_sync.go:1261.64,1262.29 1 0
github.com/yi-nology/git-sync-service/biz/model/git_sync/git_sync.go:1264.2,1264.14 1 0
github.com/yi-nology/git-sync-service/biz/model/git_sync/git_sync.go:1264.14,1265.45 1 0
github.com/yi-nology/git-sync-service/biz/model/git_sync/git_sync.go:1265.45,1267.24 2 0
github.com/yi-nology/git-sync-service/biz/model/git_sync/git_sync.go:1270.2,1270.46 1 0
github.com/yi-nology/git-sync-service/biz/model/git_sync/git_sync.go:1270.46,1271.27 1 0
github.com/yi-nology/git-sync-service/biz/model/git_sync/git_sync.go:1273.2,1273.46 1 0
github.com/yi-nology/git-sync-service/biz/model/git_sync/git_sync.go:1273.46,1274.27 1 0
github.com/yi-nology/git-sync-service/biz/model/git_sync/git_sync.go:1276.2,1277.1 2 0
github.com/yi-nology/git-sync-service/biz/model/git_sync/git_sync.go:1278.2,1279.1 2 0
github.com/yi-nology/git-sync-service/biz/model/git_sync/git_sync.go:1280.2,1281.1 2 0
github.com/yi-nology/git-sync-service/biz/model/git_sync/git_sync.go:1282.2,1283.1 2 0
github.com/yi-nology/git-sync-service/biz/model/git_sync/git_sync.go:1284.2,1284.80 1 0
github.com/yi-nology/git-sync-service/biz/model/git_sync/git_sync.go:1287.84,1288.22 1 0
github.com/yi-nology/git-sync-service/biz/model/git_sync/git_sync.go:1288.22,1289.75 1 0
github.com/yi-nology/git-sync-service/biz/model/git_sync/git_sync.go:1289.75,1290.29 1 0
github.com/yi-nology/git-sync-service/biz/model/git_sync/git_sync.go:1292.3,1292.48 1 0
github.com/yi-nology/git-sync-service/biz/model/git_sync/git_sync.go:1292.48,1294.4 1 0
github.com/yi-nology/git-sync-service/biz/model/git_sync/git_sync.go:1295.3,1295.46 1 0
github.com/yi-nology/git-sync-service/biz/model/git_sync/git_sync.go:1295.46,1296.27 1 0
github.com/yi-nology/git-sync-service/biz/model/git_sync/git_sync.go:1299.2,1300.1 2 0
github.com/yi-nology/git-sync-service/biz/model/git_sync/git_sync.go:1301.2,1302.1 2 0
github.com/yi-nology/git-sync-service/biz/model/git_sync/git_sync.go:1303.2,1303.81 1 0
github.com/yi-nology/git-sync-service/biz/model/git_sync/git_sync.go:1306.52,1307.14 1 0
github.com/yi-nology/git-sync-service/biz/model/git_sync/git_sync.go:1307.14,1309.3 1 0
github.com/yi-nology/git-sync-service/biz/model/git_sync/git_sync.go:1310.2,1310.57 1 0
github.com/yi-nology/git-sync-service/biz/model/git_sync/git_sync.go:1318.64,1320.2 1 0
github.com/yi-nology/git-sync-service/biz/model/git_sync/git_sync.go:1322.52,1323.2 0 0
github.com/yi-nology/git-sync-service/biz/model/git_sync/git_sync.go:1327.70,1328.19 1 0
github.com/yi-nology/git-sync-service/biz/model/git_sync/git_sync.go:1328.19,1330.3 1 0
github.com/yi-nology/git-sync-service/biz/model/git_sync/git_sync.go:1331.2,1331.14 1 0
github.com/yi-nology/git-sync-service/biz/model/git_sync/git_sync.go:1338.53,1340.2 1 0
github.com/yi-nology/git-sync-service/biz/model/git_sync/git_sync.go:1342.78,1347.50 3 0
github.com/yi-nology/git-sync-service/biz/model/git_sync/git_sync.go:1347.50,1348.28 1 0
github.com/yi-nology/git-sync-service/biz/model/git_sync/git_sync.go:1351.2,1351.6 1 0
github.com/yi-nology/git-sync-service/biz/model/git_sync/git_sync.go:1351.6,1353.17 2 0
github.com/yi-nology/git-sync-service/biz/model/git_sync/git_sync.go:1353.17,1354.28 1 0
github.com/yi-nology/git-sync-service/biz/model/git_sync/git_sync.go:1356.3,1356.33 1 0
github.com/yi-nology/git-sync-service/biz/model/git_sync/git_sync.go:1356.33,1357.9 1 0
github.com/yi-nology/git-sync-service/biz/model/git_sync/git_sync.go:1360.3,1360.18 1 0
github.com/yi-nology/git-sync-service/biz/model/git_sync/git_sync.go:1361.10,1362.36 1 0
github.com/yi-nology/git-sync-service/biz/model/git_sync/git_sync.go:1362.36,1363.46 1 0
github.com/yi-nology/git-sync-service/biz/model/git_sync/git_sync.go:1363.46,1364.25 1 0
github.com/yi-nology/git-sync-service/biz/model/git_sync/git_sync.go:1366.10,1366.56 1 0
github.com/yi-nology/git-sync-service/biz/model/git_sync/git_sync.go:1366.56,1367.24 1 0
github.com/yi-nology/git-sync-service/biz/model/git_sync/git_sync.go:1369.11,1370.49 1 0
github.com/yi-nology/git-sync-service/biz/model/git_sync/git_sync.go:1370.49,1371.24 1 0
github.com/yi-nology/git-sync-service/biz/model/git_sync/git_sync.go:1374.3,1374.45 1 0
github.com/yi-nology/git-sync-service/biz/model/git_sync/git_sync.go:1374.45,1375.26 1 0
github.com/yi-nology/git-sync-service/biz/model/git_sync/git_sync.go:1378.2,1378.45 1 0
github.com/yi-nology/git-sync-service/biz/model/git_sync/git_sync.go:1378.45,1379.26 1 0
github.com/yi-nology/git-sync-service/biz/model/git_sync/git_sync.go:1382.2,1383.1 2 0
github.com/yi-nology/git-sync-service/biz/model/git_sync/git_sync.go:1384.2,1385.1 2 0
github.com/yi-nology/git-sync-service/biz/model/git_sync/git_sync.go:1386.2,1387.1 2 0
github.com/yi-nology/git-sync-service/biz/model/git_sync/git_sync.go:1388.2,1389.1 2 0
github.com/yi-nology/git-sync-service/biz/model/git_sync/git_sync.go:1390.2,1392.1 2 0
github.com/yi-nology/git-sync-service/biz/model/git_sync/git_sync.go:1393.2,1394.1 2 0
github.com/yi-nology/git-sync-service/biz/model/git_sync/git_sync.go:1395.2,1395.79 1 0
github.com/yi-nology/git-sync-service/biz/model/git_sync/git_sync.go:1398.78,1400.43 2 0
github.com/yi-nology/git-sync-service/biz/model/git_sync/git_sync.go:1400.43,1402.3 1 0
github.com/yi-nology/git-sync-service/biz/model/git_sync/git_sync.go:1403.2,1404.12 2 0
github.com/yi-nology/git-sync-service/biz/model/git_sync/git_sync.go:1407.79,1409.65 2 0
github.com/yi-nology/git-sync-service/biz/model/git_sync/git_sync.go:1409.65,1410.29 1 0
github.com/yi-nology/git-sync-service/biz/model/git_sync/git_sync.go:1412.2,1412.14 1 0
github.com/yi-nology/git-sync-service/biz/model/git_sync/git_sync.go:1412.14,1413.45 1 0
github.com/yi-nology/git-sync-service/biz/model/git_sync/git_sync.go:1413.45,1415.24 2 0
github.com/yi-nology/git-sync-service/biz/model/git_sync/git_sync.go:1418.2,1418.46 1 0
github.com/yi-nology/git-sync-service/biz/model/git_sync/git_sync.go:1418.46,1419.27 1 0
github.com/yi-nology/git-sync-service/biz/model/git_sync/git_sync.go:1421.2,1421.46 1 0
github.com/yi-nology/git-sync-service/biz/model/git_sync/git_sync.go:1421.46,1422.27 1 0
github.com/yi-nology/git-sync-service/biz/model/git_sync/git_sync.go:1424.2,1425.1 2 0
github.com/yi-nology/git-sync-service/biz/model/git_sync/git_sync.go:1426.2,1427.1 2 0
github.com/yi-nology/git-sync-service/biz/model/git_sync/git_sync.go:1428.2,1429.1 2 0
github.com/yi-nology/git-sync-service/biz/model/git_sync/git_sync.go:1430.2,1431.1 2 0
github.com/yi-nology/git-sync-service/biz/model/git_sync/git_sync.go:1432.2,1432.80 1 0
github.com/yi-nology/git-sync-service/biz/model/git_sync/git_sync.go:1435.85,1436.70 1 0
github.com/yi-nology/git-sync-service/biz/model/git_sync/git_sync.go:1436.70,1437.28 1 0
github.com/yi-nology/git-sync-service/biz/model/git_sync/git_sync.go:1439.2,1439.43 1 0
github.com/yi-nology/git-sync-service/biz/model/git_sync/git_sync.go:1439.43,1441.3 1 0
github.com/yi-nology/git-sync-service/biz/model/git_sync/git_sync.go:1442.2,1442.45 1 0
github.com/yi-nology/git-sync-service/biz/model/git_sync/git_sync.go:1442.45,1443.26 1 0
github.com/yi-nology/git-sync-service/biz/model/git_sync/git_sync.go:1445.2,1446.1 2 0
github.com/yi-nology/git-sync-service/biz/model/git_sync/git_sync.go:1447.2,1448.1 2 0
github.com/yi-nology/git-sync-service/biz/model/git_sync/git_sync.go:1449.2,1449.81 1 0
github.com/yi-nology/git-sync-service/biz/model/git_sync/git_sync.go:1452.53,1453.14 1 0
github.com/yi-nology/git-sync-service/biz/model/git_sync/git_sync.go:1453.14,1455.3 1 0
github.com/yi-nology/git-sync-service/biz/model/git_sync/git_sync.go:1456.2,1456.58 1 0
github.com/yi-nology/git-sync-service/biz/model/git_sync/git_sync.go:1464.68,1466.2 1 0
github.com/yi-nology/git-sync-service/biz/model/git_sync/git_sync.go:1468.54,1469.2 0 0
github.com/yi-nology/git-sync-service/biz/model/git_sync/git_sync.go:1473.77,1474.23 1 0
github.com/yi-nology/git-sync-service/biz/model/git_sync/git_sync.go:1474.23,1476.3 1 0
github.com/yi-nology/git-sync-service/biz/model/git_sync/git_sync.go:1477.2,1477.18 1 0
github.com/yi-nology/git-sync-service/biz/model/git_sync/git_sync.go:1484.59,1486.2 1 0
github.com/yi-nology/git-sync-service/biz/model/git_sync/git_sync.go:1488.80,1493.50 3 0
github.com/yi-nology/git-sync-service/biz/model/git_sync/git_sync.go:1493.50,1494.28 1 0
github.com/yi-nology/git-sync-service/biz/model/git_sync/git_sync.go:1497.2,1497.6 1 0
github.com/yi-nology/git-sync-service/biz/model/git_sync/git_sync.go:1497.6,1499.17 2 0
github.com/yi-nology/git-sync-service/biz/model/git_sync/git_sync.go:1499.17,1500.28 1 0
github.com/yi-nology/git-sync-service/biz/model/git_sync/git_sync.go:1502.3,1502.33 1 0
github.com/yi-nology/git-sync-service/biz/model/git_sync/git_sync.go:1502.33,1503.9 1 0
github.com/yi-nology/git-sync-service/biz/model/git_sync/git_sync.go:1506.3,1506.18 1 0
github.com/yi-nology/git-sync-service/biz/model/git_sync/git_sync.go:1507.10,1508.36 1 0
github.com/yi-nology/git-sync-service/biz/model/git_sync/git_sync.go:1508.36,1509.46 1 0
github.com/yi-nology/git-sync-service/biz/model/git_sync/git_sync.go:1509.46,1510.25 1 0
github.com/yi-nology/git-sync-service/biz/model/git_sync/git_sync.go:1512.10,1512.56 1 0
github.com/yi-nology/git-sync-service/biz/model/git_sync/git_sync.go:1512.56,1513.24 1 0
github.com/yi-nology/git-sync-service/biz/model/git_sync/git_sync.go:1515.11,1516.49 1 0
github.com/yi-nology/git-sync-service/biz/model/git_sync/git_sync.go:1516.49,1517.24 1 0
github.com/yi-nology/git-sync-service/biz/model/git_sync/git_sync.go:1520.3,1520.45 1 0
github.com/yi-nology/git-sync-service/biz/model/git_sync/git_sync.go:1520.45,1521.26 1 0
github.com/yi-nology/git-sync-service/biz/model/git_sync/git_sync.go:1524.2,1524.45 1 0
github.com/yi-nology/git-sync-service/biz/model/git_sync/git_sync.go:1524.45,1525.26 1 0
github.com/yi-nology/git-sync-service/biz/model/git_sync/git_sync.go:1528.2,1529.1 2 0
github.com/yi-nology/git-sync-service/biz/model/git_sync/git_sync.go:1530.2,1531.1 2 0
github.com/yi-nology/git-sync-service/biz/model/git_sync/git_sync.go:1532.2,1533.1 2 0
github.com/yi-nology/git-sync-service/biz/model/git_sync/git_sync.go:1534.2,1535.1 2 0
github.com/yi-nology/git-sync-service/biz/model/git_sync/git_sync.go:1536.2,1538.1 2 0
github.com/yi-nology/git-sync-service/biz/model/git_sync/git_sync.go:1539.2,1540.1 2 0
github.com/yi-nology/git-sync-service/biz/model/git_sync/git_sync.go:1541.2,1541.79 1 0
github.com/yi-nology/git-sync-service/biz/model/git_sync/git_sync.go:1544.80,1546.43 2 0
github.com/yi-nology/git-sync-service/biz/model/git_sync/git_sync.go:1546.43,1548.3 1 0
github.com/yi-nology/git-sync-service/biz/model/git_sync/git_sync.go:1549.2,1550.12 2 0
github.com/yi-nology/git-sync-service/biz/model/git_sync/git_sync.go:1553.81,1555.67 2 0
github.com/yi-nology/git-sync-service/biz/model/git_sync/git_sync.go:1555.67,1556.29 1 0
github.com/yi-nology/git-sync-service/biz/model/git_sync/git_sync.go:1558.2,1558.14 1 0
github.com/yi-nology/git-sync-service/biz/model/git_sync/git_sync.go:1558.14,1559.45 1 0
github.com/yi-nology/git-sync-service/biz/model/git_sync/git_sync.go:1559.45,1561.24 2 0
github.com/yi-nology/git-sync-service/biz/model/git_sync/git_sync.go:1564.2,1564.46 1 0
github.com/yi-nology/git-sync-service/biz/model/git_sync/git_sync.go:1564.46,1565.27 1 0
github.com/yi-nology/git-sync-service/biz/model/git_sync/git_sync.go:1567.2,1567.46 1 0
github.com/yi-nology/git-sync-service/biz/model/git_sync/git_sync.go:1567.46,1568.27 1 0
github.com/yi-nology/git-sync-service/biz/model/git_sync/git_sync.go:1570.2,1571.1 2 0
github.com/yi-nology/git-sync-service/biz/model/git_sync/git_sync.go:1572.2,1573.1 2 0
github.com/yi-nology/git-sync-service/biz/model/git_sync/git_sync.go:1574.2,1575.1 2 0
github.com/yi-nology/git-sync-service/biz/model/git_sync/git_sync.go:1576.2,1577.1 2 0
github.com/yi-nology/git-sync-service/biz/model/git_sync/git_sync.go:1578.2,1578.80 1 0
github.com/yi-nology/git-sync-service/biz/model/git_sync/git_sync.go:1581.87,1582.22 1 0
github.com/yi-nology/git-sync-service/biz/model/git_sync/git_sync.go:1582.22,1583.75 1 0
github.com/yi-nology/git-sync-service/biz/model/git_sync/git_sync.go:1583.75,1584.29 1 0
github.com/yi-nology/git-sync-service/biz/model/git_sync/git_sync.go:1586.3,1586.48 1 0
github.com/yi-nology/git-sync-service/biz/model/git_sync/git_sync.go:1586.48,1588.4 1 0
github.com/yi-nology/git-sync-service/biz/model/git_sync/git_sync.go:1589.3,1589.46 1 0
github.com/yi-nology/git-sync-service/biz/model/git_sync/git_sync.go:1589.46,1590.27 1 0
github.com/yi-nology/git-sync-service/biz/model/git_sync/git_sync.go:1593.2,1594.1 2 0
github.com/yi-nology/git-sync-service/biz/model/git_sync/git_sync.go:1595.2,1596.1 2 0
github.com/yi-nology/git-sync-service/biz/model/git_sync/git_sync.go:1597.2,1597.81 1 0
github.com/yi-nology/git-sync-service/biz/model/git_sync/git_sync.go:1600.55,1601.14 1 0
github.com/yi-nology/git-sync-service/biz/model/git_sync/git_sync.go:1601.14,1603.3 1 0
github.com/yi-nology/git-sync-service/biz/model/git_sync/git_sync.go:1604.2,1604.60 1 0
github.com/yi-nology/git-sync-service/biz/model/git_sync/git_sync.go:1612.64,1614.2 1 0
github.com/yi-nology/git-sync-service/biz/model/git_sync/git_sync.go:1616.52,1617.2 0 0
github.com/yi-nology/git-sync-service/biz/model/git_sync/git_sync.go:1621.70,1622.19 1 0
github.com/yi-nology/git-sync-service/biz/model/git_sync/git_sync.go:1622.19,1624.3 1 0
github.com/yi-nology/git-sync-service/biz/model/git_sync/git_sync.go:1625.2,1625.14 1 0
github.com/yi-nology/git-sync-service/biz/model/git_sync/git_sync.go:1632.53,1634.2 1 0
github.com/yi-nology/git-sync-service/biz/model/git_sync/git_sync.go:1636.78,1641.50 3 0
github.com/yi-nology/git-sync-service/biz/model/git_sync/git_sync.go:1641.50,1642.28 1 0
github.com/yi-nology/git-sync-service/biz/model/git_sync/git_sync.go:1645.2,1645.6 1 0
github.com/yi-nology/git-sync-service/biz/model/git_sync/git_sync.go:1645.6,1647.17 2 0
github.com/yi-nology/git-sync-service/biz/model/git_sync/git_sync.go:1647.17,1648.28 1 0
github.com/yi-nology/git-sync-service/biz/model/git_sync/git_sync.go:1650.3,1650.33 1 0
github.com/yi-nology/git-sync-service/biz/model/git_sync/git_sync.go:1650.33,1651.9 1 0
github.com/yi-nology/git-sync-service/biz/model/git_sync/git_sync.go:1654.3,1654.18 1 0
github.com/yi-nology/git-sync-service/biz/model/git_sync/git_sync.go:1655.10,1656.36 1 0
github.com/yi-nology/git-sync-service/biz/model/git_sync/git_sync.go:1656.36,1657.46 1 0
github.com/yi-nology/git-sync-service/biz/model/git_sync/git_sync.go:1657.46,1658.25 1 0
github.com/yi-nology/git-sync-service/biz/model/git_sync/git_sync.go:1660.10,1660.56 1 0
github.com/yi-nology/git-sync-service/biz/model/git_sync/git_sync.go:1660.56,1661.24 1 0
github.com/yi-nology/git-sync-service/biz/model/git_sync/git_sync.go:1663.11,1664.49 1 0
github.com/yi-nology/git-sync-service/biz/model/git_sync/git_sync.go:1664.49,1665.24 1 0
github.com/yi-nology/git-sync-service/biz/model/git_sync/git_sync.go:1668.3,1668.45 1 0
github.com/yi-nology/git-sync-service/biz/model/git_sync/git_sync.go:1668.45,1669.26 1 0
github.com/yi-nology/git-sync-service/biz/model/git_sync/git_sync.go:1672.2,1672.45 1 0
github.com/yi-nology/git-sync-service/biz/model/git_sync/git_sync.go:1672.45,1673.26 1 0
github.com/yi-nology/git-sync-service/biz/model/git_sync/git_sync.go:1676.2,1677.1 2 0
github.com/yi-nology/git-sync-service/biz/model/git_sync/git_sync.go:1678.2,1679.1 2 0
github.com/yi-nology/git-sync-service/biz/model/git_sync/git_sync.go:1680.2,1681.1 2 0
github.com/yi-nology/git-sync-service/biz/model/git_sync/git_sync.go:1682.2,1683.1 2 0
github.com/yi-nology/git-sync-service/biz/model/git_sync/git_sync.go:1684.2,1686.1 2 0
github.com/yi-nology/git-sync-service/biz/model/git_sync/git_sync.go:1687.2,1688.1 2 0
github.com/yi-nology/git-sync-service/biz/model/git_sync/git_sync.go:1689.2,1689.79 1 0
github.com/yi-nology/git-sync-service/biz/model/git_sync/git_sync.go:1692.78,1694.43 2 0
github.com/yi-nology/git-sync-service/biz/model/git_sync/git_sync.go:1694.43,1696.3 1 0
github.com/yi-nology/git-sync-service/biz/model/git_sync/git_sync.go:1697.2,1698.12 2 0
github.com/yi-nology/git-sync-service/biz/model/git_sync/git_sync.go:1701.79,1703.65 2 0
github.com/yi-nology/git-sync-service/biz/model/git_sync/git_sync.go:1703.65,1704.29 1 0
github.com/yi-nology/git-sync-service/biz/model/git_sync/git_sync.go:1706.2,1706.14 1 0
github.com/yi-nology/git-sync-service/biz/model/git_sync/git_sync.go:1706.14,1707.45 1 0
github.com/yi-nology/git-sync-service/biz/model/git_sync/git_sync.go:1707.45,1709.24 2 0
github.com/yi-nology/git-sync-service/biz/model/git_sync/git_sync.go:1712.2,1712.46 1 0
github.com/yi-nology/git-sync-service/biz/model/git_sync/git_sync.go:1712.46,1713.27 1 0
github.com/yi-nology/git-sync-service/biz/model/git_sync/git_sync.go:1715.2,1715.46 1 0
github.com/yi-nology/git-sync-service/biz/model/git_sync/git_sync.go:1715.46,1716.27 1 0
github.com/yi-nology/git-sync-service/biz/model/git_sync/git_sync.go:1718.2,1719.1 2 0
github.com/yi-nology/git-sync-service/biz/model/git_sync/git_sync.go:1720.2,1721.1 2 0
github.com/yi-nology/git-sync-service/biz/model/git_sync/git_sync.go:1722.2,1723.1 2 0
github.com/yi-nology/git-sync-service/biz/model/git_sync/git_sync.go:1724.2,1725.1 2 0
github.com/yi-nology/git-sync-service/biz/model/git_sync/git_sync.go:1726.2,1726.80 1 0
github.com/yi-nology/git-sync-service/biz/model/git_sync/git_sync.go:1729.85,1730.70 1 0
github.com/yi-nology/git-sync-service/biz/model/git_sync/git_sync.go:1730.70,1731.28 1 0
github.com/yi-nology/git-sync-service/biz/model/git_sync/git_sync.go:1733.2,1733.43 1 0
github.com/yi-nology/git-sync-service/biz/model/git_sync/git_sync.go:1733.43,1735.3 1 0
github.com/yi-nology/git-sync-service/biz/model/git_sync/git_sync.go:1736.2,1736.45 1 0
github.com/yi-nology/git-sync-service/biz/model/git_sync/git_sync.go:1736.45,1737.26 1 0
github.com/yi-nology/git-sync-service/biz/model/git_sync/git_sync.go:1739.2,1740.1 2 0
github.com/yi-nology/git-sync-service/biz/model/git_sync/git_sync.go:1741.2,1742.1 2 0
github.com/yi-nology/git-sync-service/biz/model/git_sync/git_sync.go:1743.2,1743.81 1 0
github.com/yi-nology/git-sync-service/biz/model/git_sync/git_sync.go:1746.53,1747.14 1 0
github.com/yi-nology/git-sync-service/biz/model/git_sync/git_sync.go:1747.14,1749.3 1 0
github.com/yi-nology/git-sync-service/biz/model/git_sync/git_sync.go:1750.2,1750.58 1 0
github.com/yi-nology/git-sync-service/biz/model/git_sync/git_sync.go:1758.68,1760.2 1 0
github.com/yi-nology/git-sync-service/biz/model/git_sync/git_sync.go:1762.54,1763.2 0 0
github.com/yi-nology/git-sync-service/biz/model/git_sync/git_sync.go:1767.77,1768.23 1 0
github.com/yi-nology/git-sync-service/biz/model/git_sync/git_sync.go:1768.23,1770.3 1 0
github.com/yi-nology/git-sync-service/biz/model/git_sync/git_sync.go:1771.2,1771.18 1 0
github.com/yi-nology/git-sync-service/biz/model/git_sync/git_sync.go:1778.59,1780.2 1 0
github.com/yi-nology/git-sync-service/biz/model/git_sync/git_sync.go:1782.80,1787.50 3 0
github.com/yi-nology/git-sync-service/biz/model/git_sync/git_sync.go:1787.50,1788.28 1 0
github.com/yi-nology/git-sync-service/biz/model/git_sync/git_sync.go:1791.2,1791.6 1 0
github.com/yi-nology/git-sync-service/biz/model/git_sync/git_sync.go:1791.6,1793.17 2 0
github.com/yi-nology/git-sync-service/biz/model/git_sync/git_sync.go:1793.17,1794.28 1 0
github.com/yi-nology/git-sync-service/biz/model/git_sync/git_sync.go:1796.3,1796.33 1 0
github.com/yi-nology/git-sync-service/biz/model/git_sync/git_sync.go:1796.33,1797.9 1 0
github.com/yi-nology/git-sync-service/biz/model/git_sync/git_sync.go:1800.3,1800.18 1 0
github.com/yi-nology/git-sync-service/biz/model/git_sync/git_sync.go:1801.10,1802.36 1 0
github.com/yi-nology/git-sync-service/biz/model/git_sync/git_sync.go:1802.36,1803.46 1 0
github.com/yi-nology/git-sync-service/biz/model/git_sync/git_sync.go:1803.46,1804.25 1 0
github.com/yi-nology/git-sync-service/biz/model/git_sync/git_sync.go:1806.10,1806.56 1 0
github.com/yi-nology/git-sync-service/biz/model/git_sync/git_sync.go:1806.56,1807.24 1 0
github.com/yi-nology/git-sync-service/biz/model/git_sync/git_sync.go:1809.11,1810.49 1 0
github.com/yi-nology/git-sync-service/biz/model/git_sync/git_sync.go:1810.49,1811.24 1 0
github.com/yi-nology/git-sync-service/biz/model/git_sync/git_sync.go:1814.3,1814.45 1 0
github.com/yi-nology/git-sync-service/biz/model/git_sync/git_sync.go:1814.45,1815.26 1 0
github.com/yi-nology/git-sync-service/biz/model/git_sync/git_sync.go:1818.2,1818.45 1 0
github.com/yi-nology/git-sync-service/biz/model/git_sync/git_sync.go:1818.45,1819.26 1 0
github.com/yi-nology/git-sync-service/biz/model/git_sync/git_sync.go:1822.2,1823.1 2 0
github.com/yi-nology/git-sync-service/biz/model/git_sync/git_sync.go:1824.2,1825.1 2 0
github.com/yi-nology/git-sync-service/biz/model/git_sync/git_sync.go:1826.2,1827.1 2 0
github.com/yi-nology/git-sync-service/biz/model/git_sync/git_sync.go:1828.2,1829.1 2 0
github.com/yi-nology/git-sync-service/biz/model/git_sync/git_sync.go:1830.2,1832.1 2 0
github.com/yi-nology/git-sync-service/biz/model/git_sync/git_sync.go:1833.2,1834.1 2 0
github.com/yi-nology/git-sync-service/biz/model/git_sync/git_sync.go:1835.2,1835.79 1 0
github.com/yi-nology/git-sync-service/biz/model/git_sync/git_sync.go:1838.80,1840.43 2 0
github.com/yi-nology/git-sync-service/biz/model/git_sync/git_sync.go:1840.43,1842.3 1 0
github.com/yi-nology/git-sync-service/biz/model/git_sync/git_sync.go:1843.2,1844.12 2 0
github.com/yi-nology/git-sync-service/biz/model/git_sync/git_sync.go:1847.81,1849.67 2 0
github.com/yi-nology/git-sync-service/biz/model/git_sync/git_sync.go:1849.67,1850.29 1 0
github.com/yi-nology/git-sync-service/biz/model/git_sync/git_sync.go:1852.2,1852.14 1 0
github.com/yi-nology/git-sync-service/biz/model/git_sync/git_sync.go:1852.14,1853.45 1 0
github.com/yi-nology/git-sync-service/biz/model/git_sync/git_sync.go:1853.45,1855.24 2 0
github.com/yi-nology/git-sync-service/biz/model/git_sync/git_sync.go:1858.2,1858.46 1 0
github.com/yi-nology/git-sync-service/biz/model/git_sync/git_sync.go:1858.46,1859.27 1 0
github.com/yi-nology/git-sync-service/biz/model/git_sync/git_sync.go:1861.2,1861.46 1 0
github.com/yi-nology/git-sync-service/biz/model/git_sync/git_sync.go:1861.46,1862.27 1 0
github.com/yi-nology/git-sync-service/biz/model/git_sync/git_sync.go:1864.2,1865.1 2 0
github.com/yi-nology/git-sync-service/biz/model/git_sync/git_sync.go:1866.2,1867.1 2 0
github.com/yi-nology/git-sync-service/biz/model/git_sync/git_sync.go:1868.2,1869.1 2 0
github.com/yi-nology/git-sync-service/biz/model/git_sync/git_sync.go:1870.2,1871.1 2 0
github.com/yi-nology/git-sync-service/biz/model/git_sync/git_sync.go:1872.2,1872.80 1 0
github.com/yi-nology/git-sync-service/biz/model/git_sync/git_sync.go:1875.87,1876.22 1 0
github.com/yi-nology/git-sync-service/biz/model/git_sync/git_sync.go:1876.22,1877.75 1 0
github.com/yi-nology/git-sync-service/biz/model/git_sync/git_sync.go:1877.75,1878.29 1 0
github.com/yi-nology/git-sync-service/biz/model/git_sync/git_sync.go:1880.3,1880.48 1 0
github.com/yi-nology/git-sync-service/biz/model/git_sync/git_sync.go:1880.48,1882.4 1 0
github.com/yi-nology/git-sync-service/biz/model/git_sync/git_sync.go:1883.3,1883.46 1 0
github.com/yi-nology/git-sync-service/biz/model/git_sync/git_sync.go:1883.46,1884.27 1 0
github.com/yi-nology/git-sync-service/biz/model/git_sync/git_sync.go:1887.2,1888.1 2 0
github.com/yi-nology/git-sync-service/biz/model/git_sync/git_sync.go:1889.2,1890.1 2 0
github.com/yi-nology/git-sync-service/biz/model/git_sync/git_sync.go:1891.2,1891.81 1 0
github.com/yi-nology/git-sync-service/biz/model/git_sync/git_sync.go:1894.55,1895.14 1 0
github.com/yi-nology/git-sync-service/biz/model/git_sync/git_sync.go:1895.14,1897.3 1 0
github.com/yi-nology/git-sync-service/biz/model/git_sync/git_sync.go:1898.2,1898.60 1 0
github.com/yi-nology/git-sync-service/biz/model/git_sync/git_sync.go:1906.64,1908.2 1 0
github.com/yi-nology/git-sync-service/biz/model/git_sync/git_sync.go:1910.52,1911.2 0 0
github.com/yi-nology/git-sync-service/biz/model/git_sync/git_sync.go:1915.70,1916.19 1 0
github.com/yi-nology/git-sync-service/biz/model/git_sync/git_sync.go:1916.19,1918.3 1 0
github.com/yi-nology/git-sync-service/biz/model/git_sync/git_sync.go:1919.2,1919.14 1 0
github.com/yi-nology/git-sync-service/biz/model/git_sync/git_sync.go:1926.53,1928.2 1 0
github.com/yi-nology/git-sync-service/biz/model/git_sync/git_sync.go:1930.78,1935.50 3 0
github.com/yi-nology/git-sync-service/biz/model/git_sync/git_sync.go:1935.50,1936.28 1 0
github.com/yi-nology/git-sync-service/biz/model/git_sync/git_sync.go:1939.2,1939.6 1 0
github.com/yi-nology/git-sync-service/biz/model/git_sync/git_sync.go:1939.6,1941.17 2 0
github.com/yi-nology/git-sync-service/biz/model/git_sync/git_sync.go:1941.17,1942.28 1 0
github.com/yi-nology/git-sync-service/biz/model/git_sync/git_sync.go:1944.3,1944.33 1 0
github.com/yi-nology/git-sync-service/biz/model/git_sync/git_sync.go:1944.33,1945.9 1 0
github.com/yi-nology/git-sync-service/biz/model/git_sync/git_sync.go:1948.3,1948.18 1 0
github.com/yi-nology/git-sync-service/biz/model/git_sync/git_sync.go:1949.10,1950.36 1 0
github.com/yi-nology/git-sync-service/biz/model/git_sync/git_sync.go:1950.36,1951.46 1 0
github.com/yi-nology/git-sync-service/biz/model/git_sync/git_sync.go:1951.46,1952.25 1 0
github.com/yi-nology/git-sync-service/biz/model/git_sync/git_sync.go:1954.10,1954.56 1 0
github.com/yi-nology/git-sync-service/biz/model/git_sync/git_sync.go:1954.56,1955.24 1 0
github.com/yi-nology/git-sync-service/biz/model/git_sync/git_sync.go:1957.11,1958.49 1 0
github.com/yi-nology/git-sync-service/biz/model/git_sync/git_sync.go:1958.49,1959.24 1 0
github.com/yi-nology/git-sync-service/biz/model/git_sync/git_sync.go:1962.3,1962.45 1 0
github.com/yi-nology/git-sync-service/biz/model/git_sync/git_sync.go:1962.45,1963.26 1 0
github.com/yi-nology/git-sync-service/biz/model/git_sync/git_sync.go:1966.2,1966.45 1 0
github.com/yi-nology/git-sync-service/biz/model/git_sync/git_sync.go:1966.45,1967.26 1 0
github.com/yi-nology/git-sync-service/biz/model/git_sync/git_sync.go:1970.2,1971.1 2 0
github.com/yi-nology/git-sync-service/biz/model/git_sync/git_sync.go:1972.2,1973.1 2 0
github.com/yi-nology/git-sync-service/biz/model/git_sync/git_sync.go:1974.2,1975.1 2 0
github.com/yi-nology/git-sync-service/biz/model/git_sync/git_sync.go:1976.2,1977.1 2 0
github.com/yi-nology/git-sync-service/biz/model/git_sync/git_sync.go:1978.2,1980.1 2 0
github.com/yi-nology/git-sync-service/biz/model/git_sync/git_sync.go:1981.2,1982.1 2 0
github.com/yi-nology/git-sync-service/biz/model/git_sync/git_sync.go:1983.2,1983.79 1 0
github.com/yi-nology/git-sync-service/biz/model/git_sync/git_sync.go:1986.78,1988.43 2 0
github.com/yi-nology/git-sync-service/biz/model/git_sync/git_sync.go:1988.43,1990.3 1 0
github.com/yi-nology/git-sync-service/biz/model/git_sync/git_sync.go:1991.2,1992.12 2 0
github.com/yi-nology/git-sync-service/biz/model/git_sync/git_sync.go:1995.79,1997.65 2 0
github.com/yi-nology/git-sync-service/biz/model/git_sync/git_sync.go:1997.65,1998.29 1 0
github.com/yi-nology/git-sync-service/biz/model/git_sync/git_sync.go:2000.2,2000.14 1 0
github.com/yi-nology/git-sync-service/biz/model/git_sync/git_sync.go:2000.14,2001.45 1 0
github.com/yi-nology/git-sync-service/biz/model/git_sync/git_sync.go:2001.45,2003.24 2 0
github.com/yi-nology/git-sync-service/biz/model/git_sync/git_sync.go:2006.2,2006.46 1 0
github.com/yi-nology/git-sync-service/biz/model/git_sync/git_sync.go:2006.46,2007.27 1 0
github.com/yi-nology/git-sync-service/biz/model/git_sync/git_sync.go:2009.2,2009.46 1 0
github.com/yi-nology/git-sync-service/biz/model/git_sync/git_sync.go:2009.46,2010.27 1 0
github.com/yi-nology/git-sync-service/biz/model/git_sync/git_sync.go:2012.2,2013.1 2 0
github.com/yi-nology/git-sync-service/biz/model/git_sync/git_sync.go:2014.2,2015.1 2 0
github.com/yi-nology/git-sync-service/biz/model/git_sync/git_sync.go:2016.2,2017.1 2 0
github.com/yi-nology/git-sync-service/biz/model/git_sync/git_sync.go:2018.2,2019.1 2 0
github.com/yi-nology/git-sync-service/biz/model/git_sync/git_sync.go:2020.2,2020.80 1 0
github.com/yi-nology/git-sync-service/biz/model/git_sync/git_sync.go:2023.85,2024.70 1 0
github.com/yi-nology/git-sync-service/biz/model/git_sync/git_sync.go:2024.70,2025.28 1 0
github.com/yi-nology/git-sync-service/biz/model/git_sync/git_sync.go:2027.2,2027.43 1 0
github.com/yi-nology/git-sync-service/biz/model/git_sync/git_sync.go:2027.43,2029.3 1 0
github.com/yi-nology/git-sync-service/biz/model/git_sync/git_sync.go:2030.2,2030.45 1 0
github.com/yi-nology/git-sync-service/biz/model/git_sync/git_sync.go:2030.45,2031.26 1 0
github.com/yi-nology/git-sync-service/biz/model/git_sync/git_sync.go:2033.2,2034.1 2 0
github.com/yi-nology/git-sync-service/biz/model/git_sync/git_sync.go:2035.2,2036.1 2 0
github.com/yi-nology/git-sync-service/biz/model/git_sync/git_sync.go:2037.2,2037.81 1 0
github.com/yi-nology/git-sync-service/biz/model/git_sync/git_sync.go:2040.53,2041.14 1 0
github.com/yi-nology/git-sync-service/biz/model/git_sync/git_sync.go:2041.14,2043.3 1 0
github.com/yi-nology/git-sync-service/biz/model/git_sync/git_sync.go:2044.2,2044.58 1 0
github.com/yi-nology/git-sync-service/biz/model/git_sync/git_sync.go:2052.68,2054.2 1 0
github.com/yi-nology/git-sync-service/biz/model/git_sync/git_sync.go:2056.54,2057.2 0 0
github.com/yi-nology/git-sync-service/biz/model/git_sync/git_sync.go:2061.77,2062.23 1 0
github.com/yi-nology/git-sync-service/biz/model/git_sync/git_sync.go:2062.23,2064.3 1 0
github.com/yi-nology/git-sync-service/biz/model/git_sync/git_sync.go:2065.2,2065.18 1 0
github.com/yi-nology/git-sync-service/biz/model/git_sync/git_sync.go:2072.59,2074.2 1 0
github.com/yi-nology/git-sync-service/biz/model/git_sync/git_sync.go:2076.80,2081.50 3 0
github.com/yi-nology/git-sync-service/biz/model/git_sync/git_sync.go:2081.50,2082.28 1 0
github.com/yi-nology/git-sync-service/biz/model/git_sync/git_sync.go:2085.2,2085.6 1 0
github.com/yi-nology/git-sync-service/biz/model/git_sync/git_sync.go:2085.6,2087.17 2 0
github.com/yi-nology/git-sync-service/biz/model/git_sync/git_sync.go:2087.17,2088.28 1 0
github.com/yi-nology/git-sync-service/biz/model/git_sync/git_sync.go:2090.3,2090.33 1 0
github.com/yi-nology/git-sync-service/biz/model/git_sync/git_sync.go:2090.33,2091.9 1 0
github.com/yi-nology/git-sync-service/biz/model/git_sync/git_sync.go:2094.3,2094.18 1 0
github.com/yi-nology/git-sync-service/biz/model/git_sync/git_sync.go:2095.10,2096.36 1 0
github.com/yi-nology/git-sync-service/biz/model/git_sync/git_sync.go:2096.36,2097.46 1 0
github.com/yi-nology/git-sync-service/biz/model/git_sync/git_sync.go:2097.46,2098.25 1 0
github.com/yi-nology/git-sync-service/biz/model/git_sync/git_sync.go:2100.10,2100.56 1 0
github.com/yi-nology/git-sync-service/biz/model/git_sync/git_sync.go:2100.56,2101.24 1 0
github.com/yi-nology/git-sync-service/biz/model/git_sync/git_sync.go:2103.11,2104.49 1 0
github.com/yi-nology/git-sync-service/biz/model/git_sync/git_sync.go:2104.49,2105.24 1 0
github.com/yi-nology/git-sync-service/biz/model/git_sync/git_sync.go:2108.3,2108.45 1 0
github.com/yi-nology/git-sync-service/biz/model/git_sync/git_sync.go:2108.45,2109.26 1 0
github.com/yi-nology/git-sync-service/biz/model/git_sync/git_sync.go:2112.2,2112.45 1 0
github.com/yi-nology/git-sync-service/biz/model/git_sync/git_sync.go:2112.45,2113.26 1 0
github.com/yi-nology/git-sync-service/biz/model/git_sync/git_sync.go:2116.2,2117.1 2 0
github.com/yi-nology/git-sync-service/biz/model/git_sync/git_sync.go:2118.2,2119.1 2 0
github.com/yi-nology/git-sync-service/biz/model/git_sync/git_sync.go:2120.2,2121.1 2 0
github.com/yi-nology/git-sync-service/biz/model/git_sync/git_sync.go:2122.2,2123.1 2 0
github.com/yi-nology/git-sync-service/biz/model/git_sync/git_sync.go:2124.2,2126.1 2 0
github.com/yi-nology/git-sync-service/biz/model/git_sync/git_sync.go:2127.2,2128.1 2 0
github.com/yi-nology/git-sync-service/biz/model/git_sync/git_sync.go:2129.2,2129.79 1 0
github.com/yi-nology/git-sync-service/biz/model/git_sync/git_sync.go:2132.80,2134.43 2 0
github.com/yi-nology/git-sync-service/biz/model/git_sync/git_sync.go:2134.43,2136.3 1 0
github.com/yi-nology/git-sync-service/biz/model/git_sync/git_sync.go:2137.2,2138.12 2 0
github.com/yi-nology/git-sync-service/biz/model/git_sync/git_sync.go:2141.81,2143.67 2 0
github.com/yi-nology/git-sync-service/biz/model/git_sync/git_sync.go:2143.67,2144.29 1 0
github.com/yi-nology/git-sync-service/biz/model/git_sync/git_sync.go:2146.2,2146.14 1 0
github.com/yi-nology/git-sync-service/biz/model/git_sync/git_sync.go:2146.14,2147.45 1 0
github.com/yi-nology/git-sync-service/biz/model/git_sync/git_sync.go:2147.45,2149.24 2 0
github.com/yi-nology/git-sync-service/biz/model/git_sync/git_sync.go:2152.2,2152.46 1 0
github.com/yi-nology/git-sync-service/biz/model/git_sync/git_sync.go:2152.46,2153.27 1 0
github.com/yi-nology/git-sync-service/biz/model/git_sync/git_sync.go:2155.2,2155.46 1 0
github.com/yi-nology/git-sync-service/biz/model/git_sync/git_sync.go:2155.46,2156.27 1 0
github.com/yi-nology/git-sync-service/biz/model/git_sync/git_sync.go:2158.2,2159.1 2 0
github.com/yi-nology/git-sync-service/biz/model/git_sync/git_sync.go:2160.2,2161.1 2 0
github.com/yi-nology/git-sync-service/biz/model/git_sync/git_sync.go:2162.2,2163.1 2 0
github.com/yi-nology/git-sync-service/biz/model/git_sync/git_sync.go:2164.2,2165.1 2 0
github.com/yi-nology/git-sync-service/biz/model/git_sync/git_sync.go:2166.2,2166.80 1 0
github.com/yi-nology/git-sync-service/biz/model/git_sync/git_sync.go:2169.87,2170.22 1 0
github.com/yi-nology/git-sync-service/biz/model/git_sync/git_sync.go:2170.22,2171.75 1 0
github.com/yi-nology/git-sync-service/biz/model/git_sync/git_sync.go:2171.75,2172.29 1 0
github.com/yi-nology/git-sync-service/biz/model/git_sync/git_sync.go:2174.3,2174.48 1 0
github.com/yi-nology/git-sync-service/biz/model/git_sync/git_sync.go:2174.48,2176.4 1 0
github.com/yi-nology/git-sync-service/biz/model/git_sync/git_sync.go:2177.3,2177.46 1 0
github.com/yi-nology/git-sync-service/biz/model/git_sync/git_sync.go:2177.46,2178.27 1 0
github.com/yi-nology/git-sync-service/biz/model/git_sync/git_sync.go:2181.2,2182.1 2 0
github.com/yi-nology/git-sync-service/biz/model/git_sync/git_sync.go:2183.2,2184.1 2 0
github.com/yi-nology/git-sync-service/biz/model/git_sync/git_sync.go:2185.2,2185.81 1 0
github.com/yi-nology/git-sync-service/biz/model/git_sync/git_sync.go:2188.55,2189.14 1 0
github.com/yi-nology/git-sync-service/biz/model/git_sync/git_sync.go:2189.14,2191.3 1 0
github.com/yi-nology/git-sync-service/biz/model/git_sync/git_sync.go:2192.2,2192.60 1 0
github.com/yi-nology/git-sync-service/biz/model/git_sync/git_sync.go:2200.72,2202.2 1 0
github.com/yi-nology/git-sync-service/biz/model/git_sync/git_sync.go:2204.56,2205.2 0 0
github.com/yi-nology/git-sync-service/biz/model/git_sync/git_sync.go:2209.78,2210.19 1 0
github.com/yi-nology/git-sync-service/biz/model/git_sync/git_sync.go:2210.19,2212.3 1 0
github.com/yi-nology/git-sync-service/biz/model/git_sync/git_sync.go:2213.2,2213.14 1 0
github.com/yi-nology/git-sync-service/biz/model/git_sync/git_sync.go:2220.57,2222.2 1 0
github.com/yi-nology/git-sync-service/biz/model/git_sync/git_sync.go:2224.82,2229.50 3 0
github.com/yi-nology/git-sync-service/biz/model/git_sync/git_sync.go:2229.50,2230.28 1 0
github.com/yi-nology/git-sync-service/biz/model/git_sync/git_sync.go:2233.2,2233.6 1 0
github.com/yi-nology/git-sync-service/biz/model/git_sync/git_sync.go:2233.6,2235.17 2 0
github.com/yi-nology/git-sync-service/biz/model/git_sync/git_sync.go:2235.17,2236.28 1 0
github.com/yi-nology/git-sync-service/biz/model/git_sync/git_sync.go:2238.3,2238.33 1 0
github.com/yi-nology/git-sync-service/biz/model/git_sync/git_sync.go:2238.33,2239.9 1 0
github.com/yi-nology/git-sync-service/biz/model/git_sync/git_sync.go:2242.3,2242.18 1 0
github.com/yi-nology/git-sync-service/biz/model/git_sync/git_sync.go:2243.10,2244.36 1 0
github.com/yi-nology/git-sync-service/biz/model/git_sync/git_sync.go:2244.36,2245.46 1 0
github.com/yi-nology/git-sync-service/biz/model/git_sync/git_sync.go:2245.46,2246.25 1 0
github.com/yi-nology/git-sync-service/biz/model/git_sync/git_sync.go:2248.10,2248.56 1 0
github.com/yi-nology/git-sync-service/biz/model/git_sync/git_sync.go:2248.56,2249.24 1 0
github.com/yi-nology/git-sync-service/biz/model/git_sync/git_sync.go:2251.11,2252.49 1 0
github.com/yi-nology/git-sync-service/biz/model/git_sync/git_sync.go:2252.49,2253.24 1 0
github.com/yi-nology/git-sync-service/biz/model/git_sync/git_sync.go:2256.3,2256.45 1 0
github.com/yi-nology/git-sync-service/biz/model/git_sync/git_sync.go:2256.45,2257.26 1 0
github.com/yi-nology/git-sync-service/biz/model/git_sync/git_sync.go:2260.2,2260.45 1 0
github.com/yi-nology/git-sync-service/biz/model/git_sync/git_sync.go:2260.45,2261.26 1 0
github.com/yi-nology/git-sync-service/biz/model/git_sync/git_sync.go:2264.2,2265.1 2 0
github.com/yi-nology/git-sync-service/biz/model/git_sync/git_sync.go:2266.2,2267.1 2 0
github.com/yi-nology/git-sync-service/biz/model/git_sync/git_sync.go:2268.2,2269.1 2 0
github.com/yi-nology/git-sync-service/biz/model/git_sync/git_sync.go:2270.2,2271.1 2 0
github.com/yi-nology/git-sync-service/biz/model/git_sync/git_sync.go:2272.2,2274.1 2 0
github.com/yi-nology/git-sync-service/biz/model/git_sync/git_sync.go:2275.2,2276.1 2 0
github.com/yi-nology/git-sync-service/biz/model/git_sync/git_sync.go:2277.2,2277.79 1 0
github.com/yi-nology/git-sync-service/biz/model/git_sync/git_sync.go:2280.82,2282.43 2 0
github.com/yi-nology/git-sync-service/biz/model/git_sync/git_sync.go:2282.43,2284.3 1 0
github.com/yi-nology/git-sync-service/biz/model/git_sync/git_sync.go:2285.2,2286.12 2 0
github.com/yi-nology/git-sync-service/biz/model/git_sync/git_sync.go:2289.83,2291.69 2 0
github.com/yi-nology/git-sync-service/biz/model/git_sync/git_sync.go:2291.69,2292.29 1 0
github.com/yi-nology/git-sync-service/biz/model/git_sync/git_sync.go:2294.2,2294.14 1 0
github.com/yi-nology/git-sync-service/biz/model/git_sync/git_sync.go:2294.14,2295.45 1 0
github.com/yi-nology/git-sync-service/biz/model/git_sync/git_sync.go:2295.45,2297.24 2 0
github.com/yi-nology/git-sync-service/biz/model/git_sync/git_sync.go:2300.2,2300.46 1 0
github.com/yi-nology/git-sync-service/biz/model/git_sync/git_sync.go:2300.46,2301.27 1 0
github.com/yi-nology/git-sync-service/biz/model/git_sync/git_sync.go:2303.2,2303.46 1 0
github.com/yi-nology/git-sync-service/biz/model/git_sync/git_sync.go:2303.46,2304.27 1 0
github.com/yi-nology/git-sync-service/biz/model/git_sync/git_sync.go:2306.2,2307.1 2 0
github.com/yi-nology/git-sync-service/biz/model/git_sync/git_sync.go:2308.2,2309.1 2 0
github.com/yi-nology/git-sync-service/biz/model/git_sync/git_sync.go:2310.2,2311.1 2 0
github.com/yi-nology/git-sync-service/biz/model/git_sync/git_sync.go:2312.2,2313.1 2 0
github.com/yi-nology/git-sync-service/biz/model/git_sync/git_sync.go:2314.2,2314.80 1 0
github.com/yi-nology/git-sync-service/biz/model/git_sync/git_sync.go:2317.89,2318.70 1 0
github.com/yi-nology/git-sync-service/biz/model/git_sync/git_sync.go:2318.70,2319.28 1 0
github.com/yi-nology/git-sync-service/biz/model/git_sync/git_sync.go:2321.2,2321.43 1 0
github.com/yi-nology/git-sync-service/biz/model/git_sync/git_sync.go:2321.43,2323.3 1 0
github.com/yi-nology/git-sync-service/biz/model/git_sync/git_sync.go:2324.2,2324.45 1 0
github.com/yi-nology/git-sync-service/biz/model/git_sync/git_sync.go:2324.45,2325.26 1 0
github.com/yi-nology/git-sync-service/biz/model/git_sync/git_sync.go:2327.2,2328.1 2 0
github.com/yi-nology/git-sync-service/biz/model/git_sync/git_sync.go:2329.2,2330.1 2 0
github.com/yi-nology/git-sync-service/biz/model/git_sync/git_sync.go:2331.2,2331.81 1 0
github.com/yi-nology/git-sync-service/biz/model/git_sync/git_sync.go:2334.57,2335.14 1 0
github.com/yi-nology/git-sync-service/biz/model/git_sync/git_sync.go:2335.14,2337.3 1 0
github.com/yi-nology/git-sync-service/biz/model/git_sync/git_sync.go:2338.2,2338.62 1 0
github.com/yi-nology/git-sync-service/biz/model/git_sync/git_sync.go:2346.76,2348.2 1 0
github.com/yi-nology/git-sync-service/biz/model/git_sync/git_sync.go:2350.58,2351.2 0 0
github.com/yi-nology/git-sync-service/biz/model/git_sync/git_sync.go:2355.85,2356.23 1 0
github.com/yi-nology/git-sync-service/biz/model/git_sync/git_sync.go:2356.23,2358.3 1 0
github.com/yi-nology/git-sync-service/biz/model/git_sync/git_sync.go:2359.2,2359.18 1 0
github.com/yi-nology/git-sync-service/biz/model/git_sync/git_sync.go:2366.63,2368.2 1 0
github.com/yi-nology/git-sync-service/biz/model/git_sync/git_sync.go:2370.84,2375.50 3 0
github.com/yi-nology/git-sync-service/biz/model/git_sync/git_sync.go:2375.50,2376.28 1 0
github.com/yi-nology/git-sync-service/biz/model/git_sync/git_sync.go:2379.2,2379.6 1 0
github.com/yi-nology/git-sync-service/biz/model/git_sync/git_sync.go:2379.6,2381.17 2 0
github.com/yi-nology/git-sync-service/biz/model/git_sync/git_sync.go:2381.17,2382.28 1 0
github.com/yi-nology/git-sync-service/biz/model/git_sync/git_sync.go:2384.3,2384.33 1 0
github.com/yi-nology/git-sync-service/biz/model/git_sync/git_sync.go:2384.33,2385.9 1 0
github.com/yi-nology/git-sync-service/biz/model/git_sync/git_sync.go:2388.3,2388.18 1 0
github.com/yi-nology/git-sync-service/biz/model/git_sync/git_sync.go:2389.10,2390.36 1 0
github.com/yi-nology/git-sync-service/biz/model/git_sync/git_sync.go:2390.36,2391.46 1 0
github.com/yi-nology/git-sync-service/biz/model/git_sync/git_sync.go:2391.46,2392.25 1 0
github.com/yi-nology/git-sync-service/biz/model/git_sync/git_sync.go:2394.10,2394.56 1 0
github.com/yi-nology/git-sync-service/biz/model/git_sync/git_sync.go:2394.56,2395.24 1 0
github.com/yi-nology/git-sync-service/biz/model/git_sync/git_sync.go:2397.11,2398.49 1 0
github.com/yi-nology/git-sync-service/biz/model/git_sync/git_sync.go:2398.49,2399.24 1 0
github.com/yi-nology/git-sync-service/biz/model/git_sync/git_sync.go:2402.3,2402.45 1 0
github.com/yi-nology/git-sync-service/biz/model/git_sync/git_sync.go:2402.45,2403.26 1 0
github.com/yi-nology/git-sync-service/biz/model/git_sync/git_sync.go:2406.2,2406.45 1 0
github.com/yi-nology/git-sync-service/biz/model/git_sync/git_sync.go:2406.45,2407.26 1 0
github.com/yi-nology/git-sync-service/biz/model/git_sync/git_sync.go:2410.2,2411.1 2 0
github.com/yi-nology/git-sync-service/biz/model/git_sync/git_sync.go:2412.2,2413.1 2 0
github.com/yi-nology/git-sync-service/biz/model/git_sync/git_sync.go:2414.2,2415.1 2 0
github.com/yi-nology/git-sync-service/biz/model/git_sync/git_sync.go:2416.2,2417.1 2 0
github.com/yi-nology/git-sync-service/biz/model/git_sync/git_sync.go:2418.2,2420.1 2 0
github.com/yi-nology/git-sync-service/biz/model/git_sync/git_sync.go:2421.2,2422.1 2 0
github.com/yi-nology/git-sync-service/biz/model/git_sync/git_sync.go:2423.2,2423.79 1 0
github.com/yi-nology/git-sync-service/biz/model/git_sync/git_sync.go:2426.84,2428.43 2 0
github.com/yi-nology/git-sync-service/biz/model/git_sync/git_sync.go:2428.43,2430.3 1 0
github.com/yi-nology/git-sync-service/biz/model/git_sync/git_sync.go:2431.2,2432.12 2 0
github.com/yi-nology/git-sync-service/biz/model/git_sync/git_sync.go:2435.85,2437.71 2 0
github.com/yi-nology/git-sync-service/biz/model/git_sync/git_sync.go:2437.71,2438.29 1 0
github.com/yi-nology/git-sync-service/biz/model/git_sync/git_sync.go:2440.2,2440.14 1 0
github.com/yi-nology/git-sync-service/biz/model/git_sync/git_sync.go:2440.14,2441.45 1 0
github.com/yi-nology/git-sync-service/biz/model/git_sync/git_sync.go:2441.45,2443.24 2 0
github.com/yi-nology/git-sync-service/biz/model/git_sync/git_sync.go:2446.2,2446.46 1 0
github.com/yi-nology/git-sync-service/biz/model/git_sync/git_sync.go:2446.46,2447.27 1 0
github.com/yi-nology/git-sync-service/biz/model/git_sync/git_sync.go:2449.2,2449.46 1 0
github.com/yi-nology/git-sync-service/biz/model/git_sync/git_sync.go:2449.46,2450.27 1 0
github.com/yi-nology/git-sync-service/biz/model/git_sync/git_sync.go:2452.2,2453.1 2 0
github.com/yi-nology/git-sync-service/biz/model/git_sync/git_sync.go:2454.2,2455.1 2 0
github.com/yi-nology/git-sync-service/biz/model/git_sync/git_sync.go:2456.2,2457.1 2 0
github.com/yi-nology/git-sync-service/biz/model/git_sync/git_sync.go:2458.2,2459.1 2 0
github.com/yi-nology/git-sync-service/biz/model/git_sync/git_sync.go:2460.2,2460.80 1 0
github.com/yi-nology/git-sync-service/biz/model/git_sync/git_sync.go:2463.91,2464.22 1 0
github.com/yi-nology/git-sync-service/biz/model/git_sync/git_sync.go:2464.22,2465.75 1 0
github.com/yi-nology/git-sync-service/biz/model/git_sync/git_sync.go:2465.75,2466.29 1 0
github.com/yi-nology/git-sync-service/biz/model/git_sync/git_sync.go:2468.3,2468.48 1 0
github.com/yi-nology/git-sync-service/biz/model/git_sync/git_sync.go:2468.48,2470.4 1 0
github.com/yi-nology/git-sync-service/biz/model/git_sync/git_sync.go:2471.3,2471.46 1 0
github.com/yi-nology/git-sync-service/biz/model/git_sync/git_sync.go:2471.46,2472.27 1 0
github.com/yi-nology/git-sync-service/biz/model/git_sync/git_sync.go:2475.2,2476.1 2 0
github.com/yi-nology/git-sync-service/biz/model/git_sync/git_sync.go:2477.2,2478.1 2 0
github.com/yi-nology/git-sync-service/biz/model/git_sync/git_sync.go:2479.2,2479.81 1 0
github.com/yi-nology/git-sync-service/biz/model/git_sync/git_sync.go:2482.59,2483.14 1 0
github.com/yi-nology/git-sync-service/biz/model/git_sync/git_sync.go:2483.14,2485.3 1 0
github.com/yi-nology/git-sync-service/biz/model/git_sync/git_sync.go:2486.2,2486.64 1 0
github.com/yi-nology/git-sync-service/biz/model/git_sync/git_sync.go:2494.68,2496.2 1 0
github.com/yi-nology/git-sync-service/biz/model/git_sync/git_sync.go:2498.54,2499.2 0 0
github.com/yi-nology/git-sync-service/biz/model/git_sync/git_sync.go:2503.74,2504.19 1 0
github.com/yi-nology/git-sync-service/biz/model/git_sync/git_sync.go:2504.19,2506.3 1 0
github.com/yi-nology/git-sync-service/biz/model/git_sync/git_sync.go:2507.2,2507.14 1 0
github.com/yi-nology/git-sync-service/biz/model/git_sync/git_sync.go:2514.55,2516.2 1 0
github.com/yi-nology/git-sync-service/biz/model/git_sync/git_sync.go:2518.80,2523.50 3 0
github.com/yi-nology/git-sync-service/biz/model/git_sync/git_sync.go:2523.50,2524.28 1 0
github.com/yi-nology/git-sync-service/biz/model/git_sync/git_sync.go:2527.2,2527.6 1 0
github.com/yi-nology/git-sync-service/biz/model/git_sync/git_sync.go:2527.6,2529.17 2 0
github.com/yi-nology/git-sync-service/biz/model/git_sync/git_sync.go:2529.17,2530.28 1 0
github.com/yi-nology/git-sync-service/biz/model/git_sync/git_sync.go:2532.3,2532.33 1 0
github.com/yi-nology/git-sync-service/biz/model/git_sync/git_sync.go:2532.33,2533.9 1 0
github.com/yi-nology/git-sync-service/biz/model/git_sync/git_sync.go:2536.3,2536.18 1 0
github.com/yi-nology/git-sync-service/biz/model/git_sync/git_sync.go:2537.10,2538.36 1 0
github.com/yi-nology/git-sync-service/biz/model/git_sync/git_sync.go:2538.36,2539.46 1 0
github.com/yi-nology/git-sync-service/biz/model/git_sync/git_sync.go:2539.46,2540.25 1 0
github.com/yi-nology/git-sync-service/biz/model/git_sync/git_sync.go:2542.10,2542.56 1 0
github.com/yi-nology/git-sync-service/biz/model/git_sync/git_sync.go:2542.56,2543.24 1 0
github.com/yi-nology/git-sync-service/biz/model/git_sync/git_sync.go:2545.11,2546.49 1 0
github.com/yi-nology/git-sync-service/biz/model/git_sync/git_sync.go:2546.49,2547.24 1 0
github.com/yi-nology/git-sync-service/biz/model/git_sync/git_sync.go:2550.3,2550.45 1 0
github.com/yi-nology/git-sync-service/biz/model/git_sync/git_sync.go:2550.45,2551.26 1 0
github.com/yi-nology/git-sync-service/biz/model/git_sync/git_sync.go:2554.2,2554.45 1 0
github.com/yi-nology/git-sync-service/biz/model/git_sync/git_sync.go:2554.45,2555.26 1 0
github.com/yi-nology/git-sync-service/biz/model/git_sync/git_sync.go:2558.2,2559.1 2 0
github.com/yi-nology/git-sync-service/biz/model/git_sync/git_sync.go:2560.2,2561.1 2 0
github.com/yi-nology/git-sync-service/biz/model/git_sync/git_sync.go:2562.2,2563.1 2 0
github.com/yi-nology/git-sync-service/biz/model/git_sync/git_sync.go:2564.2,2565.1 2 0
github.com/yi-nology/git-sync-service/biz/model/git_sync/git_sync.go:2566.2,2568.1 2 0
github.com/yi-nology/git-sync-service/biz/model/git_sync/git_sync.go:2569.2,2570.1 2 0
github.com/yi-nology/git-sync-service/biz/model/git_sync/git_sync.go:2571.2,2571.79 1 0
github.com/yi-nology/git-sync-service/biz/model/git_sync/git_sync.go:2574.80,2576.43 2 0
github.com/yi-nology/git-sync-service/biz/model/git_sync/git_sync.go:2576.43,2578.3 1 0
github.com/yi-nology/git-sync-service/biz/model/git_sync/git_sync.go:2579.2,2580.12 2 0
github.com/yi-nology/git-sync-service/biz/model/git_sync/git_sync.go:2583.81,2585.67 2 0
github.com/yi-nology/git-sync-service/biz/model/git_sync/git_sync.go:2585.67,2586.29 1 0
github.com/yi-nology/git-sync-service/biz/model/git_sync/git_sync.go:2588.2,2588.14 1 0
github.com/yi-nology/git-sync-service/biz/model/git_sync/git_sync.go:2588.14,2589.45 1 0
github.com/yi-nology/git-sync-service/biz/model/git_sync/git_sync.go:2589.45,2591.24 2 0
github.com/yi-nology/git-sync-service/biz/model/git_sync/git_sync.go:2594.2,2594.46 1 0
github.com/yi-nology/git-sync-service/biz/model/git_sync/git_sync.go:2594.46,2595.27 1 0
github.com/yi-nology/git-sync-service/biz/model/git_sync/git_sync.go:2597.2,2597.46 1 0
github.com/yi-nology/git-sync-service/biz/model/git_sync/git_sync.go:2597.46,2598.27 1 0
github.com/yi-nology/git-sync-service/biz/model/git_sync/git_sync.go:2600.2,2601.1 2 0
github.com/yi-nology/git-sync-service/biz/model/git_sync/git_sync.go:2602.2,2603.1 2 0
github.com/yi-nology/git-sync-service/biz/model/git_sync/git_sync.go:2604.2,2605.1 2 0
github.com/yi-nology/git-sync-service/biz/model/git_sync/git_sync.go:2606.2,2607.1 2 0
github.com/yi-nology/git-sync-service/biz/model/git_sync/git_sync.go:2608.2,2608.80 1 0
github.com/yi-nology/git-sync-service/biz/model/git_sync/git_sync.go:2611.87,2612.70 1 0
github.com/yi-nology/git-sync-service/biz/model/git_sync/git_sync.go:2612.70,2613.28 1 0
github.com/yi-nology/git-sync-service/biz/model/git_sync/git_sync.go:2615.2,2615.43 1 0
github.com/yi-nology/git-sync-service/biz/model/git_sync/git_sync.go:2615.43,2617.3 1 0
github.com/yi-nology/git-sync-service/biz/model/git_sync/git_sync.go:2618.2,2618.45 1 0
github.com/yi-nology/git-sync-service/biz/model/git_sync/git_sync.go:2618.45,2619.26 1 0
github.com/yi-nology/git-sync-service/biz/model/git_sync/git_sync.go:2621.2,2622.1 2 0
github.com/yi-nology/git-sync-service/biz/model/git_sync/git_sync.go:2623.2,2624.1 2 0
github.com/yi-nology/git-sync-service/biz/model/git_sync/git_sync.go:2625.2,2625.81 1 0
github.com/yi-nology/git-sync-service/biz/model/git_sync/git_sync.go:2628.55,2629.14 1 0
github.com/yi-nology/git-sync-service/biz/model/git_sync/git_sync.go:2629.14,2631.3 1 0
github.com/yi-nology/git-sync-service/biz/model/git_sync/git_sync.go:2632.2,2632.60 1 0
github.com/yi-nology/git-sync-service/biz/model/git_sync/git_sync.go:2640.72,2642.2 1 0
github.com/yi-nology/git-sync-service/biz/model/git_sync/git_sync.go:2644.56,2645.2 0 0
github.com/yi-nology/git-sync-service/biz/model/git_sync/git_sync.go:2649.81,2650.23 1 0
github.com/yi-nology/git-sync-service/biz/model/git_sync/git_sync.go:2650.23,2652.3 1 0
github.com/yi-nology/git-sync-service/biz/model/git_sync/git_sync.go:2653.2,2653.18 1 0
github.com/yi-nology/git-sync-service/biz/model/git_sync/git_sync.go:2660.61,2662.2 1 0
github.com/yi-nology/git-sync-service/biz/model/git_sync/git_sync.go:2664.82,2669.50 3 0
github.com/yi-nology/git-sync-service/biz/model/git_sync/git_sync.go:2669.50,2670.28 1 0
github.com/yi-nology/git-sync-service/biz/model/git_sync/git_sync.go:2673.2,2673.6 1 0
github.com/yi-nology/git-sync-service/biz/model/git_sync/git_sync.go:2673.6,2675.17 2 0
github.com/yi-nology/git-sync-service/biz/model/git_sync/git_sync.go:2675.17,2676.28 1 0
github.com/yi-nology/git-sync-service/biz/model/git_sync/git_sync.go:2678.3,2678.33 1 0
github.com/yi-nology/git-sync-service/biz/model/git_sync/git_sync.go:2678.33,2679.9 1 0
github.com/yi-nology/git-sync-service/biz/model/git_sync/git_sync.go:2682.3,2682.18 1 0
github.com/yi-nology/git-sync-service/biz/model/git_sync/git_sync.go:2683.10,2684.36 1 0
github.com/yi-nology/git-sync-service/biz/model/git_sync/git_sync.go:2684.36,2685.46 1 0
github.com/yi-nology/git-sync-service/biz/model/git_sync/git_sync.go:2685.46,2686.25 1 0
github.com/yi-nology/git-sync-service/biz/model/git_sync/git_sync.go:2688.10,2688.56 1 0
github.com/yi-nology/git-sync-service/biz/model/git_sync/git_sync.go:2688.56,2689.24 1 0
github.com/yi-nology/git-sync-service/biz/model/git_sync/git_sync.go:2691.11,2692.49 1 0
github.com/yi-nology/git-sync-service/biz/model/git_sync/git_sync.go:2692.49,2693.24 1 0
github.com/yi-nology/git-sync-service/biz/model/git_sync/git_sync.go:2696.3,2696.45 1 0
github.com/yi-nology/git-sync-service/biz/model/git_sync/git_sync.go:2696.45,2697.26 1 0
github.com/yi-nology/git-sync-service/biz/model/git_sync/git_sync.go:2700.2,2700.45 1 0
github.com/yi-nology/git-sync-service/biz/model/git_sync/git_sync.go:2700.45,2701.26 1 0
github.com/yi-nology/git-sync-service/biz/model/git_sync/git_sync.go:2704.2,2705.1 2 0
github.com/yi-nology/git-sync-service/biz/model/git_sync/git_sync.go:2706.2,2707.1 2 0
github.com/yi-nology/git-sync-service/biz/model/git_sync/git_sync.go:2708.2,2709.1 2 0
github.com/yi-nology/git-sync-service/biz/model/git_sync/git_sync.go:2710.2,2711.1 2 0
github.com/yi-nology/git-sync-service/biz/model/git_sync/git_sync.go:2712.2,2714.1 2 0
github.com/yi-nology/git-sync-service/biz/model/git_sync/git_sync.go:2715.2,2716.1 2 0
github.com/yi-nology/git-sync-service/biz/model/git_sync/git_sync.go:2717.2,2717.79 1 0
github.com/yi-nology/git-sync-service/biz/model/git_sync/git_sync.go:2720.82,2722.43 2 0
github.com/yi-nology/git-sync-service/biz/model/git_sync/git_sync.go:2722.43,2724.3 1 0
github.com/yi-nology/git-sync-service/biz/model/git_sync/git_sync.go:2725.2,2726.12 2 0
github.com/yi-nology/git-sync-service/biz/model/git_sync/git_sync.go:2729.83,2731.69 2 0
github.com/yi-nology/git-sync-service/biz/model/git_sync/git_sync.go:2731.69,2732.29 1 0
github.com/yi-nology/git-sync-service/biz/model/git_sync/git_sync.go:2734.2,2734.14 1 0
github.com/yi-nology/git-sync-service/biz/model/git_sync/git_sync.go:2734.14,2735.45 1 0
github.com/yi-nology/git-sync-service/biz/model/git_sync/git_sync.go:2735.45,2737.24 2 0
github.com/yi-nology/git-sync-service/biz/model/git_sync/git_sync.go:2740.2,2740.46 1 0
github.com/yi-nology/git-sync-service/biz/model/git_sync/git_sync.go:2740.46,2741.27 1 0
github.com/yi-nology/git-sync-service/biz/model/git_sync/git_sync.go:2743.2,2743.46 1 0
github.com/yi-nology/git-sync-service/biz/model/git_sync/git_sync.go:2743.46,2744.27 1 0
github.com/yi-nology/git-sync-service/biz/model/git_sync/git_sync.go:2746.2,2747.1 2 0
github.com/yi-nology/git-sync-service/biz/model/git_sync/git_sync.go:2748.2,2749.1 2 0
github.com/yi-nology/git-sync-service/biz/model/git_sync/git_sync.go:2750.2,2751.1 2 0
github.com/yi-nology/git-sync-service/biz/model/git_sync/git_sync.go:2752.2,2753.1 2 0
github.com/yi-nology/git-sync-service/biz/model/git_sync/git_sync.go:2754.2,2754.80 1 0
github.com/yi-nology/git-sync-service/biz/model/git_sync/git_sync.go:2757.89,2758.22 1 0
github.com/yi-nology/git-sync-service/biz/model/git_sync/git_sync.go:2758.22,2759.75 1 0
github.com/yi-nology/git-sync-service/biz/model/git_sync/git_sync.go:2759.75,2760.29 1 0
github.com/yi-nology/git-sync-service/biz/model/git_sync/git_sync.go:2762.3,2762.48 1 0
github.com/yi-nology/git-sync-service/biz/model/git_sync/git_sync.go:2762.48,2764.4 1 0
github.com/yi-nology/git-sync-service/biz/model/git_sync/git_sync.go:2765.3,2765.46 1 0
github.com/yi-nology/git-sync-service/biz/model/git_sync/git_sync.go:2765.46,2766.27 1 0
github.com/yi-nology/git-sync-service/biz/model/git_sync/git_sync.go:2769.2,2770.1 2 0
github.com/yi-nology/git-sync-service/biz/model/git_sync/git_sync.go:2771.2,2772.1 2 0
github.com/yi-nology/git-sync-service/biz/model/git_sync/git_sync.go:2773.2,2773.81 1 0
github.com/yi-nology/git-sync-service/biz/model/git_sync/git_sync.go:2776.57,2777.14 1 0
github.com/yi-nology/git-sync-service/biz/model/git_sync/git_sync.go:2777.14,2779.3 1 0
github.com/yi-nology/git-sync-service/biz/model/git_sync/git_sync.go:2780.2,2780.62 1 0
github.com/yi-nology/git-sync-service/biz/model/git_sync/git_sync.go:2789.103,2791.2 1 0
github.com/yi-nology/git-sync-service/biz/model/git_sync/git_sync.go:2793.116,2796.2 2 0
github.com/yi-nology/git-sync-service/biz/model/git_sync/git_sync.go:2798.88,2800.2 1 0
github.com/yi-nology/git-sync-service/biz/model/git_sync/git_sync.go:2802.85,2813.2 10 0
github.com/yi-nology/git-sync-service/biz/model/git_sync/git_sync.go:2814.134,2816.16 2 0
github.com/yi-nology/git-sync-service/biz/model/git_sync/git_sync.go:2816.16,2818.3 1 0
github.com/yi-nology/git-sync-service/biz/model/git_sync/git_sync.go:2819.2,2819.55 1 0
github.com/yi-nology/git-sync-service/biz/model/git_sync/git_sync.go:2819.55,2821.3 1 0
github.com/yi-nology/git-sync-service/biz/model/git_sync/git_sync.go:2822.2,2829.17 8 0
github.com/yi-nology/git-sync-service/biz/model/git_sync/git_sync.go:2836.156,2838.40 2 0
github.com/yi-nology/git-sync-service/biz/model/git_sync/git_sync.go:2838.40,2846.3 7 0
github.com/yi-nology/git-sync-service/biz/model/git_sync/git_sync.go:2848.2,2852.68 5 0
github.com/yi-nology/git-sync-service/biz/model/git_sync/git_sync.go:2852.68,2859.3 6 0
github.com/yi-nology/git-sync-service/biz/model/git_sync/git_sync.go:2859.8,2861.3 1 0
github.com/yi-nology/git-sync-service/biz/model/git_sync/git_sync.go:2862.2,2862.83 1 0
github.com/yi-nology/git-sync-service/biz/model/git_sync/git_sync.go:2862.83,2864.3 1 0
github.com/yi-nology/git-sync-service/biz/model/git_sync/git_sync.go:2865.2,2865.59 1 0
github.com/yi-nology/git-sync-service/biz/model/git_sync/git_sync.go:2865.59,2867.3 1 0
github.com/yi-nology/git-sync-service/biz/model/git_sync/git_sync.go:2868.2,2868.63 1 0
github.com/yi-nology/git-sync-service/biz/model/git_sync/git_sync.go:2868.63,2870.3 1 0
github.com/yi-nology/git-sync-service/biz/model/git_sync/git_sync.go:2871.2,2871.56 1 0
github.com/yi-nology/git-sync-service/biz/model/git_sync/git_sync.go:2871.56,2873.3 1 0
github.com/yi-nology/git-sync-service/biz/model/git_sync/git_sync.go:2874.2,2874.16 1 0
github.com/yi-nology/git-sync-service/biz/model/git_sync/git_sync.go:2874.16,2876.3 1 0
github.com/yi-nology/git-sync-service/biz/model/git_sync/git_sync.go:2877.2,2877.18 1 0
github.com/yi-nology/git-sync-service/biz/model/git_sync/git_sync.go:2884.154,2886.40 2 0
github.com/yi-nology/git-sync-service/biz/model/git_sync/git_sync.go:2886.40,2894.3 7 0
github.com/yi-nology/git-sync-service/biz/model/git_sync/git_sync.go:2896.2,2900.66 5 0
github.com/yi-nology/git-sync-service/biz/model/git_sync/git_sync.go:2900.66,2907.3 6 0
github.com/yi-nology/git-sync-service/biz/model/git_sync/git_sync.go:2907.8,2909.3 1 0
github.com/yi-nology/git-sync-service/biz/model/git_sync/git_sync.go:2910.2,2910.81 1 0
github.com/yi-nology/git-sync-service/biz/model/git_sync/git_sync.go:2910.81,2912.3 1 0
github.com/yi-nology/git-sync-service/biz/model/git_sync/git_sync.go:2913.2,2913.59 1 0
github.com/yi-nology/git-sync-service/biz/model/git_sync/git_sync.go:2913.59,2915.3 1 0
github.com/yi-nology/git-sync-service/biz/model/git_sync/git_sync.go:2916.2,2916.63 1 0
github.com/yi-nology/git-sync-service/biz/model/git_sync/git_sync.go:2916.63,2918.3 1 0
github.com/yi-nology/git-sync-service/biz/model/git_sync/git_sync.go:2919.2,2919.56 1 0
github.com/yi-nology/git-sync-service/biz/model/git_sync/git_sync.go:2919.56,2921.3 1 0
github.com/yi-nology/git-sync-service/biz/model/git_sync/git_sync.go:2922.2,2922.16 1 0
github.com/yi-nology/git-sync-service/biz/model/git_sync/git_sync.go:2922.16,2924.3 1 0
github.com/yi-nology/git-sync-service/biz/model/git_sync/git_sync.go:2925.2,2925.18 1 0
github.com/yi-nology/git-sync-service/biz/model/git_sync/git_sync.go:2932.157,2934.40 2 0
github.com/yi-nology/git-sync-service/biz/model/git_sync/git_sync.go:2934.40,2942.3 7 0
github.com/yi-nology/git-sync-service/biz/model/git_sync/git_sync.go:2944.2,2948.69 5 0
github.com/yi-nology/git-sync-service/biz/model/git_sync/git_sync.go:2948.69,2955.3 6 0
github.com/yi-nology/git-sync-service/biz/model/git_sync/git_sync.go:2955.8,2957.3 1 0
github.com/yi-nology/git-sync-service/biz/model/git_sync/git_sync.go:2958.2,2958.84 1 0
github.com/yi-nology/git-sync-service/biz/model/git_sync/git_sync.go:2958.84,2960.3 1 0
github.com/yi-nology/git-sync-service/biz/model/git_sync/git_sync.go:2961.2,2961.59 1 0
github.com/yi-nology/git-sync-service/biz/model/git_sync/git_sync.go:2961.59,2963.3 1 0
github.com/yi-nology/git-sync-service/biz/model/git_sync/git_sync.go:2964.2,2964.63 1 0
github.com/yi-nology/git-sync-service/biz/model/git_sync/git_sync.go:2964.63,2966.3 1 0
github.com/yi-nology/git-sync-service/biz/model/git_sync/git_sync.go:2967.2,2967.56 1 0
github.com/yi-nology/git-sync-service/biz/model/git_sync/git_sync.go:2967.56,2969.3 1 0
github.com/yi-nology/git-sync-service/biz/model/git_sync/git_sync.go:2970.2,2970.16 1 0
github.com/yi-nology/git-sync-service/biz/model/git_sync/git_sync.go:2970.16,2972.3 1 0
github.com/yi-nology/git-sync-service/biz/model/git_sync/git_sync.go:2973.2,2973.18 1 0
github.com/yi-nology/git-sync-service/biz/model/git_sync/git_sync.go:2980.157,2982.40 2 0
github.com/yi-nology/git-sync-service/biz/model/git_sync/git_sync.go:2982.40,2990.3 7 0
github.com/yi-nology/git-sync-service/biz/model/git_sync/git_sync.go:2992.2,2996.69 5 0
github.com/yi-nology/git-sync-service/biz/model/git_sync/git_sync.go:2996.69,3003.3 6 0
github.com/yi-nology/git-sync-service/biz/model/git_sync/git_sync.go:3003.8,3005.3 1 0
github.com/yi-nology/git-sync-service/biz/model/git_sync/git_sync.go:3006.2,3006.84 1 0
github.com/yi-nology/git-sync-service/biz/model/git_sync/git_sync.go:3006.84,3008.3 1 0
github.com/yi-nology/git-sync-service/biz/model/git_sync/git_sync.go:3009.2,3009.59 1 0
github.com/yi-nology/git-sync-service/biz/model/git_sync/git_sync.go:3009.59,3011.3 1 0
github.com/yi-nology/git-sync-service/biz/model/git_sync/git_sync.go:3012.2,3012.63 1 0
github.com/yi-nology/git-sync-service/biz/model/git_sync/git_sync.go:3012.63,3014.3 1 0
github.com/yi-nology/git-sync-service/biz/model/git_sync/git_sync.go:3015.2,3015.56 1 0
github.com/yi-nology/git-sync-service/biz/model/git_sync/git_sync.go:3015.56,3017.3 1 0
github.com/yi-nology/git-sync-service/biz/model/git_sync/git_sync.go:3018.2,3018.16 1 0
github.com/yi-nology/git-sync-service/biz/model/git_sync/git_sync.go:3018.16,3020.3 1 0
github.com/yi-nology/git-sync-service/biz/model/git_sync/git_sync.go:3021.2,3021.18 1 0
github.com/yi-nology/git-sync-service/biz/model/git_sync/git_sync.go:3028.157,3030.40 2 0
github.com/yi-nology/git-sync-service/biz/model/git_sync/git_sync.go:3030.40,3038.3 7 0
github.com/yi-nology/git-sync-service/biz/model/git_sync/git_sync.go:3040.2,3044.69 5 0
github.com/yi-nology/git-sync-service/biz/model/git_sync/git_sync.go:3044.69,3051.3 6 0
github.com/yi-nology/git-sync-service/biz/model/git_sync/git_sync.go:3051.8,3053.3 1 0
github.com/yi-nology/git-sync-service/biz/model/git_sync/git_sync.go:3054.2,3054.84 1 0
github.com/yi-nology/git-sync-service/biz/model/git_sync/git_sync.go:3054.84,3056.3 1 0
github.com/yi-nology/git-sync-service/biz/model/git_sync/git_sync.go:3057.2,3057.59 1 0
github.com/yi-nology/git-sync-service/biz/model/git_sync/git_sync.go:3057.59,3059.3 1 0
github.com/yi-nology/git-sync-service/biz/model/git_sync/git_sync.go:3060.2,3060.63 1 0
github.com/yi-nology/git-sync-service/biz/model/git_sync/git_sync.go:3060.63,3062.3 1 0
github.com/yi-nology/git-sync-service/biz/model/git_sync/git_sync.go:3063.2,3063.56 1 0
github.com/yi-nology/git-sync-service/biz/model/git_sync/git_sync.go:3063.56,3065.3 1 0
github.com/yi-nology/git-sync-service/biz/model/git_sync/git_sync.go:3066.2,3066.16 1 0
github.com/yi-nology/git-sync-service/biz/model/git_sync/git_sync.go:3066.16,3068.3 1 0
github.com/yi-nology/git-sync-service/biz/model/git_sync/git_sync.go:3069.2,3069.18 1 0
github.com/yi-nology/git-sync-service/biz/model/git_sync/git_sync.go:3076.154,3078.40 2 0
github.com/yi-nology/git-sync-service/biz/model/git_sync/git_sync.go:3078.40,3086.3 7 0
github.com/yi-nology/git-sync-service/biz/model/git_sync/git_sync.go:3088.2,3092.66 5 0
github.com/yi-nology/git-sync-service/biz/model/git_sync/git_sync.go:3092.66,3099.3 6 0
github.com/yi-nology/git-sync-service/biz/model/git_sync/git_sync.go:3099.8,3101.3 1 0
github.com/yi-nology/git-sync-service/biz/model/git_sync/git_sync.go:3102.2,3102.81 1 0
github.com/yi-nology/git-sync-service/biz/model/git_sync/git_sync.go:3102.81,3104.3 1 0
github.com/yi-nology/git-sync-service/biz/model/git_sync/git_sync.go:3105.2,3105.59 1 0
github.com/yi-nology/git-sync-service/biz/model/git_sync/git_sync.go:3105.59,3107.3 1 0
github.com/yi-nology/git-sync-service/biz/model/git_sync/git_sync.go:3108.2,3108.63 1 0
github.com/yi-nology/git-sync-service/biz/model/git_sync/git_sync.go:3108.63,3110.3 1 0
github.com/yi-nology/git-sync-service/biz/model/git_sync/git_sync.go:3111.2,3111.56 1 0
github.com/yi-nology/git-sync-service/biz/model/git_sync/git_sync.go:3111.56,3113.3 1 0
github.com/yi-nology/git-sync-service/biz/model/git_sync/git_sync.go:3114.2,3114.16 1 0
github.com/yi-nology/git-sync-service/biz/model/git_sync/git_sync.go:3114.16,3116.3 1 0
github.com/yi-nology/git-sync-service/biz/model/git_sync/git_sync.go:3117.2,3117.18 1 0
github.com/yi-nology/git-sync-service/biz/model/git_sync/git_sync.go:3124.158,3126.40 2 0
github.com/yi-nology/git-sync-service/biz/model/git_sync/git_sync.go:3126.40,3134.3 7 0
github.com/yi-nology/git-sync-service/biz/model/git_sync/git_sync.go:3136.2,3140.70 5 0
github.com/yi-nology/git-sync-service/biz/model/git_sync/git_sync.go:3140.70,3147.3 6 0
github.com/yi-nology/git-sync-service/biz/model/git_sync/git_sync.go:3147.8,3149.3 1 0
github.com/yi-nology/git-sync-service/biz/model/git_sync/git_sync.go:3150.2,3150.85 1 0
github.com/yi-nology/git-sync-service/biz/model/git_sync/git_sync.go:3150.85,3152.3 1 0
github.com/yi-nology/git-sync-service/biz/model/git_sync/git_sync.go:3153.2,3153.59 1 0
github.com/yi-nology/git-sync-service/biz/model/git_sync/git_sync.go:3153.59,3155.3 1 0
github.com/yi-nology/git-sync-service/biz/model/git_sync/git_sync.go:3156.2,3156.63 1 0
github.com/yi-nology/git-sync-service/biz/model/git_sync/git_sync.go:3156.63,3158.3 1 0
github.com/yi-nology/git-sync-service/biz/model/git_sync/git_sync.go:3159.2,3159.56 1 0
github.com/yi-nology/git-sync-service/biz/model/git_sync/git_sync.go:3159.56,3161.3 1 0
github.com/yi-nology/git-sync-service/biz/model/git_sync/git_sync.go:3162.2,3162.16 1 0
github.com/yi-nology/git-sync-service/biz/model/git_sync/git_sync.go:3162.16,3164.3 1 0
github.com/yi-nology/git-sync-service/biz/model/git_sync/git_sync.go:3165.2,3165.18 1 0
github.com/yi-nology/git-sync-service/biz/model/git_sync/git_sync.go:3172.158,3174.40 2 0
github.com/yi-nology/git-sync-service/biz/model/git_sync/git_sync.go:3174.40,3182.3 7 0
github.com/yi-nology/git-sync-service/biz/model/git_sync/git_sync.go:3184.2,3188.70 5 0
github.com/yi-nology/git-sync-service/biz/model/git_sync/git_sync.go:3188.70,3195.3 6 0
github.com/yi-nology/git-sync-service/biz/model/git_sync/git_sync.go:3195.8,3197.3 1 0
github.com/yi-nology/git-sync-service/biz/model/git_sync/git_sync.go:3198.2,3198.85 1 0
github.com/yi-nology/git-sync-service/biz/model/git_sync/git_sync.go:3198.85,3200.3 1 0
github.com/yi-nology/git-sync-service/biz/model/git_sync/git_sync.go:3201.2,3201.59 1 0
github.com/yi-nology/git-sync-service/biz/model/git_sync/git_sync.go:3201.59,3203.3 1 0
github.com/yi-nology/git-sync-service/biz/model/git_sync/git_sync.go:3204.2,3204.63 1 0
github.com/yi-nology/git-sync-service/biz/model/git_sync/git_sync.go:3204.63,3206.3 1 0
github.com/yi-nology/git-sync-service/biz/model/git_sync/git_sync.go:3207.2,3207.56 1 0
github.com/yi-nology/git-sync-service/biz/model/git_sync/git_sync.go:3207.56,3209.3 1 0
github.com/yi-nology/git-sync-service/biz/model/git_sync/git_sync.go:3210.2,3210.16 1 0
github.com/yi-nology/git-sync-service/biz/model/git_sync/git_sync.go:3210.16,3212.3 1 0
github.com/yi-nology/git-sync-service/biz/model/git_sync/git_sync.go:3213.2,3213.18 1 0
github.com/yi-nology/git-sync-service/biz/model/git_sync/git_sync.go:3220.70,3222.2 1 0
github.com/yi-nology/git-sync-service/biz/model/git_sync/git_sync.go:3224.55,3225.2 0 0
github.com/yi-nology/git-sync-service/biz/model/git_sync/git_sync.go:3229.77,3230.19 1 0
github.com/yi-nology/git-sync-service/biz/model/git_sync/git_sync.go:3230.19,3232.3 1 0
github.com/yi-nology/git-sync-service/biz/model/git_sync/git_sync.go:3233.2,3233.14 1 0
github.com/yi-nology/git-sync-service/biz/model/git_sync/git_sync.go:3240.56,3242.2 1 0
github.com/yi-nology/git-sync-service/biz/model/git_sync/git_sync.go:3244.81,3249.50 3 0
github.com/yi-nology/git-sync-service/biz/model/git_sync/git_sync.go:3249.50,3250.28 1 0
github.com/yi-nology/git-sync-service/biz/model/git_sync/git_sync.go:3253.2,3253.6 1 0
github.com/yi-nology/git-sync-service/biz/model/git_sync/git_sync.go:3253.6,3255.17 2 0
github.com/yi-nology/git-sync-service/biz/model/git_sync/git_sync.go:3255.17,3256.28 1 0
github.com/yi-nology/git-sync-service/biz/model/git_sync/git_sync.go:3258.3,3258.33 1 0
github.com/yi-nology/git-sync-service/biz/model/git_sync/git_sync.go:3258.33,3259.9 1 0
github.com/yi-nology/git-sync-service/biz/model/git_sync/git_sync.go:3262.3,3262.18 1 0
github.com/yi-nology/git-sync-service/biz/model/git_sync/git_sync.go:3263.10,3264.36 1 0
github.com/yi-nology/git-sync-service/biz/model/git_sync/git_sync.go:3264.36,3265.46 1 0
github.com/yi-nology/git-sync-service/biz/model/git_sync/git_sync.go:3265.46,3266.25 1 0
github.com/yi-nology/git-sync-service/biz/model/git_sync/git_sync.go:3268.10,3268.56 1 0
github.com/yi-nology/git-sync-service/biz/model/git_sync/git_sync.go:3268.56,3269.24 1 0
github.com/yi-nology/git-sync-service/biz/model/git_sync/git_sync.go:3271.11,3272.49 1 0
github.com/yi-nology/git-sync-service/biz/model/git_sync/git_sync.go:3272.49,3273.24 1 0
github.com/yi-nology/git-sync-service/biz/model/git_sync/git_sync.go:3276.3,3276.45 1 0
github.com/yi-nology/git-sync-service/biz/model/git_sync/git_sync.go:3276.45,3277.26 1 0
github.com/yi-nology/git-sync-service/biz/model/git_sync/git_sync.go:3280.2,3280.45 1 0
github.com/yi-nology/git-sync-service/biz/model/git_sync/git_sync.go:3280.45,3281.26 1 0
github.com/yi-nology/git-sync-service/biz/model/git_sync/git_sync.go:3284.2,3285.1 2 0
github.com/yi-nology/git-sync-service/biz/model/git_sync/git_sync.go:3286.2,3287.1 2 0
github.com/yi-nology/git-sync-service/biz/model/git_sync/git_sync.go:3288.2,3289.1 2 0
github.com/yi-nology/git-sync-service/biz/model/git_sync/git_sync.go:3290.2,3291.1 2 0
github.com/yi-nology/git-sync-service/biz/model/git_sync/git_sync.go:3292.2,3294.1 2 0
github.com/yi-nology/git-sync-service/biz/model/git_sync/git_sync.go:3295.2,3296.1 2 0
github.com/yi-nology/git-sync-service/biz/model/git_sync/git_sync.go:3297.2,3297.79 1 0
github.com/yi-nology/git-sync-service/biz/model/git_sync/git_sync.go:3300.81,3302.43 2 0
github.com/yi-nology/git-sync-service/biz/model/git_sync/git_sync.go:3302.43,3304.3 1 0
github.com/yi-nology/git-sync-service/biz/model/git_sync/git_sync.go:3305.2,3306.12 2 0
github.com/yi-nology/git-sync-service/biz/model/git_sync/git_sync.go:3309.82,3311.64 2 0
github.com/yi-nology/git-sync-service/biz/model/git_sync/git_sync.go:3311.64,3312.29 1 0
github.com/yi-nology/git-sync-service/biz/model/git_sync/git_sync.go:3314.2,3314.14 1 0
github.com/yi-nology/git-sync-service/biz/model/git_sync/git_sync.go:3314.14,3315.45 1 0
github.com/yi-nology/git-sync-service/biz/model/git_sync/git_sync.go:3315.45,3317.24 2 0
github.com/yi-nology/git-sync-service/biz/model/git_sync/git_sync.go:3320.2,3320.46 1 0
github.com/yi-nology/git-sync-service/biz/model/git_sync/git_sync.go:3320.46,3321.27 1 0
github.com/yi-nology/git-sync-service/biz/model/git_sync/git_sync.go:3323.2,3323.46 1 0
github.com/yi-nology/git-sync-service/biz/model/git_sync/git_sync.go:3323.46,3324.27 1 0
github.com/yi-nology/git-sync-service/biz/model/git_sync/git_sync.go:3326.2,3327.1 2 0
github.com/yi-nology/git-sync-service/biz/model/git_sync/git_sync.go:3328.2,3329.1 2 0
github.com/yi-nology/git-sync-service/biz/model/git_sync/git_sync.go:3330.2,3331.1 2 0
github.com/yi-nology/git-sync-service/biz/model/git_sync/git_sync.go:3332.2,3333.1 2 0
github.com/yi-nology/git-sync-service/biz/model/git_sync/git_sync.go:3334.2,3334.80 1 0
github.com/yi-nology/git-sync-service/biz/model/git_sync/git_sync.go:3337.88,3338.70 1 0
github.com/yi-nology/git-sync-service/biz/model/git_sync/git_sync.go:3338.70,3339.28 1 0
github.com/yi-nology/git-sync-service/biz/model/git_sync/git_sync.go:3341.2,3341.43 1 0
github.com/yi-nology/git-sync-service/biz/model/git_sync/git_sync.go:3341.43,3343.3 1 0
github.com/yi-nology/git-sync-service/biz/model/git_sync/git_sync.go:3344.2,3344.45 1 0
github.com/yi-nology/git-sync-service/biz/model/git_sync/git_sync.go:3344.45,3345.26 1 0
github.com/yi-nology/git-sync-service/biz/model/git_sync/git_sync.go:3347.2,3348.1 2 0
github.com/yi-nology/git-sync-service/biz/model/git_sync/git_sync.go:3349.2,3350.1 2 0
github.com/yi-nology/git-sync-service/biz/model/git_sync/git_sync.go:3351.2,3351.81 1 0
github.com/yi-nology/git-sync-service/biz/model/git_sync/git_sync.go:3354.56,3355.14 1 0
github.com/yi-nology/git-sync-service/biz/model/git_sync/git_sync.go:3355.14,3357.3 1 0
github.com/yi-nology/git-sync-service/biz/model/git_sync/git_sync.go:3358.2,3358.61 1 0
github.com/yi-nology/git-sync-service/biz/model/git_sync/git_sync.go:3366.74,3368.2 1 0
github.com/yi-nology/git-sync-service/biz/model/git_sync/git_sync.go:3370.57,3371.2 0 0
github.com/yi-nology/git-sync-service/biz/model/git_sync/git_sync.go:3375.84,3376.23 1 0
github.com/yi-nology/git-sync-service/biz/model/git_sync/git_sync.go:3376.23,3378.3 1 0
github.com/yi-nology/git-sync-service/biz/model/git_sync/git_sync.go:3379.2,3379.18 1 0
github.com/yi-nology/git-sync-service/biz/model/git_sync/git_sync.go:3386.62,3388.2 1 0
github.com/yi-nology/git-sync-service/biz/model/git_sync/git_sync.go:3390.83,3395.50 3 0
github.com/yi-nology/git-sync-service/biz/model/git_sync/git_sync.go:3395.50,3396.28 1 0
github.com/yi-nology/git-sync-service/biz/model/git_sync/git_sync.go:3399.2,3399.6 1 0
github.com/yi-nology/git-sync-service/biz/model/git_sync/git_sync.go:3399.6,3401.17 2 0
github.com/yi-nology/git-sync-service/biz/model/git_sync/git_sync.go:3401.17,3402.28 1 0
github.com/yi-nology/git-sync-service/biz/model/git_sync/git_sync.go:3404.3,3404.33 1 0
github.com/yi-nology/git-sync-service/biz/model/git_sync/git_sync.go:3404.33,3405.9 1 0
github.com/yi-nology/git-sync-service/biz/model/git_sync/git_sync.go:3408.3,3408.18 1 0
github.com/yi-nology/git-sync-service/biz/model/git_sync/git_sync.go:3409.10,3410.36 1 0
github.com/yi-nology/git-sync-service/biz/model/git_sync/git_sync.go:3410.36,3411.46 1 0
github.com/yi-nology/git-sync-service/biz/model/git_sync/git_sync.go:3411.46,3412.25 1 0
github.com/yi-nology/git-sync-service/biz/model/git_sync/git_sync.go:3414.10,3414.56 1 0
github.com/yi-nology/git-sync-service/biz/model/git_sync/git_sync.go:3414.56,3415.24 1 0
github.com/yi-nology/git-sync-service/biz/model/git_sync/git_sync.go:3417.11,3418.49 1 0
github.com/yi-nology/git-sync-service/biz/model/git_sync/git_sync.go:3418.49,3419.24 1 0
github.com/yi-nology/git-sync-service/biz/model/git_sync/git_sync.go:3422.3,3422.45 1 0
github.com/yi-nology/git-sync-service/biz/model/git_sync/git_sync.go:3422.45,3423.26 1 0
github.com/yi-nology/git-sync-service/biz/model/git_sync/git_sync.go:3426.2,3426.45 1 0
github.com/yi-nology/git-sync-service/biz/model/git_sync/git_sync.go:3426.45,3427.26 1 0
github.com/yi-nology/git-sync-service/biz/model/git_sync/git_sync.go:3430.2,3431.1 2 0
github.com/yi-nology/git-sync-service/biz/model/git_sync/git_sync.go:3432.2,3433.1 2 0
github.com/yi-nology/git-sync-service/biz/model/git_sync/git_sync.go:3434.2,3435.1 2 0
github.com/yi-nology/git-sync-service/biz/model/git_sync/git_sync.go:3436.2,3437.1 2 0
github.com/yi-nology/git-sync-service/biz/model/git_sync/git_sync.go:3438.2,3440.1 2 0
github.com/yi-nology/git-sync-service/biz/model/git_sync/git_sync.go:3441.2,3442.1 2 0
github.com/yi-nology/git-sync-service/biz/model/git_sync/git_sync.go:3443.2,3443.79 1 0
github.com/yi-nology/git-sync-service/biz/model/git_sync/git_sync.go:3446.83,3448.43 2 0
github.com/yi-nology/git-sync-service/biz/model/git_sync/git_sync.go:3448.43,3450.3 1 0
github.com/yi-nology/git-sync-service/biz/model/git_sync/git_sync.go:3451.2,3452.12 2 0
github.com/yi-nology/git-sync-service/biz/model/git_sync/git_sync.go:3455.84,3457.66 2 0
github.com/yi-nology/git-sync-service/biz/model/git_sync/git_sync.go:3457.66,3458.29 1 0
github.com/yi-nology/git-sync-service/biz/model/git_sync/git_sync.go:3460.2,3460.14 1 0
github.com/yi-nology/git-sync-service/biz/model/git_sync/git_sync.go:3460.14,3461.45 1 0
github.com/yi-nology/git-sync-service/biz/model/git_sync/git_sync.go:3461.45,3463.24 2 0
github.com/yi-nology/git-sync-service/biz/model/git_sync/git_sync.go:3466.2,3466.46 1 0
github.com/yi-nology/git-sync-service/biz/model/git_sync/git_sync.go:3466.46,3467.27 1 0
github.com/yi-nology/git-sync-service/biz/model/git_sync/git_sync.go:3469.2,3469.46 1 0
github.com/yi-nology/git-sync-service/biz/model/git_sync/git_sync.go:3469.46,3470.27 1 0
github.com/yi-nology/git-sync-service/biz/model/git_sync/git_sync.go:3472.2,3473.1 2 0
github.com/yi-nology/git-sync-service/biz/model/git_sync/git_sync.go:3474.2,3475.1 2 0
github.com/yi-nology/git-sync-service/biz/model/git_sync/git_sync.go:3476.2,3477.1 2 0
github.com/yi-nology/git-sync-service/biz/model/git_sync/git_sync.go:3478.2,3479.1 2 0
github.com/yi-nology/git-sync-service/biz/model/git_sync/git_sync.go:3480.2,3480.80 1 0
github.com/yi-nology/git-sync-service/biz/model/git_sync/git_sync.go:3483.90,3484.22 1 0
github.com/yi-nology/git-sync-service/biz/model/git_sync/git_sync.go:3484.22,3485.75 1 0
github.com/yi-nology/git-sync-service/biz/model/git_sync/git_sync.go:3485.75,3486.29 1 0
github.com/yi-nology/git-sync-service/biz/model/git_sync/git_sync.go:3488.3,3488.48 1 0
github.com/yi-nology/git-sync-service/biz/model/git_sync/git_sync.go:3488.48,3490.4 1 0
github.com/yi-nology/git-sync-service/biz/model/git_sync/git_sync.go:3491.3,3491.46 1 0
github.com/yi-nology/git-sync-service/biz/model/git_sync/git_sync.go:3491.46,3492.27 1 0
github.com/yi-nology/git-sync-service/biz/model/git_sync/git_sync.go:3495.2,3496.1 2 0
github.com/yi-nology/git-sync-service/biz/model/git_sync/git_sync.go:3497.2,3498.1 2 0
github.com/yi-nology/git-sync-service/biz/model/git_sync/git_sync.go:3499.2,3499.81 1 0
github.com/yi-nology/git-sync-service/biz/model/git_sync/git_sync.go:3502.58,3503.14 1 0
github.com/yi-nology/git-sync-service/biz/model/git_sync/git_sync.go:3503.14,3505.3 1 0
github.com/yi-nology/git-sync-service/biz/model/git_sync/git_sync.go:3506.2,3506.63 1 0
github.com/yi-nology/git-sync-service/biz/model/git_sync/git_sync.go:3514.66,3516.2 1 0
github.com/yi-nology/git-sync-service/biz/model/git_sync/git_sync.go:3518.53,3519.2 0 0
github.com/yi-nology/git-sync-service/biz/model/git_sync/git_sync.go:3523.73,3524.19 1 0
github.com/yi-nology/git-sync-service/biz/model/git_sync/git_sync.go:3524.19,3526.3 1 0
github.com/yi-nology/git-sync-service/biz/model/git_sync/git_sync.go:3527.2,3527.14 1 0
github.com/yi-nology/git-sync-service/biz/model/git_sync/git_sync.go:3534.54,3536.2 1 0
github.com/yi-nology/git-sync-service/biz/model/git_sync/git_sync.go:3538.79,3543.50 3 0
github.com/yi-nology/git-sync-service/biz/model/git_sync/git_sync.go:3543.50,3544.28 1 0
github.com/yi-nology/git-sync-service/biz/model/git_sync/git_sync.go:3547.2,3547.6 1 0
github.com/yi-nology/git-sync-service/biz/model/git_sync/git_sync.go:3547.6,3549.17 2 0
github.com/yi-nology/git-sync-service/biz/model/git_sync/git_sync.go:3549.17,3550.28 1 0
github.com/yi-nology/git-sync-service/biz/model/git_sync/git_sync.go:3552.3,3552.33 1 0
github.com/yi-nology/git-sync-service/biz/model/git_sync/git_sync.go:3552.33,3553.9 1 0
github.com/yi-nology/git-sync-service/biz/model/git_sync/git_sync.go:3556.3,3556.18 1 0
github.com/yi-nology/git-sync-service/biz/model/git_sync/git_sync.go:3557.10,3558.36 1 0
github.com/yi-nology/git-sync-service/biz/model/git_sync/git_sync.go:3558.36,3559.46 1 0
github.com/yi-nology/git-sync-service/biz/model/git_sync/git_sync.go:3559.46,3560.25 1 0
github.com/yi-nology/git-sync-service/biz/model/git_sync/git_sync.go:3562.10,3562.56 1 0
github.com/yi-nology/git-sync-service/biz/model/git_sync/git_sync.go:3562.56,3563.24 1 0
github.com/yi-nology/git-sync-service/biz/model/git_sync/git_sync.go:3565.11,3566.49 1 0
github.com/yi-nology/git-sync-service/biz/model/git_sync/git_sync.go:3566.49,3567.24 1 0
github.com/yi-nology/git-sync-service/biz/model/git_sync/git_sync.go:3570.3,3570.45 1 0
github.com/yi-nology/git-sync-service/biz/model/git_sync/git_sync.go:3570.45,3571.26 1 0
github.com/yi-nology/git-sync-service/biz/model/git_sync/git_sync.go:3574.2,3574.45 1 0
github.com/yi-nology/git-sync-service/biz/model/git_sync/git_sync.go:3574.45,3575.26 1 0
github.com/yi-nology/git-sync-service/biz/model/git_sync/git_sync.go:3578.2,3579.1 2 0
github.com/yi-nology/git-sync-service/biz/model/git_sync/git_sync.go:3580.2,3581.1 2 0
github.com/yi-nology/git-sync-service/biz/model/git_sync/git_sync.go:3582.2,3583.1 2 0
github.com/yi-nology/git-sync-service/biz/model/git_sync/git_sync.go:3584.2,3585.1 2 0
github.com/yi-nology/git-sync-service/biz/model/git_sync/git_sync.go:3586.2,3588.1 2 0
github.com/yi-nology/git-sync-service/biz/model/git_sync/git_sync.go:3589.2,3590.1 2 0
github.com/yi-nology/git-sync-service/biz/model/git_sync/git_sync.go:3591.2,3591.79 1 0
github.com/yi-nology/git-sync-service/biz/model/git_sync/git_sync.go:3594.79,3596.43 2 0
github.com/yi-nology/git-sync-service/biz/model/git_sync/git_sync.go:3596.43,3598.3 1 0
github.com/yi-nology/git-sync-service/biz/model/git_sync/git_sync.go:3599.2,3600.12 2 0
github.com/yi-nology/git-sync-service/biz/model/git_sync/git_sync.go:3603.80,3605.62 2 0
github.com/yi-nology/git-sync-service/biz/model/git_sync/git_sync.go:3605.62,3606.29 1 0
github.com/yi-nology/git-sync-service/biz/model/git_sync/git_sync.go:3608.2,3608.14 1 0
github.com/yi-nology/git-sync-service/biz/model/git_sync/git_sync.go:3608.14,3609.45 1 0
github.com/yi-nology/git-sync-service/biz/model/git_sync/git_sync.go:3609.45,3611.24 2 0
github.com/yi-nology/git-sync-service/biz/model/git_sync/git_sync.go:3614.2,3614.46 1 0
github.com/yi-nology/git-sync-service/biz/model/git_sync/git_sync.go:3614.46,3615.27 1 0
github.com/yi-nology/git-sync-service/biz/model/git_sync/git_sync.go:3617.2,3617.46 1 0
github.com/yi-nology/git-sync-service/biz/model/git_sync/git_sync.go:3617.46,3618.27 1 0
github.com/yi-nology/git-sync-service/biz/model/git_sync/git_sync.go:3620.2,3621.1 2 0
github.com/yi-nology/git-sync-service/biz/model/git_sync/git_sync.go:3622.2,3623.1 2 0
github.com/yi-nology/git-sync-service/biz/model/git_sync/git_sync.go:3624.2,3625.1 2 0
github.com/yi-nology/git-sync-service/biz/model/git_sync/git_sync.go:3626.2,3627.1 2 0
github.com/yi-nology/git-sync-service/biz/model/git_sync/git_sync.go:3628.2,3628.80 1 0
github.com/yi-nology/git-sync-service/biz/model/git_sync/git_sync.go:3631.86,3632.70 1 0
github.com/yi-nology/git-sync-service/biz/model/git_sync/git_sync.go:3632.70,3633.28 1 0
github.com/yi-nology/git-sync-service/biz/model/git_sync/git_sync.go:3635.2,3635.43 1 0
github.com/yi-nology/git-sync-service/biz/model/git_sync/git_sync.go:3635.43,3637.3 1 0
github.com/yi-nology/git-sync-service/biz/model/git_sync/git_sync.go:3638.2,3638.45 1 0
github.com/yi-nology/git-sync-service/biz/model/git_sync/git_sync.go:3638.45,3639.26 1 0
github.com/yi-nology/git-sync-service/biz/model/git_sync/git_sync.go:3641.2,3642.1 2 0
github.com/yi-nology/git-sync-service/biz/model/git_sync/git_sync.go:3643.2,3644.1 2 0
github.com/yi-nology/git-sync-service/biz/model/git_sync/git_sync.go:3645.2,3645.81 1 0
github.com/yi-nology/git-sync-service/biz/model/git_sync/git_sync.go:3648.54,3649.14 1 0
github.com/yi-nology/git-sync-service/biz/model/git_sync/git_sync.go:3649.14,3651.3 1 0
github.com/yi-nology/git-sync-service/biz/model/git_sync/git_sync.go:3652.2,3652.59 1 0
github.com/yi-nology/git-sync-service/biz/model/git_sync/git_sync.go:3660.70,3662.2 1 0
github.com/yi-nology/git-sync-service/biz/model/git_sync/git_sync.go:3664.55,3665.2 0 0
github.com/yi-nology/git-sync-service/biz/model/git_sync/git_sync.go:3669.80,3670.23 1 0
github.com/yi-nology/git-sync-service/biz/model/git_sync/git_sync.go:3670.23,3672.3 1 0
github.com/yi-nology/git-sync-service/biz/model/git_sync/git_sync.go:3673.2,3673.18 1 0
github.com/yi-nology/git-sync-service/biz/model/git_sync/git_sync.go:3680.60,3682.2 1 0
github.com/yi-nology/git-sync-service/biz/model/git_sync/git_sync.go:3684.81,3689.50 3 0
github.com/yi-nology/git-sync-service/biz/model/git_sync/git_sync.go:3689.50,3690.28 1 0
github.com/yi-nology/git-sync-service/biz/model/git_sync/git_sync.go:3693.2,3693.6 1 0
github.com/yi-nology/git-sync-service/biz/model/git_sync/git_sync.go:3693.6,3695.17 2 0
github.com/yi-nology/git-sync-service/biz/model/git_sync/git_sync.go:3695.17,3696.28 1 0
github.com/yi-nology/git-sync-service/biz/model/git_sync/git_sync.go:3698.3,3698.33 1 0
github.com/yi-nology/git-sync-service/biz/model/git_sync/git_sync.go:3698.33,3699.9 1 0
github.com/yi-nology/git-sync-service/biz/model/git_sync/git_sync.go:3702.3,3702.18 1 0
github.com/yi-nology/git-sync-service/biz/model/git_sync/git_sync.go:3703.10,3704.36 1 0
github.com/yi-nology/git-sync-service/biz/model/git_sync/git_sync.go:3704.36,3705.46 1 0
github.com/yi-nology/git-sync-service/biz/model/git_sync/git_sync.go:3705.46,3706.25 1 0
github.com/yi-nology/git-sync-service/biz/model/git_sync/git_sync.go:3708.10,3708.56 1 0
github.com/yi-nology/git-sync-service/biz/model/git_sync/git_sync.go:3708.56,3709.24 1 0
github.com/yi-nology/git-sync-service/biz/model/git_sync/git_sync.go:3711.11,3712.49 1 0
github.com/yi-nology/git-sync-service/biz/model/git_sync/git_sync.go:3712.49,3713.24 1 0
github.com/yi-nology/git-sync-service/biz/model/git_sync/git_sync.go:3716.3,3716.45 1 0
github.com/yi-nology/git-sync-service/biz/model/git_sync/git_sync.go:3716.45,3717.26 1 0
github.com/yi-nology/git-sync-service/biz/model/git_sync/git_sync.go:3720.2,3720.45 1 0
github.com/yi-nology/git-sync-service/biz/model/git_sync/git_sync.go:3720.45,3721.26 1 0
github.com/yi-nology/git-sync-service/biz/model/git_sync/git_sync.go:3724.2,3725.1 2 0
github.com/yi-nology/git-sync-service/biz/model/git_sync/git_sync.go:3726.2,3727.1 2 0
github.com/yi-nology/git-sync-service/biz/model/git_sync/git_sync.go:3728.2,3729.1 2 0
github.com/yi-nology/git-sync-service/biz/model/git_sync/git_sync.go:3730.2,3731.1 2 0
github.com/yi-nology/git-sync-service/biz/model/git_sync/git_sync.go:3732.2,3734.1 2 0
github.com/yi-nology/git-sync-service/biz/model/git_sync/git_sync.go:3735.2,3736.1 2 0
github.com/yi-nology/git-sync-service/biz/model/git_sync/git_sync.go:3737.2,3737.79 1 0
github.com/yi-nology/git-sync-service/biz/model/git_sync/git_sync.go:3740.81,3742.43 2 0
github.com/yi-nology/git-sync-service/biz/model/git_sync/git_sync.go:3742.43,3744.3 1 0
github.com/yi-nology/git-sync-service/biz/model/git_sync/git_sync.go:3745.2,3746.12 2 0
github.com/yi-nology/git-sync-service/biz/model/git_sync/git_sync.go:3749.82,3751.64 2 0
github.com/yi-nology/git-sync-service/biz/model/git_sync/git_sync.go:3751.64,3752.29 1 0
github.com/yi-nology/git-sync-service/biz/model/git_sync/git_sync.go:3754.2,3754.14 1 0
github.com/yi-nology/git-sync-service/biz/model/git_sync/git_sync.go:3754.14,3755.45 1 0
github.com/yi-nology/git-sync-service/biz/model/git_sync/git_sync.go:3755.45,3757.24 2 0
github.com/yi-nology/git-sync-service/biz/model/git_sync/git_sync.go:3760.2,3760.46 1 0
github.com/yi-nology/git-sync-service/biz/model/git_sync/git_sync.go:3760.46,3761.27 1 0
github.com/yi-nology/git-sync-service/biz/model/git_sync/git_sync.go:3763.2,3763.46 1 0
github.com/yi-nology/git-sync-service/biz/model/git_sync/git_sync.go:3763.46,3764.27 1 0
github.com/yi-nology/git-sync-service/biz/model/git_sync/git_sync.go:3766.2,3767.1 2 0
github.com/yi-nology/git-sync-service/biz/model/git_sync/git_sync.go:3768.2,3769.1 2 0
github.com/yi-nology/git-sync-service/biz/model/git_sync/git_sync.go:3770.2,3771.1 2 0
github.com/yi-nology/git-sync-service/biz/model/git_sync/git_sync.go:3772.2,3773.1 2 0
github.com/yi-nology/git-sync-service/biz/model/git_sync/git_sync.go:3774.2,3774.80 1 0
github.com/yi-nology/git-sync-service/biz/model/git_sync/git_sync.go:3777.88,3778.22 1 0
github.com/yi-nology/git-sync-service/biz/model/git_sync/git_sync.go:3778.22,3779.75 1 0
github.com/yi-nology/git-sync-service/biz/model/git_sync/git_sync.go:3779.75,3780.29 1 0
github.com/yi-nology/git-sync-service/biz/model/git_sync/git_sync.go:3782.3,3782.48 1 0
github.com/yi-nology/git-sync-service/biz/model/git_sync/git_sync.go:3782.48,3784.4 1 0
github.com/yi-nology/git-sync-service/biz/model/git_sync/git_sync.go:3785.3,3785.46 1 0
github.com/yi-nology/git-sync-service/biz/model/git_sync/git_sync.go:3785.46,3786.27 1 0
github.com/yi-nology/git-sync-service/biz/model/git_sync/git_sync.go:3789.2,3790.1 2 0
github.com/yi-nology/git-sync-service/biz/model/git_sync/git_sync.go:3791.2,3792.1 2 0
github.com/yi-nology/git-sync-service/biz/model/git_sync/git_sync.go:3793.2,3793.81 1 0
github.com/yi-nology/git-sync-service/biz/model/git_sync/git_sync.go:3796.56,3797.14 1 0
github.com/yi-nology/git-sync-service/biz/model/git_sync/git_sync.go:3797.14,3799.3 1 0
github.com/yi-nology/git-sync-service/biz/model/git_sync/git_sync.go:3800.2,3800.61 1 0
github.com/yi-nology/git-sync-service/biz/model/git_sync/git_sync.go:3808.72,3810.2 1 0
github.com/yi-nology/git-sync-service/biz/model/git_sync/git_sync.go:3812.56,3813.2 0 0
github.com/yi-nology/git-sync-service/biz/model/git_sync/git_sync.go:3817.79,3818.19 1 0
github.com/yi-nology/git-sync-service/biz/model/git_sync/git_sync.go:3818.19,3820.3 1 0
github.com/yi-nology/git-sync-service/biz/model/git_sync/git_sync.go:3821.2,3821.14 1 0
github.com/yi-nology/git-sync-service/biz/model/git_sync/git_sync.go:3828.57,3830.2 1 0
github.com/yi-nology/git-sync-service/biz/model/git_sync/git_sync.go:3832.82,3837.50 3 0
github.com/yi-nology/git-sync-service/biz/model/git_sync/git_sync.go:3837.50,3838.28 1 0
github.com/yi-nology/git-sync-service/biz/model/git_sync/git_sync.go:3841.2,3841.6 1 0
github.com/yi-nology/git-sync-service/biz/model/git_sync/git_sync.go:3841.6,3843.17 2 0
github.com/yi-nology/git-sync-service/biz/model/git_sync/git_sync.go:3843.17,3844.28 1 0
github.com/yi-nology/git-sync-service/biz/model/git_sync/git_sync.go:3846.3,3846.33 1 0
github.com/yi-nology/git-sync-service/biz/model/git_sync/git_sync.go:3846.33,3847.9 1 0
github.com/yi-nology/git-sync-service/biz/model/git_sync/git_sync.go:3850.3,3850.18 1 0
github.com/yi-nology/git-sync-service/biz/model/git_sync/git_sync.go:3851.10,3852.36 1 0
github.com/yi-nology/git-sync-service/biz/model/git_sync/git_sync.go:3852.36,3853.46 1 0
github.com/yi-nology/git-sync-service/biz/model/git_sync/git_sync.go:3853.46,3854.25 1 0
github.com/yi-nology/git-sync-service/biz/model/git_sync/git_sync.go:3856.10,3856.56 1 0
github.com/yi-nology/git-sync-service/biz/model/git_sync/git_sync.go:3856.56,3857.24 1 0
github.com/yi-nology/git-sync-service/biz/model/git_sync/git_sync.go:3859.11,3860.49 1 0
github.com/yi-nology/git-sync-service/biz/model/git_sync/git_sync.go:3860.49,3861.24 1 0
github.com/yi-nology/git-sync-service/biz/model/git_sync/git_sync.go:3864.3,3864.45 1 0
github.com/yi-nology/git-sync-service/biz/model/git_sync/git_sync.go:3864.45,3865.26 1 0
github.com/yi-nology/git-sync-service/biz/model/git_sync/git_sync.go:3868.2,3868.45 1 0
github.com/yi-nology/git-sync-service/biz/model/git_sync/git_sync.go:3868.45,3869.26 1 0
github.com/yi-nology/git-sync-service/biz/model/git_sync/git_sync.go:3872.2,3873.1 2 0
github.com/yi-nology/git-sync-service/biz/model/git_sync/git_sync.go:3874.2,3875.1 2 0
github.com/yi-nology/git-sync-service/biz/model/git_sync/git_sync.go:3876.2,3877.1 2 0
github.com/yi-nology/git-sync-service/biz/model/git_sync/git_sync.go:3878.2,3879.1 2 0
github.com/yi-nology/git-sync-service/biz/model/git_sync/git_sync.go:3880.2,3882.1 2 0
github.com/yi-nology/git-sync-service/biz/model/git_sync/git_sync.go:3883.2,3884.1 2 0
github.com/yi-nology/git-sync-service/biz/model/git_sync/git_sync.go:3885.2,3885.79 1 0
github.com/yi-nology/git-sync-service/biz/model/git_sync/git_sync.go:3888.82,3890.43 2 0
github.com/yi-nology/git-sync-service/biz/model/git_sync/git_sync.go:3890.43,3892.3 1 0
github.com/yi-nology/git-sync-service/biz/model/git_sync/git_sync.go:3893.2,3894.12 2 0
github.com/yi-nology/git-sync-service/biz/model/git_sync/git_sync.go:3897.83,3899.65 2 0
github.com/yi-nology/git-sync-service/biz/model/git_sync/git_sync.go:3899.65,3900.29 1 0
github.com/yi-nology/git-sync-service/biz/model/git_sync/git_sync.go:3902.2,3902.14 1 0
github.com/yi-nology/git-sync-service/biz/model/git_sync/git_sync.go:3902.14,3903.45 1 0
github.com/yi-nology/git-sync-service/biz/model/git_sync/git_sync.go:3903.45,3905.24 2 0
github.com/yi-nology/git-sync-service/biz/model/git_sync/git_sync.go:3908.2,3908.46 1 0
github.com/yi-nology/git-sync-service/biz/model/git_sync/git_sync.go:3908.46,3909.27 1 0
github.com/yi-nology/git-sync-service/biz/model/git_sync/git_sync.go:3911.2,3911.46 1 0
github.com/yi-nology/git-sync-service/biz/model/git_sync/git_sync.go:3911.46,3912.27 1 0
github.com/yi-nology/git-sync-service/biz/model/git_sync/git_sync.go:3914.2,3915.1 2 0
github.com/yi-nology/git-sync-service/biz/model/git_sync/git_sync.go:3916.2,3917.1 2 0
github.com/yi-nology/git-sync-service/biz/model/git_sync/git_sync.go:3918.2,3919.1 2 0
github.com/yi-nology/git-sync-service/biz/model/git_sync/git_sync.go:3920.2,3921.1 2 0
github.com/yi-nology/git-sync-service/biz/model/git_sync/git_sync.go:3922.2,3922.80 1 0
github.com/yi-nology/git-sync-service/biz/model/git_sync/git_sync.go:3925.89,3926.70 1 0
github.com/yi-nology/git-sync-service/biz/model/git_sync/git_sync.go:3926.70,3927.28 1 0
github.com/yi-nology/git-sync-service/biz/model/git_sync/git_sync.go:3929.2,3929.43 1 0
github.com/yi-nology/git-sync-service/biz/model/git_sync/git_sync.go:3929.43,3931.3 1 0
github.com/yi-nology/git-sync-service/biz/model/git_sync/git_sync.go:3932.2,3932.45 1 0
github.com/yi-nology/git-sync-service/biz/model/git_sync/git_sync.go:3932.45,3933.26 1 0
github.com/yi-nology/git-sync-service/biz/model/git_sync/git_sync.go:3935.2,3936.1 2 0
github.com/yi-nology/git-sync-service/biz/model/git_sync/git_sync.go:3937.2,3938.1 2 0
github.com/yi-nology/git-sync-service/biz/model/git_sync/git_sync.go:3939.2,3939.81 1 0
github.com/yi-nology/git-sync-service/biz/model/git_sync/git_sync.go:3942.57,3943.14 1 0
github.com/yi-nology/git-sync-service/biz/model/git_sync/git_sync.go:3943.14,3945.3 1 0
github.com/yi-nology/git-sync-service/biz/model/git_sync/git_sync.go:3946.2,3946.62 1 0
github.com/yi-nology/git-sync-service/biz/model/git_sync/git_sync.go:3954.76,3956.2 1 0
github.com/yi-nology/git-sync-service/biz/model/git_sync/git_sync.go:3958.58,3959.2 0 0
github.com/yi-nology/git-sync-service/biz/model/git_sync/git_sync.go:3963.86,3964.23 1 0
github.com/yi-nology/git-sync-service/biz/model/git_sync/git_sync.go:3964.23,3966.3 1 0
github.com/yi-nology/git-sync-service/biz/model/git_sync/git_sync.go:3967.2,3967.18 1 0
github.com/yi-nology/git-sync-service/biz/model/git_sync/git_sync.go:3974.63,3976.2 1 0
github.com/yi-nology/git-sync-service/biz/model/git_sync/git_sync.go:3978.84,3983.50 3 0
github.com/yi-nology/git-sync-service/biz/model/git_sync/git_sync.go:3983.50,3984.28 1 0
github.com/yi-nology/git-sync-service/biz/model/git_sync/git_sync.go:3987.2,3987.6 1 0
github.com/yi-nology/git-sync-service/biz/model/git_sync/git_sync.go:3987.6,3989.17 2 0
github.com/yi-nology/git-sync-service/biz/model/git_sync/git_sync.go:3989.17,3990.28 1 0
github.com/yi-nology/git-sync-service/biz/model/git_sync/git_sync.go:3992.3,3992.33 1 0
github.com/yi-nology/git-sync-service/biz/model/git_sync/git_sync.go:3992.33,3993.9 1 0
github.com/yi-nology/git-sync-service/biz/model/git_sync/git_sync.go:3996.3,3996.18 1 0
github.com/yi-nology/git-sync-service/biz/model/git_sync/git_sync.go:3997.10,3998.36 1 0
github.com/yi-nology/git-sync-service/biz/model/git_sync/git_sync.go:3998.36,3999.46 1 0
github.com/yi-nology/git-sync-service/biz/model/git_sync/git_sync.go:3999.46,4000.25 1 0
github.com/yi-nology/git-sync-service/biz/model/git_sync/git_sync.go:4002.10,4002.56 1 0
github.com/yi-nology/git-sync-service/biz/model/git_sync/git_sync.go:4002.56,4003.24 1 0
github.com/yi-nology/git-sync-service/biz/model/git_sync/git_sync.go:4005.11,4006.49 1 0
github.com/yi-nology/git-sync-service/biz/model/git_sync/git_sync.go:4006.49,4007.24 1 0
github.com/yi-nology/git-sync-service/biz/model/git_sync/git_sync.go:4010.3,4010.45 1 0
github.com/yi-nology/git-sync-service/biz/model/git_sync/git_sync.go:4010.45,4011.26 1 0
github.com/yi-nology/git-sync-service/biz/model/git_sync/git_sync.go:4014.2,4014.45 1 0
github.com/yi-nology/git-sync-service/biz/model/git_sync/git_sync.go:4014.45,4015.26 1 0
github.com/yi-nology/git-sync-service/biz/model/git_sync/git_sync.go:4018.2,4019.1 2 0
github.com/yi-nology/git-sync-service/biz/model/git_sync/git_sync.go:4020.2,4021.1 2 0
github.com/yi-nology/git-sync-service/biz/model/git_sync/git_sync.go:4022.2,4023.1 2 0
github.com/yi-nology/git-sync-service/biz/model/git_sync/git_sync.go:4024.2,4025.1 2 0
github.com/yi-nology/git-sync-service/biz/model/git_sync/git_sync.go:4026.2,4028.1 2 0
github.com/yi-nology/git-sync-service/biz/model/git_sync/git_sync.go:4029.2,4030.1 2 0
github.com/yi-nology/git-sync-service/biz/model/git_sync/git_sync.go:4031.2,4031.79 1 0
github.com/yi-nology/git-sync-service/biz/model/git_sync/git_sync.go:4034.84,4036.43 2 0
github.com/yi-nology/git-sync-service/biz/model/git_sync/git_sync.go:4036.43,4038.3 1 0
github.com/yi-nology/git-sync-service/biz/model/git_sync/git_sync.go:4039.2,4040.12 2 0
github.com/yi-nology/git-sync-service/biz/model/git_sync/git_sync.go:4043.85,4045.67 2 0
github.com/yi-nology/git-sync-service/biz/model/git_sync/git_sync.go:4045.67,4046.29 1 0
github.com/yi-nology/git-sync-service/biz/model/git_sync/git_sync.go:4048.2,4048.14 1 0
github.com/yi-nology/git-sync-service/biz/model/git_sync/git_sync.go:4048.14,4049.45 1 0
github.com/yi-nology/git-sync-service/biz/model/git_sync/git_sync.go:4049.45,4051.24 2 0
github.com/yi-nology/git-sync-service/biz/model/git_sync/git_sync.go:4054.2,4054.46 1 0
github.com/yi-nology/git-sync-service/biz/model/git_sync/git_sync.go:4054.46,4055.27 1 0
github.com/yi-nology/git-sync-service/biz/model/git_sync/git_sync.go:4057.2,4057.46 1 0
github.com/yi-nology/git-sync-service/biz/model/git_sync/git_sync.go:4057.46,4058.27 1 0
github.com/yi-nology/git-sync-service/biz/model/git_sync/git_sync.go:4060.2,4061.1 2 0
github.com/yi-nology/git-sync-service/biz/model/git_sync/git_sync.go:4062.2,4063.1 2 0
github.com/yi-nology/git-sync-service/biz/model/git_sync/git_sync.go:4064.2,4065.1 2 0
github.com/yi-nology/git-sync-service/biz/model/git_sync/git_sync.go:4066.2,4067.1 2 0
github.com/yi-nology/git-sync-service/biz/model/git_sync/git_sync.go:4068.2,4068.80 1 0
github.com/yi-nology/git-sync-service/biz/model/git_sync/git_sync.go:4071.91,4072.22 1 0
github.com/yi-nology/git-sync-service/biz/model/git_sync/git_sync.go:4072.22,4073.75 1 0
github.com/yi-nology/git-sync-service/biz/model/git_sync/git_sync.go:4073.75,4074.29 1 0
github.com/yi-nology/git-sync-service/biz/model/git_sync/git_sync.go:4076.3,4076.48 1 0
github.com/yi-nology/git-sync-service/biz/model/git_sync/git_sync.go:4076.48,4078.4 1 0
github.com/yi-nology/git-sync-service/biz/model/git_sync/git_sync.go:4079.3,4079.46 1 0
github.com/yi-nology/git-sync-service/biz/model/git_sync/git_sync.go:4079.46,4080.27 1 0
github.com/yi-nology/git-sync-service/biz/model/git_sync/git_sync.go:4083.2,4084.1 2 0
github.com/yi-nology/git-sync-service/biz/model/git_sync/git_sync.go:4085.2,4086.1 2 0
github.com/yi-nology/git-sync-service/biz/model/git_sync/git_sync.go:4087.2,4087.81 1 0
github.com/yi-nology/git-sync-service/biz/model/git_sync/git_sync.go:4090.59,4091.14 1 0
github.com/yi-nology/git-sync-service/biz/model/git_sync/git_sync.go:4091.14,4093.3 1 0
github.com/yi-nology/git-sync-service/biz/model/git_sync/git_sync.go:4094.2,4094.64 1 0
github.com/yi-nology/git-sync-service/biz/model/git_sync/git_sync.go:4102.72,4104.2 1 0
github.com/yi-nology/git-sync-service/biz/model/git_sync/git_sync.go:4106.56,4107.2 0 0
github.com/yi-nology/git-sync-service/biz/model/git_sync/git_sync.go:4111.79,4112.19 1 0
github.com/yi-nology/git-sync-service/biz/model/git_sync/git_sync.go:4112.19,4114.3 1 0
github.com/yi-nology/git-sync-service/biz/model/git_sync/git_sync.go:4115.2,4115.14 1 0
github.com/yi-nology/git-sync-service/biz/model/git_sync/git_sync.go:4122.57,4124.2 1 0
github.com/yi-nology/git-sync-service/biz/model/git_sync/git_sync.go:4126.82,4131.50 3 0
github.com/yi-nology/git-sync-service/biz/model/git_sync/git_sync.go:4131.50,4132.28 1 0
github.com/yi-nology/git-sync-service/biz/model/git_sync/git_sync.go:4135.2,4135.6 1 0
github.com/yi-nology/git-sync-service/biz/model/git_sync/git_sync.go:4135.6,4137.17 2 0
github.com/yi-nology/git-sync-service/biz/model/git_sync/git_sync.go:4137.17,4138.28 1 0
github.com/yi-nology/git-sync-service/biz/model/git_sync/git_sync.go:4140.3,4140.33 1 0
github.com/yi-nology/git-sync-service/biz/model/git_sync/git_sync.go:4140.33,4141.9 1 0
github.com/yi-nology/git-sync-service/biz/model/git_sync/git_sync.go:4144.3,4144.18 1 0
github.com/yi-nology/git-sync-service/biz/model/git_sync/git_sync.go:4145.10,4146.36 1 0
github.com/yi-nology/git-sync-service/biz/model/git_sync/git_sync.go:4146.36,4147.46 1 0
github.com/yi-nology/git-sync-service/biz/model/git_sync/git_sync.go:4147.46,4148.25 1 0
github.com/yi-nology/git-sync-service/biz/model/git_sync/git_sync.go:4150.10,4150.56 1 0
github.com/yi-nology/git-sync-service/biz/model/git_sync/git_sync.go:4150.56,4151.24 1 0
github.com/yi-nology/git-sync-service/biz/model/git_sync/git_sync.go:4153.11,4154.49 1 0
github.com/yi-nology/git-sync-service/biz/model/git_sync/git_sync.go:4154.49,4155.24 1 0
github.com/yi-nology/git-sync-service/biz/model/git_sync/git_sync.go:4158.3,4158.45 1 0
github.com/yi-nology/git-sync-service/biz/model/git_sync/git_sync.go:4158.45,4159.26 1 0
github.com/yi-nology/git-sync-service/biz/model/git_sync/git_sync.go:4162.2,4162.45 1 0
github.com/yi-nology/git-sync-service/biz/model/git_sync/git_sync.go:4162.45,4163.26 1 0
github.com/yi-nology/git-sync-service/biz/model/git_sync/git_sync.go:4166.2,4167.1 2 0
github.com/yi-nology/git-sync-service/biz/model/git_sync/git_sync.go:4168.2,4169.1 2 0
github.com/yi-nology/git-sync-service/biz/model/git_sync/git_sync.go:4170.2,4171.1 2 0
github.com/yi-nology/git-sync-service/biz/model/git_sync/git_sync.go:4172.2,4173.1 2 0
github.com/yi-nology/git-sync-service/biz/model/git_sync/git_sync.go:4174.2,4176.1 2 0
github.com/yi-nology/git-sync-service/biz/model/git_sync/git_sync.go:4177.2,4178.1 2 0
github.com/yi-nology/git-sync-service/biz/model/git_sync/git_sync.go:4179.2,4179.79 1 0
github.com/yi-nology/git-sync-service/biz/model/git_sync/git_sync.go:4182.82,4184.43 2 0
github.com/yi-nology/git-sync-service/biz/model/git_sync/git_sync.go:4184.43,4186.3 1 0
github.com/yi-nology/git-sync-service/biz/model/git_sync/git_sync.go:4187.2,4188.12 2 0
github.com/yi-nology/git-sync-service/biz/model/git_sync/git_sync.go:4191.83,4193.65 2 0
github.com/yi-nology/git-sync-service/biz/model/git_sync/git_sync.go:4193.65,4194.29 1 0
github.com/yi-nology/git-sync-service/biz/model/git_sync/git_sync.go:4196.2,4196.14 1 0
github.com/yi-nology/git-sync-service/biz/model/git_sync/git_sync.go:4196.14,4197.45 1 0
github.com/yi-nology/git-sync-service/biz/model/git_sync/git_sync.go:4197.45,4199.24 2 0
github.com/yi-nology/git-sync-service/biz/model/git_sync/git_sync.go:4202.2,4202.46 1 0
github.com/yi-nology/git-sync-service/biz/model/git_sync/git_sync.go:4202.46,4203.27 1 0
github.com/yi-nology/git-sync-service/biz/model/git_sync/git_sync.go:4205.2,4205.46 1 0
github.com/yi-nology/git-sync-service/biz/model/git_sync/git_sync.go:4205.46,4206.27 1 0
github.com/yi-nology/git-sync-service/biz/model/git_sync/git_sync.go:4208.2,4209.1 2 0
github.com/yi-nology/git-sync-service/biz/model/git_sync/git_sync.go:4210.2,4211.1 2 0
github.com/yi-nology/git-sync-service/biz/model/git_sync/git_sync.go:4212.2,4213.1 2 0
github.com/yi-nology/git-sync-service/biz/model/git_sync/git_sync.go:4214.2,4215.1 2 0
github.com/yi-nology/git-sync-service/biz/model/git_sync/git_sync.go:4216.2,4216.80 1 0
github.com/yi-nology/git-sync-service/biz/model/git_sync/git_sync.go:4219.89,4220.70 1 0
github.com/yi-nology/git-sync-service/biz/model/git_sync/git_sync.go:4220.70,4221.28 1 0
github.com/yi-nology/git-sync-service/biz/model/git_sync/git_sync.go:4223.2,4223.43 1 0
github.com/yi-nology/git-sync-service/biz/model/git_sync/git_sync.go:4223.43,4225.3 1 0
github.com/yi-nology/git-sync-service/biz/model/git_sync/git_sync.go:4226.2,4226.45 1 0
github.com/yi-nology/git-sync-service/biz/model/git_sync/git_sync.go:4226.45,4227.26 1 0
github.com/yi-nology/git-sync-service/biz/model/git_sync/git_sync.go:4229.2,4230.1 2 0
github.com/yi-nology/git-sync-service/biz/model/git_sync/git_sync.go:4231.2,4232.1 2 0
github.com/yi-nology/git-sync-service/biz/model/git_sync/git_sync.go:4233.2,4233.81 1 0
github.com/yi-nology/git-sync-service/biz/model/git_sync/git_sync.go:4236.57,4237.14 1 0
github.com/yi-nology/git-sync-service/biz/model/git_sync/git_sync.go:4237.14,4239.3 1 0
github.com/yi-nology/git-sync-service/biz/model/git_sync/git_sync.go:4240.2,4240.62 1 0
github.com/yi-nology/git-sync-service/biz/model/git_sync/git_sync.go:4248.76,4250.2 1 0
github.com/yi-nology/git-sync-service/biz/model/git_sync/git_sync.go:4252.58,4253.2 0 0
github.com/yi-nology/git-sync-service/biz/model/git_sync/git_sync.go:4257.86,4258.23 1 0
github.com/yi-nology/git-sync-service/biz/model/git_sync/git_sync.go:4258.23,4260.3 1 0
github.com/yi-nology/git-sync-service/biz/model/git_sync/git_sync.go:4261.2,4261.18 1 0
github.com/yi-nology/git-sync-service/biz/model/git_sync/git_sync.go:4268.63,4270.2 1 0
github.com/yi-nology/git-sync-service/biz/model/git_sync/git_sync.go:4272.84,4277.50 3 0
github.com/yi-nology/git-sync-service/biz/model/git_sync/git_sync.go:4277.50,4278.28 1 0
github.com/yi-nology/git-sync-service/biz/model/git_sync/git_sync.go:4281.2,4281.6 1 0
github.com/yi-nology/git-sync-service/biz/model/git_sync/git_sync.go:4281.6,4283.17 2 0
github.com/yi-nology/git-sync-service/biz/model/git_sync/git_sync.go:4283.17,4284.28 1 0
github.com/yi-nology/git-sync-service/biz/model/git_sync/git_sync.go:4286.3,4286.33 1 0
github.com/yi-nology/git-sync-service/biz/model/git_sync/git_sync.go:4286.33,4287.9 1 0
github.com/yi-nology/git-sync-service/biz/model/git_sync/git_sync.go:4290.3,4290.18 1 0
github.com/yi-nology/git-sync-service/biz/model/git_sync/git_sync.go:4291.10,4292.36 1 0
github.com/yi-nology/git-sync-service/biz/model/git_sync/git_sync.go:4292.36,4293.46 1 0
github.com/yi-nology/git-sync-service/biz/model/git_sync/git_sync.go:4293.46,4294.25 1 0
github.com/yi-nology/git-sync-service/biz/model/git_sync/git_sync.go:4296.10,4296.56 1 0
github.com/yi-nology/git-sync-service/biz/model/git_sync/git_sync.go:4296.56,4297.24 1 0
github.com/yi-nology/git-sync-service/biz/model/git_sync/git_sync.go:4299.11,4300.49 1 0
github.com/yi-nology/git-sync-service/biz/model/git_sync/git_sync.go:4300.49,4301.24 1 0
github.com/yi-nology/git-sync-service/biz/model/git_sync/git_sync.go:4304.3,4304.45 1 0
github.com/yi-nology/git-sync-service/biz/model/git_sync/git_sync.go:4304.45,4305.26 1 0
github.com/yi-nology/git-sync-service/biz/model/git_sync/git_sync.go:4308.2,4308.45 1 0
github.com/yi-nology/git-sync-service/biz/model/git_sync/git_sync.go:4308.45,4309.26 1 0
github.com/yi-nology/git-sync-service/biz/model/git_sync/git_sync.go:4312.2,4313.1 2 0
github.com/yi-nology/git-sync-service/biz/model/git_sync/git_sync.go:4314.2,4315.1 2 0
github.com/yi-nology/git-sync-service/biz/model/git_sync/git_sync.go:4316.2,4317.1 2 0
github.com/yi-nology/git-sync-service/biz/model/git_sync/git_sync.go:4318.2,4319.1 2 0
github.com/yi-nology/git-sync-service/biz/model/git_sync/git_sync.go:4320.2,4322.1 2 0
github.com/yi-nology/git-sync-service/biz/model/git_sync/git_sync.go:4323.2,4324.1 2 0
github.com/yi-nology/git-sync-service/biz/model/git_sync/git_sync.go:4325.2,4325.79 1 0
github.com/yi-nology/git-sync-service/biz/model/git_sync/git_sync.go:4328.84,4330.43 2 0
github.com/yi-nology/git-sync-service/biz/model/git_sync/git_sync.go:4330.43,4332.3 1 0
github.com/yi-nology/git-sync-service/biz/model/git_sync/git_sync.go:4333.2,4334.12 2 0
github.com/yi-nology/git-sync-service/biz/model/git_sync/git_sync.go:4337.85,4339.67 2 0
github.com/yi-nology/git-sync-service/biz/model/git_sync/git_sync.go:4339.67,4340.29 1 0
github.com/yi-nology/git-sync-service/biz/model/git_sync/git_sync.go:4342.2,4342.14 1 0
github.com/yi-nology/git-sync-service/biz/model/git_sync/git_sync.go:4342.14,4343.45 1 0
github.com/yi-nology/git-sync-service/biz/model/git_sync/git_sync.go:4343.45,4345.24 2 0
github.com/yi-nology/git-sync-service/biz/model/git_sync/git_sync.go:4348.2,4348.46 1 0
github.com/yi-nology/git-sync-service/biz/model/git_sync/git_sync.go:4348.46,4349.27 1 0
github.com/yi-nology/git-sync-service/biz/model/git_sync/git_sync.go:4351.2,4351.46 1 0
github.com/yi-nology/git-sync-service/biz/model/git_sync/git_sync.go:4351.46,4352.27 1 0
github.com/yi-nology/git-sync-service/biz/model/git_sync/git_sync.go:4354.2,4355.1 2 0
github.com/yi-nology/git-sync-service/biz/model/git_sync/git_sync.go:4356.2,4357.1 2 0
github.com/yi-nology/git-sync-service/biz/model/git_sync/git_sync.go:4358.2,4359.1 2 0
github.com/yi-nology/git-sync-service/biz/model/git_sync/git_sync.go:4360.2,4361.1 2 0
github.com/yi-nology/git-sync-service/biz/model/git_sync/git_sync.go:4362.2,4362.80 1 0
github.com/yi-nology/git-sync-service/biz/model/git_sync/git_sync.go:4365.91,4366.22 1 0
github.com/yi-nology/git-sync-service/biz/model/git_sync/git_sync.go:4366.22,4367.75 1 0
github.com/yi-nology/git-sync-service/biz/model/git_sync/git_sync.go:4367.75,4368.29 1 0
github.com/yi-nology/git-sync-service/biz/model/git_sync/git_sync.go:4370.3,4370.48 1 0
github.com/yi-nology/git-sync-service/biz/model/git_sync/git_sync.go:4370.48,4372.4 1 0
github.com/yi-nology/git-sync-service/biz/model/git_sync/git_sync.go:4373.3,4373.46 1 0
github.com/yi-nology/git-sync-service/biz/model/git_sync/git_sync.go:4373.46,4374.27 1 0
github.com/yi-nology/git-sync-service/biz/model/git_sync/git_sync.go:4377.2,4378.1 2 0
github.com/yi-nology/git-sync-service/biz/model/git_sync/git_sync.go:4379.2,4380.1 2 0
github.com/yi-nology/git-sync-service/biz/model/git_sync/git_sync.go:4381.2,4381.81 1 0
github.com/yi-nology/git-sync-service/biz/model/git_sync/git_sync.go:4384.59,4385.14 1 0
github.com/yi-nology/git-sync-service/biz/model/git_sync/git_sync.go:4385.14,4387.3 1 0
github.com/yi-nology/git-sync-service/biz/model/git_sync/git_sync.go:4388.2,4388.64 1 0
github.com/yi-nology/git-sync-service/biz/model/git_sync/git_sync.go:4396.72,4398.2 1 0
github.com/yi-nology/git-sync-service/biz/model/git_sync/git_sync.go:4400.56,4401.2 0 0
github.com/yi-nology/git-sync-service/biz/model/git_sync/git_sync.go:4405.79,4406.19 1 0
github.com/yi-nology/git-sync-service/biz/model/git_sync/git_sync.go:4406.19,4408.3 1 0
github.com/yi-nology/git-sync-service/biz/model/git_sync/git_sync.go:4409.2,4409.14 1 0
github.com/yi-nology/git-sync-service/biz/model/git_sync/git_sync.go:4416.57,4418.2 1 0
github.com/yi-nology/git-sync-service/biz/model/git_sync/git_sync.go:4420.82,4425.50 3 0
github.com/yi-nology/git-sync-service/biz/model/git_sync/git_sync.go:4425.50,4426.28 1 0
github.com/yi-nology/git-sync-service/biz/model/git_sync/git_sync.go:4429.2,4429.6 1 0
github.com/yi-nology/git-sync-service/biz/model/git_sync/git_sync.go:4429.6,4431.17 2 0
github.com/yi-nology/git-sync-service/biz/model/git_sync/git_sync.go:4431.17,4432.28 1 0
github.com/yi-nology/git-sync-service/biz/model/git_sync/git_sync.go:4434.3,4434.33 1 0
github.com/yi-nology/git-sync-service/biz/model/git_sync/git_sync.go:4434.33,4435.9 1 0
github.com/yi-nology/git-sync-service/biz/model/git_sync/git_sync.go:4438.3,4438.18 1 0
github.com/yi-nology/git-sync-service/biz/model/git_sync/git_sync.go:4439.10,4440.36 1 0
github.com/yi-nology/git-sync-service/biz/model/git_sync/git_sync.go:4440.36,4441.46 1 0
github.com/yi-nology/git-sync-service/biz/model/git_sync/git_sync.go:4441.46,4442.25 1 0
github.com/yi-nology/git-sync-service/biz/model/git_sync/git_sync.go:4444.10,4444.56 1 0
github.com/yi-nology/git-sync-service/biz/model/git_sync/git_sync.go:4444.56,4445.24 1 0
github.com/yi-nology/git-sync-service/biz/model/git_sync/git_sync.go:4447.11,4448.49 1 0
github.com/yi-nology/git-sync-service/biz/model/git_sync/git_sync.go:4448.49,4449.24 1 0
github.com/yi-nology/git-sync-service/biz/model/git_sync/git_sync.go:4452.3,4452.45 1 0
github.com/yi-nology/git-sync-service/biz/model/git_sync/git_sync.go:4452.45,4453.26 1 0
github.com/yi-nology/git-sync-service/biz/model/git_sync/git_sync.go:4456.2,4456.45 1 0
github.com/yi-nology/git-sync-service/biz/model/git_sync/git_sync.go:4456.45,4457.26 1 0
github.com/yi-nology/git-sync-service/biz/model/git_sync/git_sync.go:4460.2,4461.1 2 0
github.com/yi-nology/git-sync-service/biz/model/git_sync/git_sync.go:4462.2,4463.1 2 0
github.com/yi-nology/git-sync-service/biz/model/git_sync/git_sync.go:4464.2,4465.1 2 0
github.com/yi-nology/git-sync-service/biz/model/git_sync/git_sync.go:4466.2,4467.1 2 0
github.com/yi-nology/git-sync-service/biz/model/git_sync/git_sync.go:4468.2,4470.1 2 0
github.com/yi-nology/git-sync-service/biz/model/git_sync/git_sync.go:4471.2,4472.1 2 0
github.com/yi-nology/git-sync-service/biz/model/git_sync/git_sync.go:4473.2,4473.79 1 0
github.com/yi-nology/git-sync-service/biz/model/git_sync/git_sync.go:4476.82,4478.43 2 0
github.com/yi-nology/git-sync-service/biz/model/git_sync/git_sync.go:4478.43,4480.3 1 0
github.com/yi-nology/git-sync-service/biz/model/git_sync/git_sync.go:4481.2,4482.12 2 0
github.com/yi-nology/git-sync-service/biz/model/git_sync/git_sync.go:4485.83,4487.65 2 0
github.com/yi-nology/git-sync-service/biz/model/git_sync/git_sync.go:4487.65,4488.29 1 0
github.com/yi-nology/git-sync-service/biz/model/git_sync/git_sync.go:4490.2,4490.14 1 0
github.com/yi-nology/git-sync-service/biz/model/git_sync/git_sync.go:4490.14,4491.45 1 0
github.com/yi-nology/git-sync-service/biz/model/git_sync/git_sync.go:4491.45,4493.24 2 0
github.com/yi-nology/git-sync-service/biz/model/git_sync/git_sync.go:4496.2,4496.46 1 0
github.com/yi-nology/git-sync-service/biz/model/git_sync/git_sync.go:4496.46,4497.27 1 0
github.com/yi-nology/git-sync-service/biz/model/git_sync/git_sync.go:4499.2,4499.46 1 0
github.com/yi-nology/git-sync-service/biz/model/git_sync/git_sync.go:4499.46,4500.27 1 0
github.com/yi-nology/git-sync-service/biz/model/git_sync/git_sync.go:4502.2,4503.1 2 0
github.com/yi-nology/git-sync-service/biz/model/git_sync/git_sync.go:4504.2,4505.1 2 0
github.com/yi-nology/git-sync-service/biz/model/git_sync/git_sync.go:4506.2,4507.1 2 0
github.com/yi-nology/git-sync-service/biz/model/git_sync/git_sync.go:4508.2,4509.1 2 0
github.com/yi-nology/git-sync-service/biz/model/git_sync/git_sync.go:4510.2,4510.80 1 0
github.com/yi-nology/git-sync-service/biz/model/git_sync/git_sync.go:4513.89,4514.70 1 0
github.com/yi-nology/git-sync-service/biz/model/git_sync/git_sync.go:4514.70,4515.28 1 0
github.com/yi-nology/git-sync-service/biz/model/git_sync/git_sync.go:4517.2,4517.43 1 0
github.com/yi-nology/git-sync-service/biz/model/git_sync/git_sync.go:4517.43,4519.3 1 0
github.com/yi-nology/git-sync-service/biz/model/git_sync/git_sync.go:4520.2,4520.45 1 0
github.com/yi-nology/git-sync-service/biz/model/git_sync/git_sync.go:4520.45,4521.26 1 0
github.com/yi-nology/git-sync-service/biz/model/git_sync/git_sync.go:4523.2,4524.1 2 0
github.com/yi-nology/git-sync-service/biz/model/git_sync/git_sync.go:4525.2,4526.1 2 0
github.com/yi-nology/git-sync-service/biz/model/git_sync/git_sync.go:4527.2,4527.81 1 0
github.com/yi-nology/git-sync-service/biz/model/git_sync/git_sync.go:4530.57,4531.14 1 0
github.com/yi-nology/git-sync-service/biz/model/git_sync/git_sync.go:4531.14,4533.3 1 0
github.com/yi-nology/git-sync-service/biz/model/git_sync/git_sync.go:4534.2,4534.62 1 0
github.com/yi-nology/git-sync-service/biz/model/git_sync/git_sync.go:4542.76,4544.2 1 0
github.com/yi-nology/git-sync-service/biz/model/git_sync/git_sync.go:4546.58,4547.2 0 0
github.com/yi-nology/git-sync-service/biz/model/git_sync/git_sync.go:4551.86,4552.23 1 0
github.com/yi-nology/git-sync-service/biz/model/git_sync/git_sync.go:4552.23,4554.3 1 0
github.com/yi-nology/git-sync-service/biz/model/git_sync/git_sync.go:4555.2,4555.18 1 0
github.com/yi-nology/git-sync-service/biz/model/git_sync/git_sync.go:4562.63,4564.2 1 0
github.com/yi-nology/git-sync-service/biz/model/git_sync/git_sync.go:4566.84,4571.50 3 0
github.com/yi-nology/git-sync-service/biz/model/git_sync/git_sync.go:4571.50,4572.28 1 0
github.com/yi-nology/git-sync-service/biz/model/git_sync/git_sync.go:4575.2,4575.6 1 0
github.com/yi-nology/git-sync-service/biz/model/git_sync/git_sync.go:4575.6,4577.17 2 0
github.com/yi-nology/git-sync-service/biz/model/git_sync/git_sync.go:4577.17,4578.28 1 0
github.com/yi-nology/git-sync-service/biz/model/git_sync/git_sync.go:4580.3,4580.33 1 0
github.com/yi-nology/git-sync-service/biz/model/git_sync/git_sync.go:4580.33,4581.9 1 0
github.com/yi-nology/git-sync-service/biz/model/git_sync/git_sync.go:4584.3,4584.18 1 0
github.com/yi-nology/git-sync-service/biz/model/git_sync/git_sync.go:4585.10,4586.36 1 0
github.com/yi-nology/git-sync-service/biz/model/git_sync/git_sync.go:4586.36,4587.46 1 0
github.com/yi-nology/git-sync-service/biz/model/git_sync/git_sync.go:4587.46,4588.25 1 0
github.com/yi-nology/git-sync-service/biz/model/git_sync/git_sync.go:4590.10,4590.56 1 0
github.com/yi-nology/git-sync-service/biz/model/git_sync/git_sync.go:4590.56,4591.24 1 0
github.com/yi-nology/git-sync-service/biz/model/git_sync/git_sync.go:4593.11,4594.49 1 0
github.com/yi-nology/git-sync-service/biz/model/git_sync/git_sync.go:4594.49,4595.24 1 0
github.com/yi-nology/git-sync-service/biz/model/git_sync/git_sync.go:4598.3,4598.45 1 0
github.com/yi-nology/git-sync-service/biz/model/git_sync/git_sync.go:4598.45,4599.26 1 0
github.com/yi-nology/git-sync-service/biz/model/git_sync/git_sync.go:4602.2,4602.45 1 0
github.com/yi-nology/git-sync-service/biz/model/git_sync/git_sync.go:4602.45,4603.26 1 0
github.com/yi-nology/git-sync-service/biz/model/git_sync/git_sync.go:4606.2,4607.1 2 0
github.com/yi-nology/git-sync-service/biz/model/git_sync/git_sync.go:4608.2,4609.1 2 0
github.com/yi-nology/git-sync-service/biz/model/git_sync/git_sync.go:4610.2,4611.1 2 0
github.com/yi-nology/git-sync-service/biz/model/git_sync/git_sync.go:4612.2,4613.1 2 0
github.com/yi-nology/git-sync-service/biz/model/git_sync/git_sync.go:4614.2,4616.1 2 0
github.com/yi-nology/git-sync-service/biz/model/git_sync/git_sync.go:4617.2,4618.1 2 0
github.com/yi-nology/git-sync-service/biz/model/git_sync/git_sync.go:4619.2,4619.79 1 0
github.com/yi-nology/git-sync-service/biz/model/git_sync/git_sync.go:4622.84,4624.43 2 0
github.com/yi-nology/git-sync-service/biz/model/git_sync/git_sync.go:4624.43,4626.3 1 0
github.com/yi-nology/git-sync-service/biz/model/git_sync/git_sync.go:4627.2,4628.12 2 0
github.com/yi-nology/git-sync-service/biz/model/git_sync/git_sync.go:4631.85,4633.67 2 0
github.com/yi-nology/git-sync-service/biz/model/git_sync/git_sync.go:4633.67,4634.29 1 0
github.com/yi-nology/git-sync-service/biz/model/git_sync/git_sync.go:4636.2,4636.14 1 0
github.com/yi-nology/git-sync-service/biz/model/git_sync/git_sync.go:4636.14,4637.45 1 0
github.com/yi-nology/git-sync-service/biz/model/git_sync/git_sync.go:4637.45,4639.24 2 0
github.com/yi-nology/git-sync-service/biz/model/git_sync/git_sync.go:4642.2,4642.46 1 0
github.com/yi-nology/git-sync-service/biz/model/git_sync/git_sync.go:4642.46,4643.27 1 0
github.com/yi-nology/git-sync-service/biz/model/git_sync/git_sync.go:4645.2,4645.46 1 0
github.com/yi-nology/git-sync-service/biz/model/git_sync/git_sync.go:4645.46,4646.27 1 0
github.com/yi-nology/git-sync-service/biz/model/git_sync/git_sync.go:4648.2,4649.1 2 0
github.com/yi-nology/git-sync-service/biz/model/git_sync/git_sync.go:4650.2,4651.1 2 0
github.com/yi-nology/git-sync-service/biz/model/git_sync/git_sync.go:4652.2,4653.1 2 0
github.com/yi-nology/git-sync-service/biz/model/git_sync/git_sync.go:4654.2,4655.1 2 0
github.com/yi-nology/git-sync-service/biz/model/git_sync/git_sync.go:4656.2,4656.80 1 0
github.com/yi-nology/git-sync-service/biz/model/git_sync/git_sync.go:4659.91,4660.22 1 0
github.com/yi-nology/git-sync-service/biz/model/git_sync/git_sync.go:4660.22,4661.75 1 0
github.com/yi-nology/git-sync-service/biz/model/git_sync/git_sync.go:4661.75,4662.29 1 0
github.com/yi-nology/git-sync-service/biz/model/git_sync/git_sync.go:4664.3,4664.48 1 0
github.com/yi-nology/git-sync-service/biz/model/git_sync/git_sync.go:4664.48,4666.4 1 0
github.com/yi-nology/git-sync-service/biz/model/git_sync/git_sync.go:4667.3,4667.46 1 0
github.com/yi-nology/git-sync-service/biz/model/git_sync/git_sync.go:4667.46,4668.27 1 0
github.com/yi-nology/git-sync-service/biz/model/git_sync/git_sync.go:4671.2,4672.1 2 0
github.com/yi-nology/git-sync-service/biz/model/git_sync/git_sync.go:4673.2,4674.1 2 0
github.com/yi-nology/git-sync-service/biz/model/git_sync/git_sync.go:4675.2,4675.81 1 0
github.com/yi-nology/git-sync-service/biz/model/git_sync/git_sync.go:4678.59,4679.14 1 0
github.com/yi-nology/git-sync-service/biz/model/git_sync/git_sync.go:4679.14,4681.3 1 0
github.com/yi-nology/git-sync-service/biz/model/git_sync/git_sync.go:4682.2,4682.64 1 0
github.com/yi-nology/git-sync-service/biz/model/git_sync/git_sync.go:4690.66,4692.2 1 0
github.com/yi-nology/git-sync-service/biz/model/git_sync/git_sync.go:4694.53,4695.2 0 0
github.com/yi-nology/git-sync-service/biz/model/git_sync/git_sync.go:4699.73,4700.19 1 0
github.com/yi-nology/git-sync-service/biz/model/git_sync/git_sync.go:4700.19,4702.3 1 0
github.com/yi-nology/git-sync-service/biz/model/git_sync/git_sync.go:4703.2,4703.14 1 0
github.com/yi-nology/git-sync-service/biz/model/git_sync/git_sync.go:4710.54,4712.2 1 0
github.com/yi-nology/git-sync-service/biz/model/git_sync/git_sync.go:4714.79,4719.50 3 0
github.com/yi-nology/git-sync-service/biz/model/git_sync/git_sync.go:4719.50,4720.28 1 0
github.com/yi-nology/git-sync-service/biz/model/git_sync/git_sync.go:4723.2,4723.6 1 0
github.com/yi-nology/git-sync-service/biz/model/git_sync/git_sync.go:4723.6,4725.17 2 0
github.com/yi-nology/git-sync-service/biz/model/git_sync/git_sync.go:4725.17,4726.28 1 0
github.com/yi-nology/git-sync-service/biz/model/git_sync/git_sync.go:4728.3,4728.33 1 0
github.com/yi-nology/git-sync-service/biz/model/git_sync/git_sync.go:4728.33,4729.9 1 0
github.com/yi-nology/git-sync-service/biz/model/git_sync/git_sync.go:4732.3,4732.18 1 0
github.com/yi-nology/git-sync-service/biz/model/git_sync/git_sync.go:4733.10,4734.36 1 0
github.com/yi-nology/git-sync-service/biz/model/git_sync/git_sync.go:4734.36,4735.46 1 0
github.com/yi-nology/git-sync-service/biz/model/git_sync/git_sync.go:4735.46,4736.25 1 0
github.com/yi-nology/git-sync-service/biz/model/git_sync/git_sync.go:4738.10,4738.56 1 0
github.com/yi-nology/git-sync-service/biz/model/git_sync/git_sync.go:4738.56,4739.24 1 0
github.com/yi-nology/git-sync-service/biz/model/git_sync/git_sync.go:4741.11,4742.49 1 0
github.com/yi-nology/git-sync-service/biz/model/git_sync/git_sync.go:4742.49,4743.24 1 0
github.com/yi-nology/git-sync-service/biz/model/git_sync/git_sync.go:4746.3,4746.45 1 0
github.com/yi-nology/git-sync-service/biz/model/git_sync/git_sync.go:4746.45,4747.26 1 0
github.com/yi-nology/git-sync-service/biz/model/git_sync/git_sync.go:4750.2,4750.45 1 0
github.com/yi-nology/git-sync-service/biz/model/git_sync/git_sync.go:4750.45,4751.26 1 0
github.com/yi-nology/git-sync-service/biz/model/git_sync/git_sync.go:4754.2,4755.1 2 0
github.com/yi-nology/git-sync-service/biz/model/git_sync/git_sync.go:4756.2,4757.1 2 0
github.com/yi-nology/git-sync-service/biz/model/git_sync/git_sync.go:4758.2,4759.1 2 0
github.com/yi-nology/git-sync-service/biz/model/git_sync/git_sync.go:4760.2,4761.1 2 0
github.com/yi-nology/git-sync-service/biz/model/git_sync/git_sync.go:4762.2,4764.1 2 0
github.com/yi-nology/git-sync-service/biz/model/git_sync/git_sync.go:4765.2,4766.1 2 0
github.com/yi-nology/git-sync-service/biz/model/git_sync/git_sync.go:4767.2,4767.79 1 0
github.com/yi-nology/git-sync-service/biz/model/git_sync/git_sync.go:4770.79,4772.43 2 0
github.com/yi-nology/git-sync-service/biz/model/git_sync/git_sync.go:4772.43,4774.3 1 0
github.com/yi-nology/git-sync-service/biz/model/git_sync/git_sync.go:4775.2,4776.12 2 0
github.com/yi-nology/git-sync-service/biz/model/git_sync/git_sync.go:4779.80,4781.62 2 0
github.com/yi-nology/git-sync-service/biz/model/git_sync/git_sync.go:4781.62,4782.29 1 0
github.com/yi-nology/git-sync-service/biz/model/git_sync/git_sync.go:4784.2,4784.14 1 0
github.com/yi-nology/git-sync-service/biz/model/git_sync/git_sync.go:4784.14,4785.45 1 0
github.com/yi-nology/git-sync-service/biz/model/git_sync/git_sync.go:4785.45,4787.24 2 0
github.com/yi-nology/git-sync-service/biz/model/git_sync/git_sync.go:4790.2,4790.46 1 0
github.com/yi-nology/git-sync-service/biz/model/git_sync/git_sync.go:4790.46,4791.27 1 0
github.com/yi-nology/git-sync-service/biz/model/git_sync/git_sync.go:4793.2,4793.46 1 0
github.com/yi-nology/git-sync-service/biz/model/git_sync/git_sync.go:4793.46,4794.27 1 0
github.com/yi-nology/git-sync-service/biz/model/git_sync/git_sync.go:4796.2,4797.1 2 0
github.com/yi-nology/git-sync-service/biz/model/git_sync/git_sync.go:4798.2,4799.1 2 0
github.com/yi-nology/git-sync-service/biz/model/git_sync/git_sync.go:4800.2,4801.1 2 0
github.com/yi-nology/git-sync-service/biz/model/git_sync/git_sync.go:4802.2,4803.1 2 0
github.com/yi-nology/git-sync-service/biz/model/git_sync/git_sync.go:4804.2,4804.80 1 0
github.com/yi-nology/git-sync-service/biz/model/git_sync/git_sync.go:4807.86,4808.70 1 0
github.com/yi-nology/git-sync-service/biz/model/git_sync/git_sync.go:4808.70,4809.28 1 0
github.com/yi-nology/git-sync-service/biz/model/git_sync/git_sync.go:4811.2,4811.43 1 0
github.com/yi-nology/git-sync-service/biz/model/git_sync/git_sync.go:4811.43,4813.3 1 0
github.com/yi-nology/git-sync-service/biz/model/git_sync/git_sync.go:4814.2,4814.45 1 0
github.com/yi-nology/git-sync-service/biz/model/git_sync/git_sync.go:4814.45,4815.26 1 0
github.com/yi-nology/git-sync-service/biz/model/git_sync/git_sync.go:4817.2,4818.1 2 0
github.com/yi-nology/git-sync-service/biz/model/git_sync/git_sync.go:4819.2,4820.1 2 0
github.com/yi-nology/git-sync-service/biz/model/git_sync/git_sync.go:4821.2,4821.81 1 0
github.com/yi-nology/git-sync-service/biz/model/git_sync/git_sync.go:4824.54,4825.14 1 0
github.com/yi-nology/git-sync-service/biz/model/git_sync/git_sync.go:4825.14,4827.3 1 0
github.com/yi-nology/git-sync-service/biz/model/git_sync/git_sync.go:4828.2,4828.59 1 0
github.com/yi-nology/git-sync-service/biz/model/git_sync/git_sync.go:4836.70,4838.2 1 0
github.com/yi-nology/git-sync-service/biz/model/git_sync/git_sync.go:4840.55,4841.2 0 0
github.com/yi-nology/git-sync-service/biz/model/git_sync/git_sync.go:4845.80,4846.23 1 0
github.com/yi-nology/git-sync-service/biz/model/git_sync/git_sync.go:4846.23,4848.3 1 0
github.com/yi-nology/git-sync-service/biz/model/git_sync/git_sync.go:4849.2,4849.18 1 0
github.com/yi-nology/git-sync-service/biz/model/git_sync/git_sync.go:4856.60,4858.2 1 0
github.com/yi-nology/git-sync-service/biz/model/git_sync/git_sync.go:4860.81,4865.50 3 0
github.com/yi-nology/git-sync-service/biz/model/git_sync/git_sync.go:4865.50,4866.28 1 0
github.com/yi-nology/git-sync-service/biz/model/git_sync/git_sync.go:4869.2,4869.6 1 0
github.com/yi-nology/git-sync-service/biz/model/git_sync/git_sync.go:4869.6,4871.17 2 0
github.com/yi-nology/git-sync-service/biz/model/git_sync/git_sync.go:4871.17,4872.28 1 0
github.com/yi-nology/git-sync-service/biz/model/git_sync/git_sync.go:4874.3,4874.33 1 0
github.com/yi-nology/git-sync-service/biz/model/git_sync/git_sync.go:4874.33,4875.9 1 0
github.com/yi-nology/git-sync-service/biz/model/git_sync/git_sync.go:4878.3,4878.18 1 0
github.com/yi-nology/git-sync-service/biz/model/git_sync/git_sync.go:4879.10,4880.36 1 0
github.com/yi-nology/git-sync-service/biz/model/git_sync/git_sync.go:4880.36,4881.46 1 0
github.com/yi-nology/git-sync-service/biz/model/git_sync/git_sync.go:4881.46,4882.25 1 0
github.com/yi-nology/git-sync-service/biz/model/git_sync/git_sync.go:4884.10,4884.56 1 0
github.com/yi-nology/git-sync-service/biz/model/git_sync/git_sync.go:4884.56,4885.24 1 0
github.com/yi-nology/git-sync-service/biz/model/git_sync/git_sync.go:4887.11,4888.49 1 0
github.com/yi-nology/git-sync-service/biz/model/git_sync/git_sync.go:4888.49,4889.24 1 0
github.com/yi-nology/git-sync-service/biz/model/git_sync/git_sync.go:4892.3,4892.45 1 0
github.com/yi-nology/git-sync-service/biz/model/git_sync/git_sync.go:4892.45,4893.26 1 0
github.com/yi-nology/git-sync-service/biz/model/git_sync/git_sync.go:4896.2,4896.45 1 0
github.com/yi-nology/git-sync-service/biz/model/git_sync/git_sync.go:4896.45,4897.26 1 0
github.com/yi-nology/git-sync-service/biz/model/git_sync/git_sync.go:4900.2,4901.1 2 0
github.com/yi-nology/git-sync-service/biz/model/git_sync/git_sync.go:4902.2,4903.1 2 0
github.com/yi-nology/git-sync-service/biz/model/git_sync/git_sync.go:4904.2,4905.1 2 0
github.com/yi-nology/git-sync-service/biz/model/git_sync/git_sync.go:4906.2,4907.1 2 0
github.com/yi-nology/git-sync-service/biz/model/git_sync/git_sync.go:4908.2,4910.1 2 0
github.com/yi-nology/git-sync-service/biz/model/git_sync/git_sync.go:4911.2,4912.1 2 0
github.com/yi-nology/git-sync-service/biz/model/git_sync/git_sync.go:4913.2,4913.79 1 0
github.com/yi-nology/git-sync-service/biz/model/git_sync/git_sync.go:4916.81,4918.43 2 0
github.com/yi-nology/git-sync-service/biz/model/git_sync/git_sync.go:4918.43,4920.3 1 0
github.com/yi-nology/git-sync-service/biz/model/git_sync/git_sync.go:4921.2,4922.12 2 0
github.com/yi-nology/git-sync-service/biz/model/git_sync/git_sync.go:4925.82,4927.64 2 0
github.com/yi-nology/git-sync-service/biz/model/git_sync/git_sync.go:4927.64,4928.29 1 0
github.com/yi-nology/git-sync-service/biz/model/git_sync/git_sync.go:4930.2,4930.14 1 0
github.com/yi-nology/git-sync-service/biz/model/git_sync/git_sync.go:4930.14,4931.45 1 0
github.com/yi-nology/git-sync-service/biz/model/git_sync/git_sync.go:4931.45,4933.24 2 0
github.com/yi-nology/git-sync-service/biz/model/git_sync/git_sync.go:4936.2,4936.46 1 0
github.com/yi-nology/git-sync-service/biz/model/git_sync/git_sync.go:4936.46,4937.27 1 0
github.com/yi-nology/git-sync-service/biz/model/git_sync/git_sync.go:4939.2,4939.46 1 0
github.com/yi-nology/git-sync-service/biz/model/git_sync/git_sync.go:4939.46,4940.27 1 0
github.com/yi-nology/git-sync-service/biz/model/git_sync/git_sync.go:4942.2,4943.1 2 0
github.com/yi-nology/git-sync-service/biz/model/git_sync/git_sync.go:4944.2,4945.1 2 0
github.com/yi-nology/git-sync-service/biz/model/git_sync/git_sync.go:4946.2,4947.1 2 0
github.com/yi-nology/git-sync-service/biz/model/git_sync/git_sync.go:4948.2,4949.1 2 0
github.com/yi-nology/git-sync-service/biz/model/git_sync/git_sync.go:4950.2,4950.80 1 0
github.com/yi-nology/git-sync-service/biz/model/git_sync/git_sync.go:4953.88,4954.22 1 0
github.com/yi-nology/git-sync-service/biz/model/git_sync/git_sync.go:4954.22,4955.75 1 0
github.com/yi-nology/git-sync-service/biz/model/git_sync/git_sync.go:4955.75,4956.29 1 0
github.com/yi-nology/git-sync-service/biz/model/git_sync/git_sync.go:4958.3,4958.48 1 0
github.com/yi-nology/git-sync-service/biz/model/git_sync/git_sync.go:4958.48,4960.4 1 0
github.com/yi-nology/git-sync-service/biz/model/git_sync/git_sync.go:4961.3,4961.46 1 0
github.com/yi-nology/git-sync-service/biz/model/git_sync/git_sync.go:4961.46,4962.27 1 0
github.com/yi-nology/git-sync-service/biz/model/git_sync/git_sync.go:4965.2,4966.1 2 0
github.com/yi-nology/git-sync-service/biz/model/git_sync/git_sync.go:4967.2,4968.1 2 0
github.com/yi-nology/git-sync-service/biz/model/git_sync/git_sync.go:4969.2,4969.81 1 0
github.com/yi-nology/git-sync-service/biz/model/git_sync/git_sync.go:4972.56,4973.14 1 0
github.com/yi-nology/git-sync-service/biz/model/git_sync/git_sync.go:4973.14,4975.3 1 0
github.com/yi-nology/git-sync-service/biz/model/git_sync/git_sync.go:4976.2,4976.61 1 0
github.com/yi-nology/git-sync-service/biz/model/git_sync/git_sync.go:4984.74,4986.2 1 0
github.com/yi-nology/git-sync-service/biz/model/git_sync/git_sync.go:4988.57,4989.2 0 0
github.com/yi-nology/git-sync-service/biz/model/git_sync/git_sync.go:4993.81,4994.19 1 0
github.com/yi-nology/git-sync-service/biz/model/git_sync/git_sync.go:4994.19,4996.3 1 0
github.com/yi-nology/git-sync-service/biz/model/git_sync/git_sync.go:4997.2,4997.14 1 0
github.com/yi-nology/git-sync-service/biz/model/git_sync/git_sync.go:5004.58,5006.2 1 0
github.com/yi-nology/git-sync-service/biz/model/git_sync/git_sync.go:5008.83,5013.50 3 0
github.com/yi-nology/git-sync-service/biz/model/git_sync/git_sync.go:5013.50,5014.28 1 0
github.com/yi-nology/git-sync-service/biz/model/git_sync/git_sync.go:5017.2,5017.6 1 0
github.com/yi-nology/git-sync-service/biz/model/git_sync/git_sync.go:5017.6,5019.17 2 0
github.com/yi-nology/git-sync-service/biz/model/git_sync/git_sync.go:5019.17,5020.28 1 0
github.com/yi-nology/git-sync-service/biz/model/git_sync/git_sync.go:5022.3,5022.33 1 0
github.com/yi-nology/git-sync-service/biz/model/git_sync/git_sync.go:5022.33,5023.9 1 0
github.com/yi-nology/git-sync-service/biz/model/git_sync/git_sync.go:5026.3,5026.18 1 0
github.com/yi-nology/git-sync-service/biz/model/git_sync/git_sync.go:5027.10,5028.36 1 0
github.com/yi-nology/git-sync-service/biz/model/git_sync/git_sync.go:5028.36,5029.46 1 0
github.com/yi-nology/git-sync-service/biz/model/git_sync/git_sync.go:5029.46,5030.25 1 0
github.com/yi-nology/git-sync-service/biz/model/git_sync/git_sync.go:5032.10,5032.56 1 0
github.com/yi-nology/git-sync-service/biz/model/git_sync/git_sync.go:5032.56,5033.24 1 0
github.com/yi-nology/git-sync-service/biz/model/git_sync/git_sync.go:5035.11,5036.49 1 0
github.com/yi-nology/git-sync-service/biz/model/git_sync/git_sync.go:5036.49,5037.24 1 0
github.com/yi-nology/git-sync-service/biz/model/git_sync/git_sync.go:5040.3,5040.45 1 0
github.com/yi-nology/git-sync-service/biz/model/git_sync/git_sync.go:5040.45,5041.26 1 0
github.com/yi-nology/git-sync-service/biz/model/git_sync/git_sync.go:5044.2,5044.45 1 0
github.com/yi-nology/git-sync-service/biz/model/git_sync/git_sync.go:5044.45,5045.26 1 0
github.com/yi-nology/git-sync-service/biz/model/git_sync/git_sync.go:5048.2,5049.1 2 0
github.com/yi-nology/git-sync-service/biz/model/git_sync/git_sync.go:5050.2,5051.1 2 0
github.com/yi-nology/git-sync-service/biz/model/git_sync/git_sync.go:5052.2,5053.1 2 0
github.com/yi-nology/git-sync-service/biz/model/git_sync/git_sync.go:5054.2,5055.1 2 0
github.com/yi-nology/git-sync-service/biz/model/git_sync/git_sync.go:5056.2,5058.1 2 0
github.com/yi-nology/git-sync-service/biz/model/git_sync/git_sync.go:5059.2,5060.1 2 0
github.com/yi-nology/git-sync-service/biz/model/git_sync/git_sync.go:5061.2,5061.79 1 0
github.com/yi-nology/git-sync-service/biz/model/git_sync/git_sync.go:5064.83,5066.43 2 0
github.com/yi-nology/git-sync-service/biz/model/git_sync/git_sync.go:5066.43,5068.3 1 0
github.com/yi-nology/git-sync-service/biz/model/git_sync/git_sync.go:5069.2,5070.12 2 0
github.com/yi-nology/git-sync-service/biz/model/git_sync/git_sync.go:5073.84,5075.66 2 0
github.com/yi-nology/git-sync-service/biz/model/git_sync/git_sync.go:5075.66,5076.29 1 0
github.com/yi-nology/git-sync-service/biz/model/git_sync/git_sync.go:5078.2,5078.14 1 0
github.com/yi-nology/git-sync-service/biz/model/git_sync/git_sync.go:5078.14,5079.45 1 0
github.com/yi-nology/git-sync-service/biz/model/git_sync/git_sync.go:5079.45,5081.24 2 0
github.com/yi-nology/git-sync-service/biz/model/git_sync/git_sync.go:5084.2,5084.46 1 0
github.com/yi-nology/git-sync-service/biz/model/git_sync/git_sync.go:5084.46,5085.27 1 0
github.com/yi-nology/git-sync-service/biz/model/git_sync/git_sync.go:5087.2,5087.46 1 0
github.com/yi-nology/git-sync-service/biz/model/git_sync/git_sync.go:5087.46,5088.27 1 0
github.com/yi-nology/git-sync-service/biz/model/git_sync/git_sync.go:5090.2,5091.1 2 0
github.com/yi-nology/git-sync-service/biz/model/git_sync/git_sync.go:5092.2,5093.1 2 0
github.com/yi-nology/git-sync-service/biz/model/git_sync/git_sync.go:5094.2,5095.1 2 0
github.com/yi-nology/git-sync-service/biz/model/git_sync/git_sync.go:5096.2,5097.1 2 0
github.com/yi-nology/git-sync-service/biz/model/git_sync/git_sync.go:5098.2,5098.80 1 0
github.com/yi-nology/git-sync-service/biz/model/git_sync/git_sync.go:5101.90,5102.70 1 0
github.com/yi-nology/git-sync-service/biz/model/git_sync/git_sync.go:5102.70,5103.28 1 0
github.com/yi-nology/git-sync-service/biz/model/git_sync/git_sync.go:5105.2,5105.43 1 0
github.com/yi-nology/git-sync-service/biz/model/git_sync/git_sync.go:5105.43,5107.3 1 0
github.com/yi-nology/git-sync-service/biz/model/git_sync/git_sync.go:5108.2,5108.45 1 0
github.com/yi-nology/git-sync-service/biz/model/git_sync/git_sync.go:5108.45,5109.26 1 0
github.com/yi-nology/git-sync-service/biz/model/git_sync/git_sync.go:5111.2,5112.1 2 0
github.com/yi-nology/git-sync-service/biz/model/git_sync/git_sync.go:5113.2,5114.1 2 0
github.com/yi-nology/git-sync-service/biz/model/git_sync/git_sync.go:5115.2,5115.81 1 0
github.com/yi-nology/git-sync-service/biz/model/git_sync/git_sync.go:5118.58,5119.14 1 0
github.com/yi-nology/git-sync-service/biz/model/git_sync/git_sync.go:5119.14,5121.3 1 0
github.com/yi-nology/git-sync-service/biz/model/git_sync/git_sync.go:5122.2,5122.63 1 0
github.com/yi-nology/git-sync-service/biz/model/git_sync/git_sync.go:5130.78,5132.2 1 0
github.com/yi-nology/git-sync-service/biz/model/git_sync/git_sync.go:5134.59,5135.2 0 0
github.com/yi-nology/git-sync-service/biz/model/git_sync/git_sync.go:5139.88,5140.23 1 0
github.com/yi-nology/git-sync-service/biz/model/git_sync/git_sync.go:5140.23,5142.3 1 0
github.com/yi-nology/git-sync-service/biz/model/git_sync/git_sync.go:5143.2,5143.18 1 0
github.com/yi-nology/git-sync-service/biz/model/git_sync/git_sync.go:5150.64,5152.2 1 0
github.com/yi-nology/git-sync-service/biz/model/git_sync/git_sync.go:5154.85,5159.50 3 0
github.com/yi-nology/git-sync-service/biz/model/git_sync/git_sync.go:5159.50,5160.28 1 0
github.com/yi-nology/git-sync-service/biz/model/git_sync/git_sync.go:5163.2,5163.6 1 0
github.com/yi-nology/git-sync-service/biz/model/git_sync/git_sync.go:5163.6,5165.17 2 0
github.com/yi-nology/git-sync-service/biz/model/git_sync/git_sync.go:5165.17,5166.28 1 0
github.com/yi-nology/git-sync-service/biz/model/git_sync/git_sync.go:5168.3,5168.33 1 0
github.com/yi-nology/git-sync-service/biz/model/git_sync/git_sync.go:5168.33,5169.9 1 0
github.com/yi-nology/git-sync-service/biz/model/git_sync/git_sync.go:5172.3,5172.18 1 0
github.com/yi-nology/git-sync-service/biz/model/git_sync/git_sync.go:5173.10,5174.36 1 0
github.com/yi-nology/git-sync-service/biz/model/git_sync/git_sync.go:5174.36,5175.46 1 0
github.com/yi-nology/git-sync-service/biz/model/git_sync/git_sync.go:5175.46,5176.25 1 0
github.com/yi-nology/git-sync-service/biz/model/git_sync/git_sync.go:5178.10,5178.56 1 0
github.com/yi-nology/git-sync-service/biz/model/git_sync/git_sync.go:5178.56,5179.24 1 0
github.com/yi-nology/git-sync-service/biz/model/git_sync/git_sync.go:5181.11,5182.49 1 0
github.com/yi-nology/git-sync-service/biz/model/git_sync/git_sync.go:5182.49,5183.24 1 0
github.com/yi-nology/git-sync-service/biz/model/git_sync/git_sync.go:5186.3,5186.45 1 0
github.com/yi-nology/git-sync-service/biz/model/git_sync/git_sync.go:5186.45,5187.26 1 0
github.com/yi-nology/git-sync-service/biz/model/git_sync/git_sync.go:5190.2,5190.45 1 0
github.com/yi-nology/git-sync-service/biz/model/git_sync/git_sync.go:5190.45,5191.26 1 0
github.com/yi-nology/git-sync-service/biz/model/git_sync/git_sync.go:5194.2,5195.1 2 0
github.com/yi-nology/git-sync-service/biz/model/git_sync/git_sync.go:5196.2,5197.1 2 0
github.com/yi-nology/git-sync-service/biz/model/git_sync/git_sync.go:5198.2,5199.1 2 0
github.com/yi-nology/git-sync-service/biz/model/git_sync/git_sync.go:5200.2,5201.1 2 0
github.com/yi-nology/git-sync-service/biz/model/git_sync/git_sync.go:5202.2,5204.1 2 0
github.com/yi-nology/git-sync-service/biz/model/git_sync/git_sync.go:5205.2,5206.1 2 0
github.com/yi-nology/git-sync-service/biz/model/git_sync/git_sync.go:5207.2,5207.79 1 0
github.com/yi-nology/git-sync-service/biz/model/git_sync/git_sync.go:5210.85,5212.43 2 0
github.com/yi-nology/git-sync-service/biz/model/git_sync/git_sync.go:5212.43,5214.3 1 0
github.com/yi-nology/git-sync-service/biz/model/git_sync/git_sync.go:5215.2,5216.12 2 0
github.com/yi-nology/git-sync-service/biz/model/git_sync/git_sync.go:5219.86,5221.68 2 0
github.com/yi-nology/git-sync-service/biz/model/git_sync/git_sync.go:5221.68,5222.29 1 0
github.com/yi-nology/git-sync-service/biz/model/git_sync/git_sync.go:5224.2,5224.14 1 0
github.com/yi-nology/git-sync-service/biz/model/git_sync/git_sync.go:5224.14,5225.45 1 0
github.com/yi-nology/git-sync-service/biz/model/git_sync/git_sync.go:5225.45,5227.24 2 0
github.com/yi-nology/git-sync-service/biz/model/git_sync/git_sync.go:5230.2,5230.46 1 0
github.com/yi-nology/git-sync-service/biz/model/git_sync/git_sync.go:5230.46,5231.27 1 0
github.com/yi-nology/git-sync-service/biz/model/git_sync/git_sync.go:5233.2,5233.46 1 0
github.com/yi-nology/git-sync-service/biz/model/git_sync/git_sync.go:5233.46,5234.27 1 0
github.com/yi-nology/git-sync-service/biz/model/git_sync/git_sync.go:5236.2,5237.1 2 0
github.com/yi-nology/git-sync-service/biz/model/git_sync/git_sync.go:5238.2,5239.1 2 0
github.com/yi-nology/git-sync-service/biz/model/git_sync/git_sync.go:5240.2,5241.1 2 0
github.com/yi-nology/git-sync-service/biz/model/git_sync/git_sync.go:5242.2,5243.1 2 0
github.com/yi-nology/git-sync-service/biz/model/git_sync/git_sync.go:5244.2,5244.80 1 0
github.com/yi-nology/git-sync-service/biz/model/git_sync/git_sync.go:5247.92,5248.22 1 0
github.com/yi-nology/git-sync-service/biz/model/git_sync/git_sync.go:5248.22,5249.75 1 0
github.com/yi-nology/git-sync-service/biz/model/git_sync/git_sync.go:5249.75,5250.29 1 0
github.com/yi-nology/git-sync-service/biz/model/git_sync/git_sync.go:5252.3,5252.48 1 0
github.com/yi-nology/git-sync-service/biz/model/git_sync/git_sync.go:5252.48,5254.4 1 0
github.com/yi-nology/git-sync-service/biz/model/git_sync/git_sync.go:5255.3,5255.46 1 0
github.com/yi-nology/git-sync-service/biz/model/git_sync/git_sync.go:5255.46,5256.27 1 0
github.com/yi-nology/git-sync-service/biz/model/git_sync/git_sync.go:5259.2,5260.1 2 0
github.com/yi-nology/git-sync-service/biz/model/git_sync/git_sync.go:5261.2,5262.1 2 0
github.com/yi-nology/git-sync-service/biz/model/git_sync/git_sync.go:5263.2,5263.81 1 0
github.com/yi-nology/git-sync-service/biz/model/git_sync/git_sync.go:5266.60,5267.14 1 0
github.com/yi-nology/git-sync-service/biz/model/git_sync/git_sync.go:5267.14,5269.3 1 0
github.com/yi-nology/git-sync-service/biz/model/git_sync/git_sync.go:5270.2,5270.65 1 0
github.com/yi-nology/git-sync-service/biz/model/git_sync/git_sync.go:5278.74,5280.2 1 0
github.com/yi-nology/git-sync-service/biz/model/git_sync/git_sync.go:5282.57,5283.2 0 0
github.com/yi-nology/git-sync-service/biz/model/git_sync/git_sync.go:5287.81,5288.19 1 0
github.com/yi-nology/git-sync-service/biz/model/git_sync/git_sync.go:5288.19,5290.3 1 0
github.com/yi-nology/git-sync-service/biz/model/git_sync/git_sync.go:5291.2,5291.14 1 0
github.com/yi-nology/git-sync-service/biz/model/git_sync/git_sync.go:5298.58,5300.2 1 0
github.com/yi-nology/git-sync-service/biz/model/git_sync/git_sync.go:5302.83,5307.50 3 0
github.com/yi-nology/git-sync-service/biz/model/git_sync/git_sync.go:5307.50,5308.28 1 0
github.com/yi-nology/git-sync-service/biz/model/git_sync/git_sync.go:5311.2,5311.6 1 0
github.com/yi-nology/git-sync-service/biz/model/git_sync/git_sync.go:5311.6,5313.17 2 0
github.com/yi-nology/git-sync-service/biz/model/git_sync/git_sync.go:5313.17,5314.28 1 0
github.com/yi-nology/git-sync-service/biz/model/git_sync/git_sync.go:5316.3,5316.33 1 0
github.com/yi-nology/git-sync-service/biz/model/git_sync/git_sync.go:5316.33,5317.9 1 0
github.com/yi-nology/git-sync-service/biz/model/git_sync/git_sync.go:5320.3,5320.18 1 0
github.com/yi-nology/git-sync-service/biz/model/git_sync/git_sync.go:5321.10,5322.36 1 0
github.com/yi-nology/git-sync-service/biz/model/git_sync/git_sync.go:5322.36,5323.46 1 0
github.com/yi-nology/git-sync-service/biz/model/git_sync/git_sync.go:5323.46,5324.25 1 0
github.com/yi-nology/git-sync-service/biz/model/git_sync/git_sync.go:5326.10,5326.56 1 0
github.com/yi-nology/git-sync-service/biz/model/git_sync/git_sync.go:5326.56,5327.24 1 0
github.com/yi-nology/git-sync-service/biz/model/git_sync/git_sync.go:5329.11,5330.49 1 0
github.com/yi-nology/git-sync-service/biz/model/git_sync/git_sync.go:5330.49,5331.24 1 0
github.com/yi-nology/git-sync-service/biz/model/git_sync/git_sync.go:5334.3,5334.45 1 0
github.com/yi-nology/git-sync-service/biz/model/git_sync/git_sync.go:5334.45,5335.26 1 0
github.com/yi-nology/git-sync-service/biz/model/git_sync/git_sync.go:5338.2,5338.45 1 0
github.com/yi-nology/git-sync-service/biz/model/git_sync/git_sync.go:5338.45,5339.26 1 0
github.com/yi-nology/git-sync-service/biz/model/git_sync/git_sync.go:5342.2,5343.1 2 0
github.com/yi-nology/git-sync-service/biz/model/git_sync/git_sync.go:5344.2,5345.1 2 0
github.com/yi-nology/git-sync-service/biz/model/git_sync/git_sync.go:5346.2,5347.1 2 0
github.com/yi-nology/git-sync-service/biz/model/git_sync/git_sync.go:5348.2,5349.1 2 0
github.com/yi-nology/git-sync-service/biz/model/git_sync/git_sync.go:5350.2,5352.1 2 0
github.com/yi-nology/git-sync-service/biz/model/git_sync/git_sync.go:5353.2,5354.1 2 0
github.com/yi-nology/git-sync-service/biz/model/git_sync/git_sync.go:5355.2,5355.79 1 0
github.com/yi-nology/git-sync-service/biz/model/git_sync/git_sync.go:5358.83,5360.43 2 0
github.com/yi-nology/git-sync-service/biz/model/git_sync/git_sync.go:5360.43,5362.3 1 0
github.com/yi-nology/git-sync-service/biz/model/git_sync/git_sync.go:5363.2,5364.12 2 0
github.com/yi-nology/git-sync-service/biz/model/git_sync/git_sync.go:5367.84,5369.66 2 0
github.com/yi-nology/git-sync-service/biz/model/git_sync/git_sync.go:5369.66,5370.29 1 0
github.com/yi-nology/git-sync-service/biz/model/git_sync/git_sync.go:5372.2,5372.14 1 0
github.com/yi-nology/git-sync-service/biz/model/git_sync/git_sync.go:5372.14,5373.45 1 0
github.com/yi-nology/git-sync-service/biz/model/git_sync/git_sync.go:5373.45,5375.24 2 0
github.com/yi-nology/git-sync-service/biz/model/git_sync/git_sync.go:5378.2,5378.46 1 0
github.com/yi-nology/git-sync-service/biz/model/git_sync/git_sync.go:5378.46,5379.27 1 0
github.com/yi-nology/git-sync-service/biz/model/git_sync/git_sync.go:5381.2,5381.46 1 0
github.com/yi-nology/git-sync-service/biz/model/git_sync/git_sync.go:5381.46,5382.27 1 0
github.com/yi-nology/git-sync-service/biz/model/git_sync/git_sync.go:5384.2,5385.1 2 0
github.com/yi-nology/git-sync-service/biz/model/git_sync/git_sync.go:5386.2,5387.1 2 0
github.com/yi-nology/git-sync-service/biz/model/git_sync/git_sync.go:5388.2,5389.1 2 0
github.com/yi-nology/git-sync-service/biz/model/git_sync/git_sync.go:5390.2,5391.1 2 0
github.com/yi-nology/git-sync-service/biz/model/git_sync/git_sync.go:5392.2,5392.80 1 0
github.com/yi-nology/git-sync-service/biz/model/git_sync/git_sync.go:5395.90,5396.70 1 0
github.com/yi-nology/git-sync-service/biz/model/git_sync/git_sync.go:5396.70,5397.28 1 0
github.com/yi-nology/git-sync-service/biz/model/git_sync/git_sync.go:5399.2,5399.43 1 0
github.com/yi-nology/git-sync-service/biz/model/git_sync/git_sync.go:5399.43,5401.3 1 0
github.com/yi-nology/git-sync-service/biz/model/git_sync/git_sync.go:5402.2,5402.45 1 0
github.com/yi-nology/git-sync-service/biz/model/git_sync/git_sync.go:5402.45,5403.26 1 0
github.com/yi-nology/git-sync-service/biz/model/git_sync/git_sync.go:5405.2,5406.1 2 0
github.com/yi-nology/git-sync-service/biz/model/git_sync/git_sync.go:5407.2,5408.1 2 0
github.com/yi-nology/git-sync-service/biz/model/git_sync/git_sync.go:5409.2,5409.81 1 0
github.com/yi-nology/git-sync-service/biz/model/git_sync/git_sync.go:5412.58,5413.14 1 0
github.com/yi-nology/git-sync-service/biz/model/git_sync/git_sync.go:5413.14,5415.3 1 0
github.com/yi-nology/git-sync-service/biz/model/git_sync/git_sync.go:5416.2,5416.63 1 0
github.com/yi-nology/git-sync-service/biz/model/git_sync/git_sync.go:5424.78,5426.2 1 0
github.com/yi-nology/git-sync-service/biz/model/git_sync/git_sync.go:5428.59,5429.2 0 0
github.com/yi-nology/git-sync-service/biz/model/git_sync/git_sync.go:5433.88,5434.23 1 0
github.com/yi-nology/git-sync-service/biz/model/git_sync/git_sync.go:5434.23,5436.3 1 0
github.com/yi-nology/git-sync-service/biz/model/git_sync/git_sync.go:5437.2,5437.18 1 0
github.com/yi-nology/git-sync-service/biz/model/git_sync/git_sync.go:5444.64,5446.2 1 0
github.com/yi-nology/git-sync-service/biz/model/git_sync/git_sync.go:5448.85,5453.50 3 0
github.com/yi-nology/git-sync-service/biz/model/git_sync/git_sync.go:5453.50,5454.28 1 0
github.com/yi-nology/git-sync-service/biz/model/git_sync/git_sync.go:5457.2,5457.6 1 0
github.com/yi-nology/git-sync-service/biz/model/git_sync/git_sync.go:5457.6,5459.17 2 0
github.com/yi-nology/git-sync-service/biz/model/git_sync/git_sync.go:5459.17,5460.28 1 0
github.com/yi-nology/git-sync-service/biz/model/git_sync/git_sync.go:5462.3,5462.33 1 0
github.com/yi-nology/git-sync-service/biz/model/git_sync/git_sync.go:5462.33,5463.9 1 0
github.com/yi-nology/git-sync-service/biz/model/git_sync/git_sync.go:5466.3,5466.18 1 0
github.com/yi-nology/git-sync-service/biz/model/git_sync/git_sync.go:5467.10,5468.36 1 0
github.com/yi-nology/git-sync-service/biz/model/git_sync/git_sync.go:5468.36,5469.46 1 0
github.com/yi-nology/git-sync-service/biz/model/git_sync/git_sync.go:5469.46,5470.25 1 0
github.com/yi-nology/git-sync-service/biz/model/git_sync/git_sync.go:5472.10,5472.56 1 0
github.com/yi-nology/git-sync-service/biz/model/git_sync/git_sync.go:5472.56,5473.24 1 0
github.com/yi-nology/git-sync-service/biz/model/git_sync/git_sync.go:5475.11,5476.49 1 0
github.com/yi-nology/git-sync-service/biz/model/git_sync/git_sync.go:5476.49,5477.24 1 0
github.com/yi-nology/git-sync-service/biz/model/git_sync/git_sync.go:5480.3,5480.45 1 0
github.com/yi-nology/git-sync-service/biz/model/git_sync/git_sync.go:5480.45,5481.26 1 0
github.com/yi-nology/git-sync-service/biz/model/git_sync/git_sync.go:5484.2,5484.45 1 0
github.com/yi-nology/git-sync-service/biz/model/git_sync/git_sync.go:5484.45,5485.26 1 0
github.com/yi-nology/git-sync-service/biz/model/git_sync/git_sync.go:5488.2,5489.1 2 0
github.com/yi-nology/git-sync-service/biz/model/git_sync/git_sync.go:5490.2,5491.1 2 0
github.com/yi-nology/git-sync-service/biz/model/git_sync/git_sync.go:5492.2,5493.1 2 0
github.com/yi-nology/git-sync-service/biz/model/git_sync/git_sync.go:5494.2,5495.1 2 0
github.com/yi-nology/git-sync-service/biz/model/git_sync/git_sync.go:5496.2,5498.1 2 0
github.com/yi-nology/git-sync-service/biz/model/git_sync/git_sync.go:5499.2,5500.1 2 0
github.com/yi-nology/git-sync-service/biz/model/git_sync/git_sync.go:5501.2,5501.79 1 0
github.com/yi-nology/git-sync-service/biz/model/git_sync/git_sync.go:5504.85,5506.43 2 0
github.com/yi-nology/git-sync-service/biz/model/git_sync/git_sync.go:5506.43,5508.3 1 0
github.com/yi-nology/git-sync-service/biz/model/git_sync/git_sync.go:5509.2,5510.12 2 0
github.com/yi-nology/git-sync-service/biz/model/git_sync/git_sync.go:5513.86,5515.68 2 0
github.com/yi-nology/git-sync-service/biz/model/git_sync/git_sync.go:5515.68,5516.29 1 0
github.com/yi-nology/git-sync-service/biz/model/git_sync/git_sync.go:5518.2,5518.14 1 0
github.com/yi-nology/git-sync-service/biz/model/git_sync/git_sync.go:5518.14,5519.45 1 0
github.com/yi-nology/git-sync-service/biz/model/git_sync/git_sync.go:5519.45,5521.24 2 0
github.com/yi-nology/git-sync-service/biz/model/git_sync/git_sync.go:5524.2,5524.46 1 0
github.com/yi-nology/git-sync-service/biz/model/git_sync/git_sync.go:5524.46,5525.27 1 0
github.com/yi-nology/git-sync-service/biz/model/git_sync/git_sync.go:5527.2,5527.46 1 0
github.com/yi-nology/git-sync-service/biz/model/git_sync/git_sync.go:5527.46,5528.27 1 0
github.com/yi-nology/git-sync-service/biz/model/git_sync/git_sync.go:5530.2,5531.1 2 0
github.com/yi-nology/git-sync-service/biz/model/git_sync/git_sync.go:5532.2,5533.1 2 0
github.com/yi-nology/git-sync-service/biz/model/git_sync/git_sync.go:5534.2,5535.1 2 0
github.com/yi-nology/git-sync-service/biz/model/git_sync/git_sync.go:5536.2,5537.1 2 0
github.com/yi-nology/git-sync-service/biz/model/git_sync/git_sync.go:5538.2,5538.80 1 0
github.com/yi-nology/git-sync-service/biz/model/git_sync/git_sync.go:5541.92,5542.22 1 0
github.com/yi-nology/git-sync-service/biz/model/git_sync/git_sync.go:5542.22,5543.75 1 0
github.com/yi-nology/git-sync-service/biz/model/git_sync/git_sync.go:5543.75,5544.29 1 0
github.com/yi-nology/git-sync-service/biz/model/git_sync/git_sync.go:5546.3,5546.48 1 0
github.com/yi-nology/git-sync-service/biz/model/git_sync/git_sync.go:5546.48,5548.4 1 0
github.com/yi-nology/git-sync-service/biz/model/git_sync/git_sync.go:5549.3,5549.46 1 0
github.com/yi-nology/git-sync-service/biz/model/git_sync/git_sync.go:5549.46,5550.27 1 0
github.com/yi-nology/git-sync-service/biz/model/git_sync/git_sync.go:5553.2,5554.1 2 0
github.com/yi-nology/git-sync-service/biz/model/git_sync/git_sync.go:5555.2,5556.1 2 0
github.com/yi-nology/git-sync-service/biz/model/git_sync/git_sync.go:5557.2,5557.81 1 0
github.com/yi-nology/git-sync-service/biz/model/git_sync/git_sync.go:5560.60,5561.14 1 0
github.com/yi-nology/git-sync-service/biz/model/git_sync/git_sync.go:5561.14,5563.3 1 0
github.com/yi-nology/git-sync-service/biz/model/git_sync/git_sync.go:5564.2,5564.65 1 0
github.com/yi-nology/git-sync-service/biz/model/git_sync/git_sync.go:5573.102,5575.2 1 0
github.com/yi-nology/git-sync-service/biz/model/git_sync/git_sync.go:5577.115,5580.2 2 0
github.com/yi-nology/git-sync-service/biz/model/git_sync/git_sync.go:5582.87,5584.2 1 0
github.com/yi-nology/git-sync-service/biz/model/git_sync/git_sync.go:5586.82,5596.2 9 0
github.com/yi-nology/git-sync-service/biz/model/git_sync/git_sync.go:5597.133,5599.16 2 0
github.com/yi-nology/git-sync-service/biz/model/git_sync/git_sync.go:5599.16,5601.3 1 0
github.com/yi-nology/git-sync-service/biz/model/git_sync/git_sync.go:5602.2,5602.55 1 0
github.com/yi-nology/git-sync-service/biz/model/git_sync/git_sync.go:5602.55,5604.3 1 0
github.com/yi-nology/git-sync-service/biz/model/git_sync/git_sync.go:5605.2,5612.17 8 0
github.com/yi-nology/git-sync-service/biz/model/git_sync/git_sync.go:5619.155,5621.40 2 0
github.com/yi-nology/git-sync-service/biz/model/git_sync/git_sync.go:5621.40,5629.3 7 0
github.com/yi-nology/git-sync-service/biz/model/git_sync/git_sync.go:5631.2,5635.68 5 0
github.com/yi-nology/git-sync-service/biz/model/git_sync/git_sync.go:5635.68,5642.3 6 0
github.com/yi-nology/git-sync-service/biz/model/git_sync/git_sync.go:5642.8,5644.3 1 0
github.com/yi-nology/git-sync-service/biz/model/git_sync/git_sync.go:5645.2,5645.83 1 0
github.com/yi-nology/git-sync-service/biz/model/git_sync/git_sync.go:5645.83,5647.3 1 0
github.com/yi-nology/git-sync-service/biz/model/git_sync/git_sync.go:5648.2,5648.59 1 0
github.com/yi-nology/git-sync-service/biz/model/git_sync/git_sync.go:5648.59,5650.3 1 0
github.com/yi-nology/git-sync-service/biz/model/git_sync/git_sync.go:5651.2,5651.63 1 0
github.com/yi-nology/git-sync-service/biz/model/git_sync/git_sync.go:5651.63,5653.3 1 0
github.com/yi-nology/git-sync-service/biz/model/git_sync/git_sync.go:5654.2,5654.56 1 0
github.com/yi-nology/git-sync-service/biz/model/git_sync/git_sync.go:5654.56,5656.3 1 0
github.com/yi-nology/git-sync-service/biz/model/git_sync/git_sync.go:5657.2,5657.16 1 0
github.com/yi-nology/git-sync-service/biz/model/git_sync/git_sync.go:5657.16,5659.3 1 0
github.com/yi-nology/git-sync-service/biz/model/git_sync/git_sync.go:5660.2,5660.18 1 0
github.com/yi-nology/git-sync-service/biz/model/git_sync/git_sync.go:5667.153,5669.40 2 0
github.com/yi-nology/git-sync-service/biz/model/git_sync/git_sync.go:5669.40,5677.3 7 0
github.com/yi-nology/git-sync-service/biz/model/git_sync/git_sync.go:5679.2,5683.66 5 0
github.com/yi-nology/git-sync-service/biz/model/git_sync/git_sync.go:5683.66,5690.3 6 0
github.com/yi-nology/git-sync-service/biz/model/git_sync/git_sync.go:5690.8,5692.3 1 0
github.com/yi-nology/git-sync-service/biz/model/git_sync/git_sync.go:5693.2,5693.81 1 0
github.com/yi-nology/git-sync-service/biz/model/git_sync/git_sync.go:5693.81,5695.3 1 0
github.com/yi-nology/git-sync-service/biz/model/git_sync/git_sync.go:5696.2,5696.59 1 0
github.com/yi-nology/git-sync-service/biz/model/git_sync/git_sync.go:5696.59,5698.3 1 0
github.com/yi-nology/git-sync-service/biz/model/git_sync/git_sync.go:5699.2,5699.63 1 0
github.com/yi-nology/git-sync-service/biz/model/git_sync/git_sync.go:5699.63,5701.3 1 0
github.com/yi-nology/git-sync-service/biz/model/git_sync/git_sync.go:5702.2,5702.56 1 0
github.com/yi-nology/git-sync-service/biz/model/git_sync/git_sync.go:5702.56,5704.3 1 0
github.com/yi-nology/git-sync-service/biz/model/git_sync/git_sync.go:5705.2,5705.16 1 0
github.com/yi-nology/git-sync-service/biz/model/git_sync/git_sync.go:5705.16,5707.3 1 0
github.com/yi-nology/git-sync-service/biz/model/git_sync/git_sync.go:5708.2,5708.18 1 0
github.com/yi-nology/git-sync-service/biz/model/git_sync/git_sync.go:5715.156,5717.40 2 0
github.com/yi-nology/git-sync-service/biz/model/git_sync/git_sync.go:5717.40,5725.3 7 0
github.com/yi-nology/git-sync-service/biz/model/git_sync/git_sync.go:5727.2,5731.69 5 0
github.com/yi-nology/git-sync-service/biz/model/git_sync/git_sync.go:5731.69,5738.3 6 0
github.com/yi-nology/git-sync-service/biz/model/git_sync/git_sync.go:5738.8,5740.3 1 0
github.com/yi-nology/git-sync-service/biz/model/git_sync/git_sync.go:5741.2,5741.84 1 0
github.com/yi-nology/git-sync-service/biz/model/git_sync/git_sync.go:5741.84,5743.3 1 0
github.com/yi-nology/git-sync-service/biz/model/git_sync/git_sync.go:5744.2,5744.59 1 0
github.com/yi-nology/git-sync-service/biz/model/git_sync/git_sync.go:5744.59,5746.3 1 0
github.com/yi-nology/git-sync-service/biz/model/git_sync/git_sync.go:5747.2,5747.63 1 0
github.com/yi-nology/git-sync-service/biz/model/git_sync/git_sync.go:5747.63,5749.3 1 0
github.com/yi-nology/git-sync-service/biz/model/git_sync/git_sync.go:5750.2,5750.56 1 0
github.com/yi-nology/git-sync-service/biz/model/git_sync/git_sync.go:5750.56,5752.3 1 0
github.com/yi-nology/git-sync-service/biz/model/git_sync/git_sync.go:5753.2,5753.16 1 0
github.com/yi-nology/git-sync-service/biz/model/git_sync/git_sync.go:5753.16,5755.3 1 0
github.com/yi-nology/git-sync-service/biz/model/git_sync/git_sync.go:5756.2,5756.18 1 0
github.com/yi-nology/git-sync-service/biz/model/git_sync/git_sync.go:5763.156,5765.40 2 0
github.com/yi-nology/git-sync-service/biz/model/git_sync/git_sync.go:5765.40,5773.3 7 0
github.com/yi-nology/git-sync-service/biz/model/git_sync/git_sync.go:5775.2,5779.69 5 0
github.com/yi-nology/git-sync-service/biz/model/git_sync/git_sync.go:5779.69,5786.3 6 0
github.com/yi-nology/git-sync-service/biz/model/git_sync/git_sync.go:5786.8,5788.3 1 0
github.com/yi-nology/git-sync-service/biz/model/git_sync/git_sync.go:5789.2,5789.84 1 0
github.com/yi-nology/git-sync-service/biz/model/git_sync/git_sync.go:5789.84,5791.3 1 0
github.com/yi-nology/git-sync-service/biz/model/git_sync/git_sync.go:5792.2,5792.59 1 0
github.com/yi-nology/git-sync-service/biz/model/git_sync/git_sync.go:5792.59,5794.3 1 0
github.com/yi-nology/git-sync-service/biz/model/git_sync/git_sync.go:5795.2,5795.63 1 0
github.com/yi-nology/git-sync-service/biz/model/git_sync/git_sync.go:5795.63,5797.3 1 0
github.com/yi-nology/git-sync-service/biz/model/git_sync/git_sync.go:5798.2,5798.56 1 0
github.com/yi-nology/git-sync-service/biz/model/git_sync/git_sync.go:5798.56,5800.3 1 0
github.com/yi-nology/git-sync-service/biz/model/git_sync/git_sync.go:5801.2,5801.16 1 0
github.com/yi-nology/git-sync-service/biz/model/git_sync/git_sync.go:5801.16,5803.3 1 0
github.com/yi-nology/git-sync-service/biz/model/git_sync/git_sync.go:5804.2,5804.18 1 0
github.com/yi-nology/git-sync-service/biz/model/git_sync/git_sync.go:5811.156,5813.40 2 0
github.com/yi-nology/git-sync-service/biz/model/git_sync/git_sync.go:5813.40,5821.3 7 0
github.com/yi-nology/git-sync-service/biz/model/git_sync/git_sync.go:5823.2,5827.69 5 0
github.com/yi-nology/git-sync-service/biz/model/git_sync/git_sync.go:5827.69,5834.3 6 0
github.com/yi-nology/git-sync-service/biz/model/git_sync/git_sync.go:5834.8,5836.3 1 0
github.com/yi-nology/git-sync-service/biz/model/git_sync/git_sync.go:5837.2,5837.84 1 0
github.com/yi-nology/git-sync-service/biz/model/git_sync/git_sync.go:5837.84,5839.3 1 0
github.com/yi-nology/git-sync-service/biz/model/git_sync/git_sync.go:5840.2,5840.59 1 0
github.com/yi-nology/git-sync-service/biz/model/git_sync/git_sync.go:5840.59,5842.3 1 0
github.com/yi-nology/git-sync-service/biz/model/git_sync/git_sync.go:5843.2,5843.63 1 0
github.com/yi-nology/git-sync-service/biz/model/git_sync/git_sync.go:5843.63,5845.3 1 0
github.com/yi-nology/git-sync-service/biz/model/git_sync/git_sync.go:5846.2,5846.56 1 0
github.com/yi-nology/git-sync-service/biz/model/git_sync/git_sync.go:5846.56,5848.3 1 0
github.com/yi-nology/git-sync-service/biz/model/git_sync/git_sync.go:5849.2,5849.16 1 0
github.com/yi-nology/git-sync-service/biz/model/git_sync/git_sync.go:5849.16,5851.3 1 0
github.com/yi-nology/git-sync-service/biz/model/git_sync/git_sync.go:5852.2,5852.18 1 0
github.com/yi-nology/git-sync-service/biz/model/git_sync/git_sync.go:5859.156,5861.40 2 0
github.com/yi-nology/git-sync-service/biz/model/git_sync/git_sync.go:5861.40,5869.3 7 0
github.com/yi-nology/git-sync-service/biz/model/git_sync/git_sync.go:5871.2,5875.69 5 0
github.com/yi-nology/git-sync-service/biz/model/git_sync/git_sync.go:5875.69,5882.3 6 0
github.com/yi-nology/git-sync-service/biz/model/git_sync/git_sync.go:5882.8,5884.3 1 0
github.com/yi-nology/git-sync-service/biz/model/git_sync/git_sync.go:5885.2,5885.84 1 0
github.com/yi-nology/git-sync-service/biz/model/git_sync/git_sync.go:5885.84,5887.3 1 0
github.com/yi-nology/git-sync-service/biz/model/git_sync/git_sync.go:5888.2,5888.59 1 0
github.com/yi-nology/git-sync-service/biz/model/git_sync/git_sync.go:5888.59,5890.3 1 0
github.com/yi-nology/git-sync-service/biz/model/git_sync/git_sync.go:5891.2,5891.63 1 0
github.com/yi-nology/git-sync-service/biz/model/git_sync/git_sync.go:5891.63,5893.3 1 0
github.com/yi-nology/git-sync-service/biz/model/git_sync/git_sync.go:5894.2,5894.56 1 0
github.com/yi-nology/git-sync-service/biz/model/git_sync/git_sync.go:5894.56,5896.3 1 0
github.com/yi-nology/git-sync-service/biz/model/git_sync/git_sync.go:5897.2,5897.16 1 0
github.com/yi-nology/git-sync-service/biz/model/git_sync/git_sync.go:5897.16,5899.3 1 0
github.com/yi-nology/git-sync-service/biz/model/git_sync/git_sync.go:5900.2,5900.18 1 0
github.com/yi-nology/git-sync-service/biz/model/git_sync/git_sync.go:5907.156,5909.40 2 0
github.com/yi-nology/git-sync-service/biz/model/git_sync/git_sync.go:5909.40,5917.3 7 0
github.com/yi-nology/git-sync-service/biz/model/git_sync/git_sync.go:5919.2,5923.69 5 0
github.com/yi-nology/git-sync-service/biz/model/git_sync/git_sync.go:5923.69,5930.3 6 0
github.com/yi-nology/git-sync-service/biz/model/git_sync/git_sync.go:5930.8,5932.3 1 0
github.com/yi-nology/git-sync-service/biz/model/git_sync/git_sync.go:5933.2,5933.84 1 0
github.com/yi-nology/git-sync-service/biz/model/git_sync/git_sync.go:5933.84,5935.3 1 0
github.com/yi-nology/git-sync-service/biz/model/git_sync/git_sync.go:5936.2,5936.59 1 0
github.com/yi-nology/git-sync-service/biz/model/git_sync/git_sync.go:5936.59,5938.3 1 0
github.com/yi-nology/git-sync-service/biz/model/git_sync/git_sync.go:5939.2,5939.63 1 0
github.com/yi-nology/git-sync-service/biz/model/git_sync/git_sync.go:5939.63,5941.3 1 0
github.com/yi-nology/git-sync-service/biz/model/git_sync/git_sync.go:5942.2,5942.56 1 0
github.com/yi-nology/git-sync-service/biz/model/git_sync/git_sync.go:5942.56,5944.3 1 0
github.com/yi-nology/git-sync-service/biz/model/git_sync/git_sync.go:5945.2,5945.16 1 0
github.com/yi-nology/git-sync-service/biz/model/git_sync/git_sync.go:5945.16,5947.3 1 0
github.com/yi-nology/git-sync-service/biz/model/git_sync/git_sync.go:5948.2,5948.18 1 0
github.com/yi-nology/git-sync-service/biz/model/git_sync/git_sync.go:5955.68,5957.2 1 0
github.com/yi-nology/git-sync-service/biz/model/git_sync/git_sync.go:5959.54,5960.2 0 0
github.com/yi-nology/git-sync-service/biz/model/git_sync/git_sync.go:5964.74,5965.19 1 0
github.com/yi-nology/git-sync-service/biz/model/git_sync/git_sync.go:5965.19,5967.3 1 0
github.com/yi-nology/git-sync-service/biz/model/git_sync/git_sync.go:5968.2,5968.14 1 0
github.com/yi-nology/git-sync-service/biz/model/git_sync/git_sync.go:5975.55,5977.2 1 0
github.com/yi-nology/git-sync-service/biz/model/git_sync/git_sync.go:5979.80,5984.50 3 0
github.com/yi-nology/git-sync-service/biz/model/git_sync/git_sync.go:5984.50,5985.28 1 0
github.com/yi-nology/git-sync-service/biz/model/git_sync/git_sync.go:5988.2,5988.6 1 0
github.com/yi-nology/git-sync-service/biz/model/git_sync/git_sync.go:5988.6,5990.17 2 0
github.com/yi-nology/git-sync-service/biz/model/git_sync/git_sync.go:5990.17,5991.28 1 0
github.com/yi-nology/git-sync-service/biz/model/git_sync/git_sync.go:5993.3,5993.33 1 0
github.com/yi-nology/git-sync-service/biz/model/git_sync/git_sync.go:5993.33,5994.9 1 0
github.com/yi-nology/git-sync-service/biz/model/git_sync/git_sync.go:5997.3,5997.18 1 0
github.com/yi-nology/git-sync-service/biz/model/git_sync/git_sync.go:5998.10,5999.36 1 0
github.com/yi-nology/git-sync-service/biz/model/git_sync/git_sync.go:5999.36,6000.46 1 0
github.com/yi-nology/git-sync-service/biz/model/git_sync/git_sync.go:6000.46,6001.25 1 0
github.com/yi-nology/git-sync-service/biz/model/git_sync/git_sync.go:6003.10,6003.56 1 0
github.com/yi-nology/git-sync-service/biz/model/git_sync/git_sync.go:6003.56,6004.24 1 0
github.com/yi-nology/git-sync-service/biz/model/git_sync/git_sync.go:6006.11,6007.49 1 0
github.com/yi-nology/git-sync-service/biz/model/git_sync/git_sync.go:6007.49,6008.24 1 0
github.com/yi-nology/git-sync-service/biz/model/git_sync/git_sync.go:6011.3,6011.45 1 0
github.com/yi-nology/git-sync-service/biz/model/git_sync/git_sync.go:6011.45,6012.26 1 0
github.com/yi-nology/git-sync-service/biz/model/git_sync/git_sync.go:6015.2,6015.45 1 0
github.com/yi-nology/git-sync-service/biz/model/git_sync/git_sync.go:6015.45,6016.26 1 0
github.com/yi-nology/git-sync-service/biz/model/git_sync/git_sync.go:6019.2,6020.1 2 0
github.com/yi-nology/git-sync-service/biz/model/git_sync/git_sync.go:6021.2,6022.1 2 0
github.com/yi-nology/git-sync-service/biz/model/git_sync/git_sync.go:6023.2,6024.1 2 0
github.com/yi-nology/git-sync-service/biz/model/git_sync/git_sync.go:6025.2,6026.1 2 0
github.com/yi-nology/git-sync-service/biz/model/git_sync/git_sync.go:6027.2,6029.1 2 0
github.com/yi-nology/git-sync-service/biz/model/git_sync/git_sync.go:6030.2,6031.1 2 0
github.com/yi-nology/git-sync-service/biz/model/git_sync/git_sync.go:6032.2,6032.79 1 0
github.com/yi-nology/git-sync-service/biz/model/git_sync/git_sync.go:6035.80,6037.43 2 0
github.com/yi-nology/git-sync-service/biz/model/git_sync/git_sync.go:6037.43,6039.3 1 0
github.com/yi-nology/git-sync-service/biz/model/git_sync/git_sync.go:6040.2,6041.12 2 0
github.com/yi-nology/git-sync-service/biz/model/git_sync/git_sync.go:6044.81,6046.64 2 0
github.com/yi-nology/git-sync-service/biz/model/git_sync/git_sync.go:6046.64,6047.29 1 0
github.com/yi-nology/git-sync-service/biz/model/git_sync/git_sync.go:6049.2,6049.14 1 0
github.com/yi-nology/git-sync-service/biz/model/git_sync/git_sync.go:6049.14,6050.45 1 0
github.com/yi-nology/git-sync-service/biz/model/git_sync/git_sync.go:6050.45,6052.24 2 0
github.com/yi-nology/git-sync-service/biz/model/git_sync/git_sync.go:6055.2,6055.46 1 0
github.com/yi-nology/git-sync-service/biz/model/git_sync/git_sync.go:6055.46,6056.27 1 0
github.com/yi-nology/git-sync-service/biz/model/git_sync/git_sync.go:6058.2,6058.46 1 0
github.com/yi-nology/git-sync-service/biz/model/git_sync/git_sync.go:6058.46,6059.27 1 0
github.com/yi-nology/git-sync-service/biz/model/git_sync/git_sync.go:6061.2,6062.1 2 0
github.com/yi-nology/git-sync-service/biz/model/git_sync/git_sync.go:6063.2,6064.1 2 0
github.com/yi-nology/git-sync-service/biz/model/git_sync/git_sync.go:6065.2,6066.1 2 0
github.com/yi-nology/git-sync-service/biz/model/git_sync/git_sync.go:6067.2,6068.1 2 0
github.com/yi-nology/git-sync-service/biz/model/git_sync/git_sync.go:6069.2,6069.80 1 0
github.com/yi-nology/git-sync-service/biz/model/git_sync/git_sync.go:6072.87,6073.70 1 0
github.com/yi-nology/git-sync-service/biz/model/git_sync/git_sync.go:6073.70,6074.28 1 0
github.com/yi-nology/git-sync-service/biz/model/git_sync/git_sync.go:6076.2,6076.43 1 0
github.com/yi-nology/git-sync-service/biz/model/git_sync/git_sync.go:6076.43,6078.3 1 0
github.com/yi-nology/git-sync-service/biz/model/git_sync/git_sync.go:6079.2,6079.45 1 0
github.com/yi-nology/git-sync-service/biz/model/git_sync/git_sync.go:6079.45,6080.26 1 0
github.com/yi-nology/git-sync-service/biz/model/git_sync/git_sync.go:6082.2,6083.1 2 0
github.com/yi-nology/git-sync-service/biz/model/git_sync/git_sync.go:6084.2,6085.1 2 0
github.com/yi-nology/git-sync-service/biz/model/git_sync/git_sync.go:6086.2,6086.81 1 0
github.com/yi-nology/git-sync-service/biz/model/git_sync/git_sync.go:6089.55,6090.14 1 0
github.com/yi-nology/git-sync-service/biz/model/git_sync/git_sync.go:6090.14,6092.3 1 0
github.com/yi-nology/git-sync-service/biz/model/git_sync/git_sync.go:6093.2,6093.60 1 0
github.com/yi-nology/git-sync-service/biz/model/git_sync/git_sync.go:6101.72,6103.2 1 0
github.com/yi-nology/git-sync-service/biz/model/git_sync/git_sync.go:6105.56,6106.2 0 0
github.com/yi-nology/git-sync-service/biz/model/git_sync/git_sync.go:6110.81,6111.23 1 0
github.com/yi-nology/git-sync-service/biz/model/git_sync/git_sync.go:6111.23,6113.3 1 0
github.com/yi-nology/git-sync-service/biz/model/git_sync/git_sync.go:6114.2,6114.18 1 0
github.com/yi-nology/git-sync-service/biz/model/git_sync/git_sync.go:6121.61,6123.2 1 0
github.com/yi-nology/git-sync-service/biz/model/git_sync/git_sync.go:6125.82,6130.50 3 0
github.com/yi-nology/git-sync-service/biz/model/git_sync/git_sync.go:6130.50,6131.28 1 0
github.com/yi-nology/git-sync-service/biz/model/git_sync/git_sync.go:6134.2,6134.6 1 0
github.com/yi-nology/git-sync-service/biz/model/git_sync/git_sync.go:6134.6,6136.17 2 0
github.com/yi-nology/git-sync-service/biz/model/git_sync/git_sync.go:6136.17,6137.28 1 0
github.com/yi-nology/git-sync-service/biz/model/git_sync/git_sync.go:6139.3,6139.33 1 0
github.com/yi-nology/git-sync-service/biz/model/git_sync/git_sync.go:6139.33,6140.9 1 0
github.com/yi-nology/git-sync-service/biz/model/git_sync/git_sync.go:6143.3,6143.18 1 0
github.com/yi-nology/git-sync-service/biz/model/git_sync/git_sync.go:6144.10,6145.36 1 0
github.com/yi-nology/git-sync-service/biz/model/git_sync/git_sync.go:6145.36,6146.46 1 0
github.com/yi-nology/git-sync-service/biz/model/git_sync/git_sync.go:6146.46,6147.25 1 0
github.com/yi-nology/git-sync-service/biz/model/git_sync/git_sync.go:6149.10,6149.56 1 0
github.com/yi-nology/git-sync-service/biz/model/git_sync/git_sync.go:6149.56,6150.24 1 0
github.com/yi-nology/git-sync-service/biz/model/git_sync/git_sync.go:6152.11,6153.49 1 0
github.com/yi-nology/git-sync-service/biz/model/git_sync/git_sync.go:6153.49,6154.24 1 0
github.com/yi-nology/git-sync-service/biz/model/git_sync/git_sync.go:6157.3,6157.45 1 0
github.com/yi-nology/git-sync-service/biz/model/git_sync/git_sync.go:6157.45,6158.26 1 0
github.com/yi-nology/git-sync-service/biz/model/git_sync/git_sync.go:6161.2,6161.45 1 0
github.com/yi-nology/git-sync-service/biz/model/git_sync/git_sync.go:6161.45,6162.26 1 0
github.com/yi-nology/git-sync-service/biz/model/git_sync/git_sync.go:6165.2,6166.1 2 0
github.com/yi-nology/git-sync-service/biz/model/git_sync/git_sync.go:6167.2,6168.1 2 0
github.com/yi-nology/git-sync-service/biz/model/git_sync/git_sync.go:6169.2,6170.1 2 0
github.com/yi-nology/git-sync-service/biz/model/git_sync/git_sync.go:6171.2,6172.1 2 0
github.com/yi-nology/git-sync-service/biz/model/git_sync/git_sync.go:6173.2,6175.1 2 0
github.com/yi-nology/git-sync-service/biz/model/git_sync/git_sync.go:6176.2,6177.1 2 0
github.com/yi-nology/git-sync-service/biz/model/git_sync/git_sync.go:6178.2,6178.79 1 0
github.com/yi-nology/git-sync-service/biz/model/git_sync/git_sync.go:6181.82,6183.43 2 0
github.com/yi-nology/git-sync-service/biz/model/git_sync/git_sync.go:6183.43,6185.3 1 0
github.com/yi-nology/git-sync-service/biz/model/git_sync/git_sync.go:6186.2,6187.12 2 0
github.com/yi-nology/git-sync-service/biz/model/git_sync/git_sync.go:6190.83,6192.66 2 0
github.com/yi-nology/git-sync-service/biz/model/git_sync/git_sync.go:6192.66,6193.29 1 0
github.com/yi-nology/git-sync-service/biz/model/git_sync/git_sync.go:6195.2,6195.14 1 0
github.com/yi-nology/git-sync-service/biz/model/git_sync/git_sync.go:6195.14,6196.45 1 0
github.com/yi-nology/git-sync-service/biz/model/git_sync/git_sync.go:6196.45,6198.24 2 0
github.com/yi-nology/git-sync-service/biz/model/git_sync/git_sync.go:6201.2,6201.46 1 0
github.com/yi-nology/git-sync-service/biz/model/git_sync/git_sync.go:6201.46,6202.27 1 0
github.com/yi-nology/git-sync-service/biz/model/git_sync/git_sync.go:6204.2,6204.46 1 0
github.com/yi-nology/git-sync-service/biz/model/git_sync/git_sync.go:6204.46,6205.27 1 0
github.com/yi-nology/git-sync-service/biz/model/git_sync/git_sync.go:6207.2,6208.1 2 0
github.com/yi-nology/git-sync-service/biz/model/git_sync/git_sync.go:6209.2,6210.1 2 0
github.com/yi-nology/git-sync-service/biz/model/git_sync/git_sync.go:6211.2,6212.1 2 0
github.com/yi-nology/git-sync-service/biz/model/git_sync/git_sync.go:6213.2,6214.1 2 0
github.com/yi-nology/git-sync-service/biz/model/git_sync/git_sync.go:6215.2,6215.80 1 0
github.com/yi-nology/git-sync-service/biz/model/git_sync/git_sync.go:6218.89,6219.22 1 0
github.com/yi-nology/git-sync-service/biz/model/git_sync/git_sync.go:6219.22,6220.75 1 0
github.com/yi-nology/git-sync-service/biz/model/git_sync/git_sync.go:6220.75,6221.29 1 0
github.com/yi-nology/git-sync-service/biz/model/git_sync/git_sync.go:6223.3,6223.48 1 0
github.com/yi-nology/git-sync-service/biz/model/git_sync/git_sync.go:6223.48,6225.4 1 0
github.com/yi-nology/git-sync-service/biz/model/git_sync/git_sync.go:6226.3,6226.46 1 0
github.com/yi-nology/git-sync-service/biz/model/git_sync/git_sync.go:6226.46,6227.27 1 0
github.com/yi-nology/git-sync-service/biz/model/git_sync/git_sync.go:6230.2,6231.1 2 0
github.com/yi-nology/git-sync-service/biz/model/git_sync/git_sync.go:6232.2,6233.1 2 0
github.com/yi-nology/git-sync-service/biz/model/git_sync/git_sync.go:6234.2,6234.81 1 0
github.com/yi-nology/git-sync-service/biz/model/git_sync/git_sync.go:6237.57,6238.14 1 0
github.com/yi-nology/git-sync-service/biz/model/git_sync/git_sync.go:6238.14,6240.3 1 0
github.com/yi-nology/git-sync-service/biz/model/git_sync/git_sync.go:6241.2,6241.62 1 0
github.com/yi-nology/git-sync-service/biz/model/git_sync/git_sync.go:6249.64,6251.2 1 0
github.com/yi-nology/git-sync-service/biz/model/git_sync/git_sync.go:6253.52,6254.2 0 0
github.com/yi-nology/git-sync-service/biz/model/git_sync/git_sync.go:6258.70,6259.19 1 0
github.com/yi-nology/git-sync-service/biz/model/git_sync/git_sync.go:6259.19,6261.3 1 0
github.com/yi-nology/git-sync-service/biz/model/git_sync/git_sync.go:6262.2,6262.14 1 0
github.com/yi-nology/git-sync-service/biz/model/git_sync/git_sync.go:6269.53,6271.2 1 0
github.com/yi-nology/git-sync-service/biz/model/git_sync/git_sync.go:6273.78,6278.50 3 0
github.com/yi-nology/git-sync-service/biz/model/git_sync/git_sync.go:6278.50,6279.28 1 0
github.com/yi-nology/git-sync-service/biz/model/git_sync/git_sync.go:6282.2,6282.6 1 0
github.com/yi-nology/git-sync-service/biz/model/git_sync/git_sync.go:6282.6,6284.17 2 0
github.com/yi-nology/git-sync-service/biz/model/git_sync/git_sync.go:6284.17,6285.28 1 0
github.com/yi-nology/git-sync-service/biz/model/git_sync/git_sync.go:6287.3,6287.33 1 0
github.com/yi-nology/git-sync-service/biz/model/git_sync/git_sync.go:6287.33,6288.9 1 0
github.com/yi-nology/git-sync-service/biz/model/git_sync/git_sync.go:6291.3,6291.18 1 0
github.com/yi-nology/git-sync-service/biz/model/git_sync/git_sync.go:6292.10,6293.36 1 0
github.com/yi-nology/git-sync-service/biz/model/git_sync/git_sync.go:6293.36,6294.46 1 0
github.com/yi-nology/git-sync-service/biz/model/git_sync/git_sync.go:6294.46,6295.25 1 0
github.com/yi-nology/git-sync-service/biz/model/git_sync/git_sync.go:6297.10,6297.56 1 0
github.com/yi-nology/git-sync-service/biz/model/git_sync/git_sync.go:6297.56,6298.24 1 0
github.com/yi-nology/git-sync-service/biz/model/git_sync/git_sync.go:6300.11,6301.49 1 0
github.com/yi-nology/git-sync-service/biz/model/git_sync/git_sync.go:6301.49,6302.24 1 0
github.com/yi-nology/git-sync-service/biz/model/git_sync/git_sync.go:6305.3,6305.45 1 0
github.com/yi-nology/git-sync-service/biz/model/git_sync/git_sync.go:6305.45,6306.26 1 0
github.com/yi-nology/git-sync-service/biz/model/git_sync/git_sync.go:6309.2,6309.45 1 0
github.com/yi-nology/git-sync-service/biz/model/git_sync/git_sync.go:6309.45,6310.26 1 0
github.com/yi-nology/git-sync-service/biz/model/git_sync/git_sync.go:6313.2,6314.1 2 0
github.com/yi-nology/git-sync-service/biz/model/git_sync/git_sync.go:6315.2,6316.1 2 0
github.com/yi-nology/git-sync-service/biz/model/git_sync/git_sync.go:6317.2,6318.1 2 0
github.com/yi-nology/git-sync-service/biz/model/git_sync/git_sync.go:6319.2,6320.1 2 0
github.com/yi-nology/git-sync-service/biz/model/git_sync/git_sync.go:6321.2,6323.1 2 0
github.com/yi-nology/git-sync-service/biz/model/git_sync/git_sync.go:6324.2,6325.1 2 0
github.com/yi-nology/git-sync-service/biz/model/git_sync/git_sync.go:6326.2,6326.79 1 0
github.com/yi-nology/git-sync-service/biz/model/git_sync/git_sync.go:6329.78,6331.43 2 0
github.com/yi-nology/git-sync-service/biz/model/git_sync/git_sync.go:6331.43,6333.3 1 0
github.com/yi-nology/git-sync-service/biz/model/git_sync/git_sync.go:6334.2,6335.12 2 0
github.com/yi-nology/git-sync-service/biz/model/git_sync/git_sync.go:6338.79,6340.62 2 0
github.com/yi-nology/git-sync-service/biz/model/git_sync/git_sync.go:6340.62,6341.29 1 0
github.com/yi-nology/git-sync-service/biz/model/git_sync/git_sync.go:6343.2,6343.14 1 0
github.com/yi-nology/git-sync-service/biz/model/git_sync/git_sync.go:6343.14,6344.45 1 0
github.com/yi-nology/git-sync-service/biz/model/git_sync/git_sync.go:6344.45,6346.24 2 0
github.com/yi-nology/git-sync-service/biz/model/git_sync/git_sync.go:6349.2,6349.46 1 0
github.com/yi-nology/git-sync-service/biz/model/git_sync/git_sync.go:6349.46,6350.27 1 0
github.com/yi-nology/git-sync-service/biz/model/git_sync/git_sync.go:6352.2,6352.46 1 0
github.com/yi-nology/git-sync-service/biz/model/git_sync/git_sync.go:6352.46,6353.27 1 0
github.com/yi-nology/git-sync-service/biz/model/git_sync/git_sync.go:6355.2,6356.1 2 0
github.com/yi-nology/git-sync-service/biz/model/git_sync/git_sync.go:6357.2,6358.1 2 0
github.com/yi-nology/git-sync-service/biz/model/git_sync/git_sync.go:6359.2,6360.1 2 0
github.com/yi-nology/git-sync-service/biz/model/git_sync/git_sync.go:6361.2,6362.1 2 0
github.com/yi-nology/git-sync-service/biz/model/git_sync/git_sync.go:6363.2,6363.80 1 0
github.com/yi-nology/git-sync-service/biz/model/git_sync/git_sync.go:6366.85,6367.70 1 0
github.com/yi-nology/git-sync-service/biz/model/git_sync/git_sync.go:6367.70,6368.28 1 0
github.com/yi-nology/git-sync-service/biz/model/git_sync/git_sync.go:6370.2,6370.43 1 0
github.com/yi-nology/git-sync-service/biz/model/git_sync/git_sync.go:6370.43,6372.3 1 0
github.com/yi-nology/git-sync-service/biz/model/git_sync/git_sync.go:6373.2,6373.45 1 0
github.com/yi-nology/git-sync-service/biz/model/git_sync/git_sync.go:6373.45,6374.26 1 0
github.com/yi-nology/git-sync-service/biz/model/git_sync/git_sync.go:6376.2,6377.1 2 0
github.com/yi-nology/git-sync-service/biz/model/git_sync/git_sync.go:6378.2,6379.1 2 0
github.com/yi-nology/git-sync-service/biz/model/git_sync/git_sync.go:6380.2,6380.81 1 0
github.com/yi-nology/git-sync-service/biz/model/git_sync/git_sync.go:6383.53,6384.14 1 0
github.com/yi-nology/git-sync-service/biz/model/git_sync/git_sync.go:6384.14,6386.3 1 0
github.com/yi-nology/git-sync-service/biz/model/git_sync/git_sync.go:6387.2,6387.58 1 0
github.com/yi-nology/git-sync-service/biz/model/git_sync/git_sync.go:6395.68,6397.2 1 0
github.com/yi-nology/git-sync-service/biz/model/git_sync/git_sync.go:6399.54,6400.2 0 0
github.com/yi-nology/git-sync-service/biz/model/git_sync/git_sync.go:6404.77,6405.23 1 0
github.com/yi-nology/git-sync-service/biz/model/git_sync/git_sync.go:6405.23,6407.3 1 0
github.com/yi-nology/git-sync-service/biz/model/git_sync/git_sync.go:6408.2,6408.18 1 0
github.com/yi-nology/git-sync-service/biz/model/git_sync/git_sync.go:6415.59,6417.2 1 0
github.com/yi-nology/git-sync-service/biz/model/git_sync/git_sync.go:6419.80,6424.50 3 0
github.com/yi-nology/git-sync-service/biz/model/git_sync/git_sync.go:6424.50,6425.28 1 0
github.com/yi-nology/git-sync-service/biz/model/git_sync/git_sync.go:6428.2,6428.6 1 0
github.com/yi-nology/git-sync-service/biz/model/git_sync/git_sync.go:6428.6,6430.17 2 0
github.com/yi-nology/git-sync-service/biz/model/git_sync/git_sync.go:6430.17,6431.28 1 0
github.com/yi-nology/git-sync-service/biz/model/git_sync/git_sync.go:6433.3,6433.33 1 0
github.com/yi-nology/git-sync-service/biz/model/git_sync/git_sync.go:6433.33,6434.9 1 0
github.com/yi-nology/git-sync-service/biz/model/git_sync/git_sync.go:6437.3,6437.18 1 0
github.com/yi-nology/git-sync-service/biz/model/git_sync/git_sync.go:6438.10,6439.36 1 0
github.com/yi-nology/git-sync-service/biz/model/git_sync/git_sync.go:6439.36,6440.46 1 0
github.com/yi-nology/git-sync-service/biz/model/git_sync/git_sync.go:6440.46,6441.25 1 0
github.com/yi-nology/git-sync-service/biz/model/git_sync/git_sync.go:6443.10,6443.56 1 0
github.com/yi-nology/git-sync-service/biz/model/git_sync/git_sync.go:6443.56,6444.24 1 0
github.com/yi-nology/git-sync-service/biz/model/git_sync/git_sync.go:6446.11,6447.49 1 0
github.com/yi-nology/git-sync-service/biz/model/git_sync/git_sync.go:6447.49,6448.24 1 0
github.com/yi-nology/git-sync-service/biz/model/git_sync/git_sync.go:6451.3,6451.45 1 0
github.com/yi-nology/git-sync-service/biz/model/git_sync/git_sync.go:6451.45,6452.26 1 0
github.com/yi-nology/git-sync-service/biz/model/git_sync/git_sync.go:6455.2,6455.45 1 0
github.com/yi-nology/git-sync-service/biz/model/git_sync/git_sync.go:6455.45,6456.26 1 0
github.com/yi-nology/git-sync-service/biz/model/git_sync/git_sync.go:6459.2,6460.1 2 0
github.com/yi-nology/git-sync-service/biz/model/git_sync/git_sync.go:6461.2,6462.1 2 0
github.com/yi-nology/git-sync-service/biz/model/git_sync/git_sync.go:6463.2,6464.1 2 0
github.com/yi-nology/git-sync-service/biz/model/git_sync/git_sync.go:6465.2,6466.1 2 0
github.com/yi-nology/git-sync-service/biz/model/git_sync/git_sync.go:6467.2,6469.1 2 0
github.com/yi-nology/git-sync-service/biz/model/git_sync/git_sync.go:6470.2,6471.1 2 0
github.com/yi-nology/git-sync-service/biz/model/git_sync/git_sync.go:6472.2,6472.79 1 0
github.com/yi-nology/git-sync-service/biz/model/git_sync/git_sync.go:6475.80,6477.43 2 0
github.com/yi-nology/git-sync-service/biz/model/git_sync/git_sync.go:6477.43,6479.3 1 0
github.com/yi-nology/git-sync-service/biz/model/git_sync/git_sync.go:6480.2,6481.12 2 0
github.com/yi-nology/git-sync-service/biz/model/git_sync/git_sync.go:6484.81,6486.64 2 0
github.com/yi-nology/git-sync-service/biz/model/git_sync/git_sync.go:6486.64,6487.29 1 0
github.com/yi-nology/git-sync-service/biz/model/git_sync/git_sync.go:6489.2,6489.14 1 0
github.com/yi-nology/git-sync-service/biz/model/git_sync/git_sync.go:6489.14,6490.45 1 0
github.com/yi-nology/git-sync-service/biz/model/git_sync/git_sync.go:6490.45,6492.24 2 0
github.com/yi-nology/git-sync-service/biz/model/git_sync/git_sync.go:6495.2,6495.46 1 0
github.com/yi-nology/git-sync-service/biz/model/git_sync/git_sync.go:6495.46,6496.27 1 0
github.com/yi-nology/git-sync-service/biz/model/git_sync/git_sync.go:6498.2,6498.46 1 0
github.com/yi-nology/git-sync-service/biz/model/git_sync/git_sync.go:6498.46,6499.27 1 0
github.com/yi-nology/git-sync-service/biz/model/git_sync/git_sync.go:6501.2,6502.1 2 0
github.com/yi-nology/git-sync-service/biz/model/git_sync/git_sync.go:6503.2,6504.1 2 0
github.com/yi-nology/git-sync-service/biz/model/git_sync/git_sync.go:6505.2,6506.1 2 0
github.com/yi-nology/git-sync-service/biz/model/git_sync/git_sync.go:6507.2,6508.1 2 0
github.com/yi-nology/git-sync-service/biz/model/git_sync/git_sync.go:6509.2,6509.80 1 0
github.com/yi-nology/git-sync-service/biz/model/git_sync/git_sync.go:6512.87,6513.22 1 0
github.com/yi-nology/git-sync-service/biz/model/git_sync/git_sync.go:6513.22,6514.75 1 0
github.com/yi-nology/git-sync-service/biz/model/git_sync/git_sync.go:6514.75,6515.29 1 0
github.com/yi-nology/git-sync-service/biz/model/git_sync/git_sync.go:6517.3,6517.48 1 0
github.com/yi-nology/git-sync-service/biz/model/git_sync/git_sync.go:6517.48,6519.4 1 0
github.com/yi-nology/git-sync-service/biz/model/git_sync/git_sync.go:6520.3,6520.46 1 0
github.com/yi-nology/git-sync-service/biz/model/git_sync/git_sync.go:6520.46,6521.27 1 0
github.com/yi-nology/git-sync-service/biz/model/git_sync/git_sync.go:6524.2,6525.1 2 0
github.com/yi-nology/git-sync-service/biz/model/git_sync/git_sync.go:6526.2,6527.1 2 0
github.com/yi-nology/git-sync-service/biz/model/git_sync/git_sync.go:6528.2,6528.81 1 0
github.com/yi-nology/git-sync-service/biz/model/git_sync/git_sync.go:6531.55,6532.14 1 0
github.com/yi-nology/git-sync-service/biz/model/git_sync/git_sync.go:6532.14,6534.3 1 0
github.com/yi-nology/git-sync-service/biz/model/git_sync/git_sync.go:6535.2,6535.60 1 0
github.com/yi-nology/git-sync-service/biz/model/git_sync/git_sync.go:6543.70,6545.2 1 0
github.com/yi-nology/git-sync-service/biz/model/git_sync/git_sync.go:6547.55,6548.2 0 0
github.com/yi-nology/git-sync-service/biz/model/git_sync/git_sync.go:6552.76,6553.19 1 0
github.com/yi-nology/git-sync-service/biz/model/git_sync/git_sync.go:6553.19,6555.3 1 0
github.com/yi-nology/git-sync-service/biz/model/git_sync/git_sync.go:6556.2,6556.14 1 0
github.com/yi-nology/git-sync-service/biz/model/git_sync/git_sync.go:6563.56,6565.2 1 0
github.com/yi-nology/git-sync-service/biz/model/git_sync/git_sync.go:6567.81,6572.50 3 0
github.com/yi-nology/git-sync-service/biz/model/git_sync/git_sync.go:6572.50,6573.28 1 0
github.com/yi-nology/git-sync-service/biz/model/git_sync/git_sync.go:6576.2,6576.6 1 0
github.com/yi-nology/git-sync-service/biz/model/git_sync/git_sync.go:6576.6,6578.17 2 0
github.com/yi-nology/git-sync-service/biz/model/git_sync/git_sync.go:6578.17,6579.28 1 0
github.com/yi-nology/git-sync-service/biz/model/git_sync/git_sync.go:6581.3,6581.33 1 0
github.com/yi-nology/git-sync-service/biz/model/git_sync/git_sync.go:6581.33,6582.9 1 0
github.com/yi-nology/git-sync-service/biz/model/git_sync/git_sync.go:6585.3,6585.18 1 0
github.com/yi-nology/git-sync-service/biz/model/git_sync/git_sync.go:6586.10,6587.36 1 0
github.com/yi-nology/git-sync-service/biz/model/git_sync/git_sync.go:6587.36,6588.46 1 0
github.com/yi-nology/git-sync-service/biz/model/git_sync/git_sync.go:6588.46,6589.25 1 0
github.com/yi-nology/git-sync-service/biz/model/git_sync/git_sync.go:6591.10,6591.56 1 0
github.com/yi-nology/git-sync-service/biz/model/git_sync/git_sync.go:6591.56,6592.24 1 0
github.com/yi-nology/git-sync-service/biz/model/git_sync/git_sync.go:6594.11,6595.49 1 0
github.com/yi-nology/git-sync-service/biz/model/git_sync/git_sync.go:6595.49,6596.24 1 0
github.com/yi-nology/git-sync-service/biz/model/git_sync/git_sync.go:6599.3,6599.45 1 0
github.com/yi-nology/git-sync-service/biz/model/git_sync/git_sync.go:6599.45,6600.26 1 0
github.com/yi-nology/git-sync-service/biz/model/git_sync/git_sync.go:6603.2,6603.45 1 0
github.com/yi-nology/git-sync-service/biz/model/git_sync/git_sync.go:6603.45,6604.26 1 0
github.com/yi-nology/git-sync-service/biz/model/git_sync/git_sync.go:6607.2,6608.1 2 0
github.com/yi-nology/git-sync-service/biz/model/git_sync/git_sync.go:6609.2,6610.1 2 0
github.com/yi-nology/git-sync-service/biz/model/git_sync/git_sync.go:6611.2,6612.1 2 0
github.com/yi-nology/git-sync-service/biz/model/git_sync/git_sync.go:6613.2,6614.1 2 0
github.com/yi-nology/git-sync-service/biz/model/git_sync/git_sync.go:6615.2,6617.1 2 0
github.com/yi-nology/git-sync-service/biz/model/git_sync/git_sync.go:6618.2,6619.1 2 0
github.com/yi-nology/git-sync-service/biz/model/git_sync/git_sync.go:6620.2,6620.79 1 0
github.com/yi-nology/git-sync-service/biz/model/git_sync/git_sync.go:6623.81,6625.43 2 0
github.com/yi-nology/git-sync-service/biz/model/git_sync/git_sync.go:6625.43,6627.3 1 0
github.com/yi-nology/git-sync-service/biz/model/git_sync/git_sync.go:6628.2,6629.12 2 0
github.com/yi-nology/git-sync-service/biz/model/git_sync/git_sync.go:6632.82,6634.65 2 0
github.com/yi-nology/git-sync-service/biz/model/git_sync/git_sync.go:6634.65,6635.29 1 0
github.com/yi-nology/git-sync-service/biz/model/git_sync/git_sync.go:6637.2,6637.14 1 0
github.com/yi-nology/git-sync-service/biz/model/git_sync/git_sync.go:6637.14,6638.45 1 0
github.com/yi-nology/git-sync-service/biz/model/git_sync/git_sync.go:6638.45,6640.24 2 0
github.com/yi-nology/git-sync-service/biz/model/git_sync/git_sync.go:6643.2,6643.46 1 0
github.com/yi-nology/git-sync-service/biz/model/git_sync/git_sync.go:6643.46,6644.27 1 0
github.com/yi-nology/git-sync-service/biz/model/git_sync/git_sync.go:6646.2,6646.46 1 0
github.com/yi-nology/git-sync-service/biz/model/git_sync/git_sync.go:6646.46,6647.27 1 0
github.com/yi-nology/git-sync-service/biz/model/git_sync/git_sync.go:6649.2,6650.1 2 0
github.com/yi-nology/git-sync-service/biz/model/git_sync/git_sync.go:6651.2,6652.1 2 0
github.com/yi-nology/git-sync-service/biz/model/git_sync/git_sync.go:6653.2,6654.1 2 0
github.com/yi-nology/git-sync-service/biz/model/git_sync/git_sync.go:6655.2,6656.1 2 0
github.com/yi-nology/git-sync-service/biz/model/git_sync/git_sync.go:6657.2,6657.80 1 0
github.com/yi-nology/git-sync-service/biz/model/git_sync/git_sync.go:6660.88,6661.70 1 0
github.com/yi-nology/git-sync-service/biz/model/git_sync/git_sync.go:6661.70,6662.28 1 0
github.com/yi-nology/git-sync-service/biz/model/git_sync/git_sync.go:6664.2,6664.43 1 0
github.com/yi-nology/git-sync-service/biz/model/git_sync/git_sync.go:6664.43,6666.3 1 0
github.com/yi-nology/git-sync-service/biz/model/git_sync/git_sync.go:6667.2,6667.45 1 0
github.com/yi-nology/git-sync-service/biz/model/git_sync/git_sync.go:6667.45,6668.26 1 0
github.com/yi-nology/git-sync-service/biz/model/git_sync/git_sync.go:6670.2,6671.1 2 0
github.com/yi-nology/git-sync-service/biz/model/git_sync/git_sync.go:6672.2,6673.1 2 0
github.com/yi-nology/git-sync-service/biz/model/git_sync/git_sync.go:6674.2,6674.81 1 0
github.com/yi-nology/git-sync-service/biz/model/git_sync/git_sync.go:6677.56,6678.14 1 0
github.com/yi-nology/git-sync-service/biz/model/git_sync/git_sync.go:6678.14,6680.3 1 0
github.com/yi-nology/git-sync-service/biz/model/git_sync/git_sync.go:6681.2,6681.61 1 0
github.com/yi-nology/git-sync-service/biz/model/git_sync/git_sync.go:6689.74,6691.2 1 0
github.com/yi-nology/git-sync-service/biz/model/git_sync/git_sync.go:6693.57,6694.2 0 0
github.com/yi-nology/git-sync-service/biz/model/git_sync/git_sync.go:6698.83,6699.23 1 0
github.com/yi-nology/git-sync-service/biz/model/git_sync/git_sync.go:6699.23,6701.3 1 0
github.com/yi-nology/git-sync-service/biz/model/git_sync/git_sync.go:6702.2,6702.18 1 0
github.com/yi-nology/git-sync-service/biz/model/git_sync/git_sync.go:6709.62,6711.2 1 0
github.com/yi-nology/git-sync-service/biz/model/git_sync/git_sync.go:6713.83,6718.50 3 0
github.com/yi-nology/git-sync-service/biz/model/git_sync/git_sync.go:6718.50,6719.28 1 0
github.com/yi-nology/git-sync-service/biz/model/git_sync/git_sync.go:6722.2,6722.6 1 0
github.com/yi-nology/git-sync-service/biz/model/git_sync/git_sync.go:6722.6,6724.17 2 0
github.com/yi-nology/git-sync-service/biz/model/git_sync/git_sync.go:6724.17,6725.28 1 0
github.com/yi-nology/git-sync-service/biz/model/git_sync/git_sync.go:6727.3,6727.33 1 0
github.com/yi-nology/git-sync-service/biz/model/git_sync/git_sync.go:6727.33,6728.9 1 0
github.com/yi-nology/git-sync-service/biz/model/git_sync/git_sync.go:6731.3,6731.18 1 0
github.com/yi-nology/git-sync-service/biz/model/git_sync/git_sync.go:6732.10,6733.36 1 0
github.com/yi-nology/git-sync-service/biz/model/git_sync/git_sync.go:6733.36,6734.46 1 0
github.com/yi-nology/git-sync-service/biz/model/git_sync/git_sync.go:6734.46,6735.25 1 0
github.com/yi-nology/git-sync-service/biz/model/git_sync/git_sync.go:6737.10,6737.56 1 0
github.com/yi-nology/git-sync-service/biz/model/git_sync/git_sync.go:6737.56,6738.24 1 0
github.com/yi-nology/git-sync-service/biz/model/git_sync/git_sync.go:6740.11,6741.49 1 0
github.com/yi-nology/git-sync-service/biz/model/git_sync/git_sync.go:6741.49,6742.24 1 0
github.com/yi-nology/git-sync-service/biz/model/git_sync/git_sync.go:6745.3,6745.45 1 0
github.com/yi-nology/git-sync-service/biz/model/git_sync/git_sync.go:6745.45,6746.26 1 0
github.com/yi-nology/git-sync-service/biz/model/git_sync/git_sync.go:6749.2,6749.45 1 0
github.com/yi-nology/git-sync-service/biz/model/git_sync/git_sync.go:6749.45,6750.26 1 0
github.com/yi-nology/git-sync-service/biz/model/git_sync/git_sync.go:6753.2,6754.1 2 0
github.com/yi-nology/git-sync-service/biz/model/git_sync/git_sync.go:6755.2,6756.1 2 0
github.com/yi-nology/git-sync-service/biz/model/git_sync/git_sync.go:6757.2,6758.1 2 0
github.com/yi-nology/git-sync-service/biz/model/git_sync/git_sync.go:6759.2,6760.1 2 0
github.com/yi-nology/git-sync-service/biz/model/git_sync/git_sync.go:6761.2,6763.1 2 0
github.com/yi-nology/git-sync-service/biz/model/git_sync/git_sync.go:6764.2,6765.1 2 0
github.com/yi-nology/git-sync-service/biz/model/git_sync/git_sync.go:6766.2,6766.79 1 0
github.com/yi-nology/git-sync-service/biz/model/git_sync/git_sync.go:6769.83,6771.43 2 0
github.com/yi-nology/git-sync-service/biz/model/git_sync/git_sync.go:6771.43,6773.3 1 0
github.com/yi-nology/git-sync-service/biz/model/git_sync/git_sync.go:6774.2,6775.12 2 0
github.com/yi-nology/git-sync-service/biz/model/git_sync/git_sync.go:6778.84,6780.67 2 0
github.com/yi-nology/git-sync-service/biz/model/git_sync/git_sync.go:6780.67,6781.29 1 0
github.com/yi-nology/git-sync-service/biz/model/git_sync/git_sync.go:6783.2,6783.14 1 0
github.com/yi-nology/git-sync-service/biz/model/git_sync/git_sync.go:6783.14,6784.45 1 0
github.com/yi-nology/git-sync-service/biz/model/git_sync/git_sync.go:6784.45,6786.24 2 0
github.com/yi-nology/git-sync-service/biz/model/git_sync/git_sync.go:6789.2,6789.46 1 0
github.com/yi-nology/git-sync-service/biz/model/git_sync/git_sync.go:6789.46,6790.27 1 0
github.com/yi-nology/git-sync-service/biz/model/git_sync/git_sync.go:6792.2,6792.46 1 0
github.com/yi-nology/git-sync-service/biz/model/git_sync/git_sync.go:6792.46,6793.27 1 0
github.com/yi-nology/git-sync-service/biz/model/git_sync/git_sync.go:6795.2,6796.1 2 0
github.com/yi-nology/git-sync-service/biz/model/git_sync/git_sync.go:6797.2,6798.1 2 0
github.com/yi-nology/git-sync-service/biz/model/git_sync/git_sync.go:6799.2,6800.1 2 0
github.com/yi-nology/git-sync-service/biz/model/git_sync/git_sync.go:6801.2,6802.1 2 0
github.com/yi-nology/git-sync-service/biz/model/git_sync/git_sync.go:6803.2,6803.80 1 0
github.com/yi-nology/git-sync-service/biz/model/git_sync/git_sync.go:6806.90,6807.22 1 0
github.com/yi-nology/git-sync-service/biz/model/git_sync/git_sync.go:6807.22,6808.75 1 0
github.com/yi-nology/git-sync-service/biz/model/git_sync/git_sync.go:6808.75,6809.29 1 0
github.com/yi-nology/git-sync-service/biz/model/git_sync/git_sync.go:6811.3,6811.48 1 0
github.com/yi-nology/git-sync-service/biz/model/git_sync/git_sync.go:6811.48,6813.4 1 0
github.com/yi-nology/git-sync-service/biz/model/git_sync/git_sync.go:6814.3,6814.46 1 0
github.com/yi-nology/git-sync-service/biz/model/git_sync/git_sync.go:6814.46,6815.27 1 0
github.com/yi-nology/git-sync-service/biz/model/git_sync/git_sync.go:6818.2,6819.1 2 0
github.com/yi-nology/git-sync-service/biz/model/git_sync/git_sync.go:6820.2,6821.1 2 0
github.com/yi-nology/git-sync-service/biz/model/git_sync/git_sync.go:6822.2,6822.81 1 0
github.com/yi-nology/git-sync-service/biz/model/git_sync/git_sync.go:6825.58,6826.14 1 0
github.com/yi-nology/git-sync-service/biz/model/git_sync/git_sync.go:6826.14,6828.3 1 0
github.com/yi-nology/git-sync-service/biz/model/git_sync/git_sync.go:6829.2,6829.63 1 0
github.com/yi-nology/git-sync-service/biz/model/git_sync/git_sync.go:6837.70,6839.2 1 0
github.com/yi-nology/git-sync-service/biz/model/git_sync/git_sync.go:6841.55,6842.2 0 0
github.com/yi-nology/git-sync-service/biz/model/git_sync/git_sync.go:6846.76,6847.19 1 0
github.com/yi-nology/git-sync-service/biz/model/git_sync/git_sync.go:6847.19,6849.3 1 0
github.com/yi-nology/git-sync-service/biz/model/git_sync/git_sync.go:6850.2,6850.14 1 0
github.com/yi-nology/git-sync-service/biz/model/git_sync/git_sync.go:6857.56,6859.2 1 0
github.com/yi-nology/git-sync-service/biz/model/git_sync/git_sync.go:6861.81,6866.50 3 0
github.com/yi-nology/git-sync-service/biz/model/git_sync/git_sync.go:6866.50,6867.28 1 0
github.com/yi-nology/git-sync-service/biz/model/git_sync/git_sync.go:6870.2,6870.6 1 0
github.com/yi-nology/git-sync-service/biz/model/git_sync/git_sync.go:6870.6,6872.17 2 0
github.com/yi-nology/git-sync-service/biz/model/git_sync/git_sync.go:6872.17,6873.28 1 0
github.com/yi-nology/git-sync-service/biz/model/git_sync/git_sync.go:6875.3,6875.33 1 0
github.com/yi-nology/git-sync-service/biz/model/git_sync/git_sync.go:6875.33,6876.9 1 0
github.com/yi-nology/git-sync-service/biz/model/git_sync/git_sync.go:6879.3,6879.18 1 0
github.com/yi-nology/git-sync-service/biz/model/git_sync/git_sync.go:6880.10,6881.36 1 0
github.com/yi-nology/git-sync-service/biz/model/git_sync/git_sync.go:6881.36,6882.46 1 0
github.com/yi-nology/git-sync-service/biz/model/git_sync/git_sync.go:6882.46,6883.25 1 0
github.com/yi-nology/git-sync-service/biz/model/git_sync/git_sync.go:6885.10,6885.56 1 0
github.com/yi-nology/git-sync-service/biz/model/git_sync/git_sync.go:6885.56,6886.24 1 0
github.com/yi-nology/git-sync-service/biz/model/git_sync/git_sync.go:6888.11,6889.49 1 0
github.com/yi-nology/git-sync-service/biz/model/git_sync/git_sync.go:6889.49,6890.24 1 0
github.com/yi-nology/git-sync-service/biz/model/git_sync/git_sync.go:6893.3,6893.45 1 0
github.com/yi-nology/git-sync-service/biz/model/git_sync/git_sync.go:6893.45,6894.26 1 0
github.com/yi-nology/git-sync-service/biz/model/git_sync/git_sync.go:6897.2,6897.45 1 0
github.com/yi-nology/git-sync-service/biz/model/git_sync/git_sync.go:6897.45,6898.26 1 0
github.com/yi-nology/git-sync-service/biz/model/git_sync/git_sync.go:6901.2,6902.1 2 0
github.com/yi-nology/git-sync-service/biz/model/git_sync/git_sync.go:6903.2,6904.1 2 0
github.com/yi-nology/git-sync-service/biz/model/git_sync/git_sync.go:6905.2,6906.1 2 0
github.com/yi-nology/git-sync-service/biz/model/git_sync/git_sync.go:6907.2,6908.1 2 0
github.com/yi-nology/git-sync-service/biz/model/git_sync/git_sync.go:6909.2,6911.1 2 0
github.com/yi-nology/git-sync-service/biz/model/git_sync/git_sync.go:6912.2,6913.1 2 0
github.com/yi-nology/git-sync-service/biz/model/git_sync/git_sync.go:6914.2,6914.79 1 0
github.com/yi-nology/git-sync-service/biz/model/git_sync/git_sync.go:6917.81,6919.43 2 0
github.com/yi-nology/git-sync-service/biz/model/git_sync/git_sync.go:6919.43,6921.3 1 0
github.com/yi-nology/git-sync-service/biz/model/git_sync/git_sync.go:6922.2,6923.12 2 0
github.com/yi-nology/git-sync-service/biz/model/git_sync/git_sync.go:6926.82,6928.65 2 0
github.com/yi-nology/git-sync-service/biz/model/git_sync/git_sync.go:6928.65,6929.29 1 0
github.com/yi-nology/git-sync-service/biz/model/git_sync/git_sync.go:6931.2,6931.14 1 0
github.com/yi-nology/git-sync-service/biz/model/git_sync/git_sync.go:6931.14,6932.45 1 0
github.com/yi-nology/git-sync-service/biz/model/git_sync/git_sync.go:6932.45,6934.24 2 0
github.com/yi-nology/git-sync-service/biz/model/git_sync/git_sync.go:6937.2,6937.46 1 0
github.com/yi-nology/git-sync-service/biz/model/git_sync/git_sync.go:6937.46,6938.27 1 0
github.com/yi-nology/git-sync-service/biz/model/git_sync/git_sync.go:6940.2,6940.46 1 0
github.com/yi-nology/git-sync-service/biz/model/git_sync/git_sync.go:6940.46,6941.27 1 0
github.com/yi-nology/git-sync-service/biz/model/git_sync/git_sync.go:6943.2,6944.1 2 0
github.com/yi-nology/git-sync-service/biz/model/git_sync/git_sync.go:6945.2,6946.1 2 0
github.com/yi-nology/git-sync-service/biz/model/git_sync/git_sync.go:6947.2,6948.1 2 0
github.com/yi-nology/git-sync-service/biz/model/git_sync/git_sync.go:6949.2,6950.1 2 0
github.com/yi-nology/git-sync-service/biz/model/git_sync/git_sync.go:6951.2,6951.80 1 0
github.com/yi-nology/git-sync-service/biz/model/git_sync/git_sync.go:6954.88,6955.70 1 0
github.com/yi-nology/git-sync-service/biz/model/git_sync/git_sync.go:6955.70,6956.28 1 0
github.com/yi-nology/git-sync-service/biz/model/git_sync/git_sync.go:6958.2,6958.43 1 0
github.com/yi-nology/git-sync-service/biz/model/git_sync/git_sync.go:6958.43,6960.3 1 0
github.com/yi-nology/git-sync-service/biz/model/git_sync/git_sync.go:6961.2,6961.45 1 0
github.com/yi-nology/git-sync-service/biz/model/git_sync/git_sync.go:6961.45,6962.26 1 0
github.com/yi-nology/git-sync-service/biz/model/git_sync/git_sync.go:6964.2,6965.1 2 0
github.com/yi-nology/git-sync-service/biz/model/git_sync/git_sync.go:6966.2,6967.1 2 0
github.com/yi-nology/git-sync-service/biz/model/git_sync/git_sync.go:6968.2,6968.81 1 0
github.com/yi-nology/git-sync-service/biz/model/git_sync/git_sync.go:6971.56,6972.14 1 0
github.com/yi-nology/git-sync-service/biz/model/git_sync/git_sync.go:6972.14,6974.3 1 0
github.com/yi-nology/git-sync-service/biz/model/git_sync/git_sync.go:6975.2,6975.61 1 0
github.com/yi-nology/git-sync-service/biz/model/git_sync/git_sync.go:6983.74,6985.2 1 0
github.com/yi-nology/git-sync-service/biz/model/git_sync/git_sync.go:6987.57,6988.2 0 0
github.com/yi-nology/git-sync-service/biz/model/git_sync/git_sync.go:6992.83,6993.23 1 0
github.com/yi-nology/git-sync-service/biz/model/git_sync/git_sync.go:6993.23,6995.3 1 0
github.com/yi-nology/git-sync-service/biz/model/git_sync/git_sync.go:6996.2,6996.18 1 0
github.com/yi-nology/git-sync-service/biz/model/git_sync/git_sync.go:7003.62,7005.2 1 0
github.com/yi-nology/git-sync-service/biz/model/git_sync/git_sync.go:7007.83,7012.50 3 0
github.com/yi-nology/git-sync-service/biz/model/git_sync/git_sync.go:7012.50,7013.28 1 0
github.com/yi-nology/git-sync-service/biz/model/git_sync/git_sync.go:7016.2,7016.6 1 0
github.com/yi-nology/git-sync-service/biz/model/git_sync/git_sync.go:7016.6,7018.17 2 0
github.com/yi-nology/git-sync-service/biz/model/git_sync/git_sync.go:7018.17,7019.28 1 0
github.com/yi-nology/git-sync-service/biz/model/git_sync/git_sync.go:7021.3,7021.33 1 0
github.com/yi-nology/git-sync-service/biz/model/git_sync/git_sync.go:7021.33,7022.9 1 0
github.com/yi-nology/git-sync-service/biz/model/git_sync/git_sync.go:7025.3,7025.18 1 0
github.com/yi-nology/git-sync-service/biz/model/git_sync/git_sync.go:7026.10,7027.36 1 0
github.com/yi-nology/git-sync-service/biz/model/git_sync/git_sync.go:7027.36,7028.46 1 0
github.com/yi-nology/git-sync-service/biz/model/git_sync/git_sync.go:7028.46,7029.25 1 0
github.com/yi-nology/git-sync-service/biz/model/git_sync/git_sync.go:7031.10,7031.56 1 0
github.com/yi-nology/git-sync-service/biz/model/git_sync/git_sync.go:7031.56,7032.24 1 0
github.com/yi-nology/git-sync-service/biz/model/git_sync/git_sync.go:7034.11,7035.49 1 0
github.com/yi-nology/git-sync-service/biz/model/git_sync/git_sync.go:7035.49,7036.24 1 0
github.com/yi-nology/git-sync-service/biz/model/git_sync/git_sync.go:7039.3,7039.45 1 0
github.com/yi-nology/git-sync-service/biz/model/git_sync/git_sync.go:7039.45,7040.26 1 0
github.com/yi-nology/git-sync-service/biz/model/git_sync/git_sync.go:7043.2,7043.45 1 0
github.com/yi-nology/git-sync-service/biz/model/git_sync/git_sync.go:7043.45,7044.26 1 0
github.com/yi-nology/git-sync-service/biz/model/git_sync/git_sync.go:7047.2,7048.1 2 0
github.com/yi-nology/git-sync-service/biz/model/git_sync/git_sync.go:7049.2,7050.1 2 0
github.com/yi-nology/git-sync-service/biz/model/git_sync/git_sync.go:7051.2,7052.1 2 0
github.com/yi-nology/git-sync-service/biz/model/git_sync/git_sync.go:7053.2,7054.1 2 0
github.com/yi-nology/git-sync-service/biz/model/git_sync/git_sync.go:7055.2,7057.1 2 0
github.com/yi-nology/git-sync-service/biz/model/git_sync/git_sync.go:7058.2,7059.1 2 0
github.com/yi-nology/git-sync-service/biz/model/git_sync/git_sync.go:7060.2,7060.79 1 0
github.com/yi-nology/git-sync-service/biz/model/git_sync/git_sync.go:7063.83,7065.43 2 0
github.com/yi-nology/git-sync-service/biz/model/git_sync/git_sync.go:7065.43,7067.3 1 0
github.com/yi-nology/git-sync-service/biz/model/git_sync/git_sync.go:7068.2,7069.12 2 0
github.com/yi-nology/git-sync-service/biz/model/git_sync/git_sync.go:7072.84,7074.67 2 0
github.com/yi-nology/git-sync-service/biz/model/git_sync/git_sync.go:7074.67,7075.29 1 0
github.com/yi-nology/git-sync-service/biz/model/git_sync/git_sync.go:7077.2,7077.14 1 0
github.com/yi-nology/git-sync-service/biz/model/git_sync/git_sync.go:7077.14,7078.45 1 0
github.com/yi-nology/git-sync-service/biz/model/git_sync/git_sync.go:7078.45,7080.24 2 0
github.com/yi-nology/git-sync-service/biz/model/git_sync/git_sync.go:7083.2,7083.46 1 0
github.com/yi-nology/git-sync-service/biz/model/git_sync/git_sync.go:7083.46,7084.27 1 0
github.com/yi-nology/git-sync-service/biz/model/git_sync/git_sync.go:7086.2,7086.46 1 0
github.com/yi-nology/git-sync-service/biz/model/git_sync/git_sync.go:7086.46,7087.27 1 0
github.com/yi-nology/git-sync-service/biz/model/git_sync/git_sync.go:7089.2,7090.1 2 0
github.com/yi-nology/git-sync-service/biz/model/git_sync/git_sync.go:7091.2,7092.1 2 0
github.com/yi-nology/git-sync-service/biz/model/git_sync/git_sync.go:7093.2,7094.1 2 0
github.com/yi-nology/git-sync-service/biz/model/git_sync/git_sync.go:7095.2,7096.1 2 0
github.com/yi-nology/git-sync-service/biz/model/git_sync/git_sync.go:7097.2,7097.80 1 0
github.com/yi-nology/git-sync-service/biz/model/git_sync/git_sync.go:7100.90,7101.22 1 0
github.com/yi-nology/git-sync-service/biz/model/git_sync/git_sync.go:7101.22,7102.75 1 0
github.com/yi-nology/git-sync-service/biz/model/git_sync/git_sync.go:7102.75,7103.29 1 0
github.com/yi-nology/git-sync-service/biz/model/git_sync/git_sync.go:7105.3,7105.48 1 0
github.com/yi-nology/git-sync-service/biz/model/git_sync/git_sync.go:7105.48,7107.4 1 0
github.com/yi-nology/git-sync-service/biz/model/git_sync/git_sync.go:7108.3,7108.46 1 0
github.com/yi-nology/git-sync-service/biz/model/git_sync/git_sync.go:7108.46,7109.27 1 0
github.com/yi-nology/git-sync-service/biz/model/git_sync/git_sync.go:7112.2,7113.1 2 0
github.com/yi-nology/git-sync-service/biz/model/git_sync/git_sync.go:7114.2,7115.1 2 0
github.com/yi-nology/git-sync-service/biz/model/git_sync/git_sync.go:7116.2,7116.81 1 0
github.com/yi-nology/git-sync-service/biz/model/git_sync/git_sync.go:7119.58,7120.14 1 0
github.com/yi-nology/git-sync-service/biz/model/git_sync/git_sync.go:7120.14,7122.3 1 0
github.com/yi-nology/git-sync-service/biz/model/git_sync/git_sync.go:7123.2,7123.63 1 0
github.com/yi-nology/git-sync-service/biz/model/git_sync/git_sync.go:7131.70,7133.2 1 0
github.com/yi-nology/git-sync-service/biz/model/git_sync/git_sync.go:7135.55,7136.2 0 0
github.com/yi-nology/git-sync-service/biz/model/git_sync/git_sync.go:7140.76,7141.19 1 0
github.com/yi-nology/git-sync-service/biz/model/git_sync/git_sync.go:7141.19,7143.3 1 0
github.com/yi-nology/git-sync-service/biz/model/git_sync/git_sync.go:7144.2,7144.14 1 0
github.com/yi-nology/git-sync-service/biz/model/git_sync/git_sync.go:7151.56,7153.2 1 0
github.com/yi-nology/git-sync-service/biz/model/git_sync/git_sync.go:7155.81,7160.50 3 0
github.com/yi-nology/git-sync-service/biz/model/git_sync/git_sync.go:7160.50,7161.28 1 0
github.com/yi-nology/git-sync-service/biz/model/git_sync/git_sync.go:7164.2,7164.6 1 0
github.com/yi-nology/git-sync-service/biz/model/git_sync/git_sync.go:7164.6,7166.17 2 0
github.com/yi-nology/git-sync-service/biz/model/git_sync/git_sync.go:7166.17,7167.28 1 0
github.com/yi-nology/git-sync-service/biz/model/git_sync/git_sync.go:7169.3,7169.33 1 0
github.com/yi-nology/git-sync-service/biz/model/git_sync/git_sync.go:7169.33,7170.9 1 0
github.com/yi-nology/git-sync-service/biz/model/git_sync/git_sync.go:7173.3,7173.18 1 0
github.com/yi-nology/git-sync-service/biz/model/git_sync/git_sync.go:7174.10,7175.36 1 0
github.com/yi-nology/git-sync-service/biz/model/git_sync/git_sync.go:7175.36,7176.46 1 0
github.com/yi-nology/git-sync-service/biz/model/git_sync/git_sync.go:7176.46,7177.25 1 0
github.com/yi-nology/git-sync-service/biz/model/git_sync/git_sync.go:7179.10,7179.56 1 0
github.com/yi-nology/git-sync-service/biz/model/git_sync/git_sync.go:7179.56,7180.24 1 0
github.com/yi-nology/git-sync-service/biz/model/git_sync/git_sync.go:7182.11,7183.49 1 0
github.com/yi-nology/git-sync-service/biz/model/git_sync/git_sync.go:7183.49,7184.24 1 0
github.com/yi-nology/git-sync-service/biz/model/git_sync/git_sync.go:7187.3,7187.45 1 0
github.com/yi-nology/git-sync-service/biz/model/git_sync/git_sync.go:7187.45,7188.26 1 0
github.com/yi-nology/git-sync-service/biz/model/git_sync/git_sync.go:7191.2,7191.45 1 0
github.com/yi-nology/git-sync-service/biz/model/git_sync/git_sync.go:7191.45,7192.26 1 0
github.com/yi-nology/git-sync-service/biz/model/git_sync/git_sync.go:7195.2,7196.1 2 0
github.com/yi-nology/git-sync-service/biz/model/git_sync/git_sync.go:7197.2,7198.1 2 0
github.com/yi-nology/git-sync-service/biz/model/git_sync/git_sync.go:7199.2,7200.1 2 0
github.com/yi-nology/git-sync-service/biz/model/git_sync/git_sync.go:7201.2,7202.1 2 0
github.com/yi-nology/git-sync-service/biz/model/git_sync/git_sync.go:7203.2,7205.1 2 0
github.com/yi-nology/git-sync-service/biz/model/git_sync/git_sync.go:7206.2,7207.1 2 0
github.com/yi-nology/git-sync-service/biz/model/git_sync/git_sync.go:7208.2,7208.79 1 0
github.com/yi-nology/git-sync-service/biz/model/git_sync/git_sync.go:7211.81,7213.43 2 0
github.com/yi-nology/git-sync-service/biz/model/git_sync/git_sync.go:7213.43,7215.3 1 0
github.com/yi-nology/git-sync-service/biz/model/git_sync/git_sync.go:7216.2,7217.12 2 0
github.com/yi-nology/git-sync-service/biz/model/git_sync/git_sync.go:7220.82,7222.65 2 0
github.com/yi-nology/git-sync-service/biz/model/git_sync/git_sync.go:7222.65,7223.29 1 0
github.com/yi-nology/git-sync-service/biz/model/git_sync/git_sync.go:7225.2,7225.14 1 0
github.com/yi-nology/git-sync-service/biz/model/git_sync/git_sync.go:7225.14,7226.45 1 0
github.com/yi-nology/git-sync-service/biz/model/git_sync/git_sync.go:7226.45,7228.24 2 0
github.com/yi-nology/git-sync-service/biz/model/git_sync/git_sync.go:7231.2,7231.46 1 0
github.com/yi-nology/git-sync-service/biz/model/git_sync/git_sync.go:7231.46,7232.27 1 0
github.com/yi-nology/git-sync-service/biz/model/git_sync/git_sync.go:7234.2,7234.46 1 0
github.com/yi-nology/git-sync-service/biz/model/git_sync/git_sync.go:7234.46,7235.27 1 0
github.com/yi-nology/git-sync-service/biz/model/git_sync/git_sync.go:7237.2,7238.1 2 0
github.com/yi-nology/git-sync-service/biz/model/git_sync/git_sync.go:7239.2,7240.1 2 0
github.com/yi-nology/git-sync-service/biz/model/git_sync/git_sync.go:7241.2,7242.1 2 0
github.com/yi-nology/git-sync-service/biz/model/git_sync/git_sync.go:7243.2,7244.1 2 0
github.com/yi-nology/git-sync-service/biz/model/git_sync/git_sync.go:7245.2,7245.80 1 0
github.com/yi-nology/git-sync-service/biz/model/git_sync/git_sync.go:7248.88,7249.70 1 0
github.com/yi-nology/git-sync-service/biz/model/git_sync/git_sync.go:7249.70,7250.28 1 0
github.com/yi-nology/git-sync-service/biz/model/git_sync/git_sync.go:7252.2,7252.43 1 0
github.com/yi-nology/git-sync-service/biz/model/git_sync/git_sync.go:7252.43,7254.3 1 0
github.com/yi-nology/git-sync-service/biz/model/git_sync/git_sync.go:7255.2,7255.45 1 0
github.com/yi-nology/git-sync-service/biz/model/git_sync/git_sync.go:7255.45,7256.26 1 0
github.com/yi-nology/git-sync-service/biz/model/git_sync/git_sync.go:7258.2,7259.1 2 0
github.com/yi-nology/git-sync-service/biz/model/git_sync/git_sync.go:7260.2,7261.1 2 0
github.com/yi-nology/git-sync-service/biz/model/git_sync/git_sync.go:7262.2,7262.81 1 0
github.com/yi-nology/git-sync-service/biz/model/git_sync/git_sync.go:7265.56,7266.14 1 0
github.com/yi-nology/git-sync-service/biz/model/git_sync/git_sync.go:7266.14,7268.3 1 0
github.com/yi-nology/git-sync-service/biz/model/git_sync/git_sync.go:7269.2,7269.61 1 0
github.com/yi-nology/git-sync-service/biz/model/git_sync/git_sync.go:7277.74,7279.2 1 0
github.com/yi-nology/git-sync-service/biz/model/git_sync/git_sync.go:7281.57,7282.2 0 0
github.com/yi-nology/git-sync-service/biz/model/git_sync/git_sync.go:7286.83,7287.23 1 0
github.com/yi-nology/git-sync-service/biz/model/git_sync/git_sync.go:7287.23,7289.3 1 0
github.com/yi-nology/git-sync-service/biz/model/git_sync/git_sync.go:7290.2,7290.18 1 0
github.com/yi-nology/git-sync-service/biz/model/git_sync/git_sync.go:7297.62,7299.2 1 0
github.com/yi-nology/git-sync-service/biz/model/git_sync/git_sync.go:7301.83,7306.50 3 0
github.com/yi-nology/git-sync-service/biz/model/git_sync/git_sync.go:7306.50,7307.28 1 0
github.com/yi-nology/git-sync-service/biz/model/git_sync/git_sync.go:7310.2,7310.6 1 0
github.com/yi-nology/git-sync-service/biz/model/git_sync/git_sync.go:7310.6,7312.17 2 0
github.com/yi-nology/git-sync-service/biz/model/git_sync/git_sync.go:7312.17,7313.28 1 0
github.com/yi-nology/git-sync-service/biz/model/git_sync/git_sync.go:7315.3,7315.33 1 0
github.com/yi-nology/git-sync-service/biz/model/git_sync/git_sync.go:7315.33,7316.9 1 0
github.com/yi-nology/git-sync-service/biz/model/git_sync/git_sync.go:7319.3,7319.18 1 0
github.com/yi-nology/git-sync-service/biz/model/git_sync/git_sync.go:7320.10,7321.36 1 0
github.com/yi-nology/git-sync-service/biz/model/git_sync/git_sync.go:7321.36,7322.46 1 0
github.com/yi-nology/git-sync-service/biz/model/git_sync/git_sync.go:7322.46,7323.25 1 0
github.com/yi-nology/git-sync-service/biz/model/git_sync/git_sync.go:7325.10,7325.56 1 0
github.com/yi-nology/git-sync-service/biz/model/git_sync/git_sync.go:7325.56,7326.24 1 0
github.com/yi-nology/git-sync-service/biz/model/git_sync/git_sync.go:7328.11,7329.49 1 0
github.com/yi-nology/git-sync-service/biz/model/git_sync/git_sync.go:7329.49,7330.24 1 0
github.com/yi-nology/git-sync-service/biz/model/git_sync/git_sync.go:7333.3,7333.45 1 0
github.com/yi-nology/git-sync-service/biz/model/git_sync/git_sync.go:7333.45,7334.26 1 0
github.com/yi-nology/git-sync-service/biz/model/git_sync/git_sync.go:7337.2,7337.45 1 0
github.com/yi-nology/git-sync-service/biz/model/git_sync/git_sync.go:7337.45,7338.26 1 0
github.com/yi-nology/git-sync-service/biz/model/git_sync/git_sync.go:7341.2,7342.1 2 0
github.com/yi-nology/git-sync-service/biz/model/git_sync/git_sync.go:7343.2,7344.1 2 0
github.com/yi-nology/git-sync-service/biz/model/git_sync/git_sync.go:7345.2,7346.1 2 0
github.com/yi-nology/git-sync-service/biz/model/git_sync/git_sync.go:7347.2,7348.1 2 0
github.com/yi-nology/git-sync-service/biz/model/git_sync/git_sync.go:7349.2,7351.1 2 0
github.com/yi-nology/git-sync-service/biz/model/git_sync/git_sync.go:7352.2,7353.1 2 0
github.com/yi-nology/git-sync-service/biz/model/git_sync/git_sync.go:7354.2,7354.79 1 0
github.com/yi-nology/git-sync-service/biz/model/git_sync/git_sync.go:7357.83,7359.43 2 0
github.com/yi-nology/git-sync-service/biz/model/git_sync/git_sync.go:7359.43,7361.3 1 0
github.com/yi-nology/git-sync-service/biz/model/git_sync/git_sync.go:7362.2,7363.12 2 0
github.com/yi-nology/git-sync-service/biz/model/git_sync/git_sync.go:7366.84,7368.67 2 0
github.com/yi-nology/git-sync-service/biz/model/git_sync/git_sync.go:7368.67,7369.29 1 0
github.com/yi-nology/git-sync-service/biz/model/git_sync/git_sync.go:7371.2,7371.14 1 0
github.com/yi-nology/git-sync-service/biz/model/git_sync/git_sync.go:7371.14,7372.45 1 0
github.com/yi-nology/git-sync-service/biz/model/git_sync/git_sync.go:7372.45,7374.24 2 0
github.com/yi-nology/git-sync-service/biz/model/git_sync/git_sync.go:7377.2,7377.46 1 0
github.com/yi-nology/git-sync-service/biz/model/git_sync/git_sync.go:7377.46,7378.27 1 0
github.com/yi-nology/git-sync-service/biz/model/git_sync/git_sync.go:7380.2,7380.46 1 0
github.com/yi-nology/git-sync-service/biz/model/git_sync/git_sync.go:7380.46,7381.27 1 0
github.com/yi-nology/git-sync-service/biz/model/git_sync/git_sync.go:7383.2,7384.1 2 0
github.com/yi-nology/git-sync-service/biz/model/git_sync/git_sync.go:7385.2,7386.1 2 0
github.com/yi-nology/git-sync-service/biz/model/git_sync/git_sync.go:7387.2,7388.1 2 0
github.com/yi-nology/git-sync-service/biz/model/git_sync/git_sync.go:7389.2,7390.1 2 0
github.com/yi-nology/git-sync-service/biz/model/git_sync/git_sync.go:7391.2,7391.80 1 0
github.com/yi-nology/git-sync-service/biz/model/git_sync/git_sync.go:7394.90,7395.22 1 0
github.com/yi-nology/git-sync-service/biz/model/git_sync/git_sync.go:7395.22,7396.75 1 0
github.com/yi-nology/git-sync-service/biz/model/git_sync/git_sync.go:7396.75,7397.29 1 0
github.com/yi-nology/git-sync-service/biz/model/git_sync/git_sync.go:7399.3,7399.48 1 0
github.com/yi-nology/git-sync-service/biz/model/git_sync/git_sync.go:7399.48,7401.4 1 0
github.com/yi-nology/git-sync-service/biz/model/git_sync/git_sync.go:7402.3,7402.46 1 0
github.com/yi-nology/git-sync-service/biz/model/git_sync/git_sync.go:7402.46,7403.27 1 0
github.com/yi-nology/git-sync-service/biz/model/git_sync/git_sync.go:7406.2,7407.1 2 0
github.com/yi-nology/git-sync-service/biz/model/git_sync/git_sync.go:7408.2,7409.1 2 0
github.com/yi-nology/git-sync-service/biz/model/git_sync/git_sync.go:7410.2,7410.81 1 0
github.com/yi-nology/git-sync-service/biz/model/git_sync/git_sync.go:7413.58,7414.14 1 0
github.com/yi-nology/git-sync-service/biz/model/git_sync/git_sync.go:7414.14,7416.3 1 0
github.com/yi-nology/git-sync-service/biz/model/git_sync/git_sync.go:7417.2,7417.63 1 0
github.com/yi-nology/git-sync-service/biz/model/git_sync/git_sync.go:7425.70,7427.2 1 0
github.com/yi-nology/git-sync-service/biz/model/git_sync/git_sync.go:7429.55,7430.2 0 0
github.com/yi-nology/git-sync-service/biz/model/git_sync/git_sync.go:7434.76,7435.19 1 0
github.com/yi-nology/git-sync-service/biz/model/git_sync/git_sync.go:7435.19,7437.3 1 0
github.com/yi-nology/git-sync-service/biz/model/git_sync/git_sync.go:7438.2,7438.14 1 0
github.com/yi-nology/git-sync-service/biz/model/git_sync/git_sync.go:7445.56,7447.2 1 0
github.com/yi-nology/git-sync-service/biz/model/git_sync/git_sync.go:7449.81,7454.50 3 0
github.com/yi-nology/git-sync-service/biz/model/git_sync/git_sync.go:7454.50,7455.28 1 0
github.com/yi-nology/git-sync-service/biz/model/git_sync/git_sync.go:7458.2,7458.6 1 0
github.com/yi-nology/git-sync-service/biz/model/git_sync/git_sync.go:7458.6,7460.17 2 0
github.com/yi-nology/git-sync-service/biz/model/git_sync/git_sync.go:7460.17,7461.28 1 0
github.com/yi-nology/git-sync-service/biz/model/git_sync/git_sync.go:7463.3,7463.33 1 0
github.com/yi-nology/git-sync-service/biz/model/git_sync/git_sync.go:7463.33,7464.9 1 0
github.com/yi-nology/git-sync-service/biz/model/git_sync/git_sync.go:7467.3,7467.18 1 0
github.com/yi-nology/git-sync-service/biz/model/git_sync/git_sync.go:7468.10,7469.36 1 0
github.com/yi-nology/git-sync-service/biz/model/git_sync/git_sync.go:7469.36,7470.46 1 0
github.com/yi-nology/git-sync-service/biz/model/git_sync/git_sync.go:7470.46,7471.25 1 0
github.com/yi-nology/git-sync-service/biz/model/git_sync/git_sync.go:7473.10,7473.56 1 0
github.com/yi-nology/git-sync-service/biz/model/git_sync/git_sync.go:7473.56,7474.24 1 0
github.com/yi-nology/git-sync-service/biz/model/git_sync/git_sync.go:7476.11,7477.49 1 0
github.com/yi-nology/git-sync-service/biz/model/git_sync/git_sync.go:7477.49,7478.24 1 0
github.com/yi-nology/git-sync-service/biz/model/git_sync/git_sync.go:7481.3,7481.45 1 0
github.com/yi-nology/git-sync-service/biz/model/git_sync/git_sync.go:7481.45,7482.26 1 0
github.com/yi-nology/git-sync-service/biz/model/git_sync/git_sync.go:7485.2,7485.45 1 0
github.com/yi-nology/git-sync-service/biz/model/git_sync/git_sync.go:7485.45,7486.26 1 0
github.com/yi-nology/git-sync-service/biz/model/git_sync/git_sync.go:7489.2,7490.1 2 0
github.com/yi-nology/git-sync-service/biz/model/git_sync/git_sync.go:7491.2,7492.1 2 0
github.com/yi-nology/git-sync-service/biz/model/git_sync/git_sync.go:7493.2,7494.1 2 0
github.com/yi-nology/git-sync-service/biz/model/git_sync/git_sync.go:7495.2,7496.1 2 0
github.com/yi-nology/git-sync-service/biz/model/git_sync/git_sync.go:7497.2,7499.1 2 0
github.com/yi-nology/git-sync-service/biz/model/git_sync/git_sync.go:7500.2,7501.1 2 0
github.com/yi-nology/git-sync-service/biz/model/git_sync/git_sync.go:7502.2,7502.79 1 0
github.com/yi-nology/git-sync-service/biz/model/git_sync/git_sync.go:7505.81,7507.43 2 0
github.com/yi-nology/git-sync-service/biz/model/git_sync/git_sync.go:7507.43,7509.3 1 0
github.com/yi-nology/git-sync-service/biz/model/git_sync/git_sync.go:7510.2,7511.12 2 0
github.com/yi-nology/git-sync-service/biz/model/git_sync/git_sync.go:7514.82,7516.65 2 0
github.com/yi-nology/git-sync-service/biz/model/git_sync/git_sync.go:7516.65,7517.29 1 0
github.com/yi-nology/git-sync-service/biz/model/git_sync/git_sync.go:7519.2,7519.14 1 0
github.com/yi-nology/git-sync-service/biz/model/git_sync/git_sync.go:7519.14,7520.45 1 0
github.com/yi-nology/git-sync-service/biz/model/git_sync/git_sync.go:7520.45,7522.24 2 0
github.com/yi-nology/git-sync-service/biz/model/git_sync/git_sync.go:7525.2,7525.46 1 0
github.com/yi-nology/git-sync-service/biz/model/git_sync/git_sync.go:7525.46,7526.27 1 0
github.com/yi-nology/git-sync-service/biz/model/git_sync/git_sync.go:7528.2,7528.46 1 0
github.com/yi-nology/git-sync-service/biz/model/git_sync/git_sync.go:7528.46,7529.27 1 0
github.com/yi-nology/git-sync-service/biz/model/git_sync/git_sync.go:7531.2,7532.1 2 0
github.com/yi-nology/git-sync-service/biz/model/git_sync/git_sync.go:7533.2,7534.1 2 0
github.com/yi-nology/git-sync-service/biz/model/git_sync/git_sync.go:7535.2,7536.1 2 0
github.com/yi-nology/git-sync-service/biz/model/git_sync/git_sync.go:7537.2,7538.1 2 0
github.com/yi-nology/git-sync-service/biz/model/git_sync/git_sync.go:7539.2,7539.80 1 0
github.com/yi-nology/git-sync-service/biz/model/git_sync/git_sync.go:7542.88,7543.70 1 0
github.com/yi-nology/git-sync-service/biz/model/git_sync/git_sync.go:7543.70,7544.28 1 0
github.com/yi-nology/git-sync-service/biz/model/git_sync/git_sync.go:7546.2,7546.43 1 0
github.com/yi-nology/git-sync-service/biz/model/git_sync/git_sync.go:7546.43,7548.3 1 0
github.com/yi-nology/git-sync-service/biz/model/git_sync/git_sync.go:7549.2,7549.45 1 0
github.com/yi-nology/git-sync-service/biz/model/git_sync/git_sync.go:7549.45,7550.26 1 0
github.com/yi-nology/git-sync-service/biz/model/git_sync/git_sync.go:7552.2,7553.1 2 0
github.com/yi-nology/git-sync-service/biz/model/git_sync/git_sync.go:7554.2,7555.1 2 0
github.com/yi-nology/git-sync-service/biz/model/git_sync/git_sync.go:7556.2,7556.81 1 0
github.com/yi-nology/git-sync-service/biz/model/git_sync/git_sync.go:7559.56,7560.14 1 0
github.com/yi-nology/git-sync-service/biz/model/git_sync/git_sync.go:7560.14,7562.3 1 0
github.com/yi-nology/git-sync-service/biz/model/git_sync/git_sync.go:7563.2,7563.61 1 0
github.com/yi-nology/git-sync-service/biz/model/git_sync/git_sync.go:7571.74,7573.2 1 0
github.com/yi-nology/git-sync-service/biz/model/git_sync/git_sync.go:7575.57,7576.2 0 0
github.com/yi-nology/git-sync-service/biz/model/git_sync/git_sync.go:7580.83,7581.23 1 0
github.com/yi-nology/git-sync-service/biz/model/git_sync/git_sync.go:7581.23,7583.3 1 0
github.com/yi-nology/git-sync-service/biz/model/git_sync/git_sync.go:7584.2,7584.18 1 0
github.com/yi-nology/git-sync-service/biz/model/git_sync/git_sync.go:7591.62,7593.2 1 0
github.com/yi-nology/git-sync-service/biz/model/git_sync/git_sync.go:7595.83,7600.50 3 0
github.com/yi-nology/git-sync-service/biz/model/git_sync/git_sync.go:7600.50,7601.28 1 0
github.com/yi-nology/git-sync-service/biz/model/git_sync/git_sync.go:7604.2,7604.6 1 0
github.com/yi-nology/git-sync-service/biz/model/git_sync/git_sync.go:7604.6,7606.17 2 0
github.com/yi-nology/git-sync-service/biz/model/git_sync/git_sync.go:7606.17,7607.28 1 0
github.com/yi-nology/git-sync-service/biz/model/git_sync/git_sync.go:7609.3,7609.33 1 0
github.com/yi-nology/git-sync-service/biz/model/git_sync/git_sync.go:7609.33,7610.9 1 0
github.com/yi-nology/git-sync-service/biz/model/git_sync/git_sync.go:7613.3,7613.18 1 0
github.com/yi-nology/git-sync-service/biz/model/git_sync/git_sync.go:7614.10,7615.36 1 0
github.com/yi-nology/git-sync-service/biz/model/git_sync/git_sync.go:7615.36,7616.46 1 0
github.com/yi-nology/git-sync-service/biz/model/git_sync/git_sync.go:7616.46,7617.25 1 0
github.com/yi-nology/git-sync-service/biz/model/git_sync/git_sync.go:7619.10,7619.56 1 0
github.com/yi-nology/git-sync-service/biz/model/git_sync/git_sync.go:7619.56,7620.24 1 0
github.com/yi-nology/git-sync-service/biz/model/git_sync/git_sync.go:7622.11,7623.49 1 0
github.com/yi-nology/git-sync-service/biz/model/git_sync/git_sync.go:7623.49,7624.24 1 0
github.com/yi-nology/git-sync-service/biz/model/git_sync/git_sync.go:7627.3,7627.45 1 0
github.com/yi-nology/git-sync-service/biz/model/git_sync/git_sync.go:7627.45,7628.26 1 0
github.com/yi-nology/git-sync-service/biz/model/git_sync/git_sync.go:7631.2,7631.45 1 0
github.com/yi-nology/git-sync-service/biz/model/git_sync/git_sync.go:7631.45,7632.26 1 0
github.com/yi-nology/git-sync-service/biz/model/git_sync/git_sync.go:7635.2,7636.1 2 0
github.com/yi-nology/git-sync-service/biz/model/git_sync/git_sync.go:7637.2,7638.1 2 0
github.com/yi-nology/git-sync-service/biz/model/git_sync/git_sync.go:7639.2,7640.1 2 0
github.com/yi-nology/git-sync-service/biz/model/git_sync/git_sync.go:7641.2,7642.1 2 0
github.com/yi-nology/git-sync-service/biz/model/git_sync/git_sync.go:7643.2,7645.1 2 0
github.com/yi-nology/git-sync-service/biz/model/git_sync/git_sync.go:7646.2,7647.1 2 0
github.com/yi-nology/git-sync-service/biz/model/git_sync/git_sync.go:7648.2,7648.79 1 0
github.com/yi-nology/git-sync-service/biz/model/git_sync/git_sync.go:7651.83,7653.43 2 0
github.com/yi-nology/git-sync-service/biz/model/git_sync/git_sync.go:7653.43,7655.3 1 0
github.com/yi-nology/git-sync-service/biz/model/git_sync/git_sync.go:7656.2,7657.12 2 0
github.com/yi-nology/git-sync-service/biz/model/git_sync/git_sync.go:7660.84,7662.67 2 0
github.com/yi-nology/git-sync-service/biz/model/git_sync/git_sync.go:7662.67,7663.29 1 0
github.com/yi-nology/git-sync-service/biz/model/git_sync/git_sync.go:7665.2,7665.14 1 0
github.com/yi-nology/git-sync-service/biz/model/git_sync/git_sync.go:7665.14,7666.45 1 0
github.com/yi-nology/git-sync-service/biz/model/git_sync/git_sync.go:7666.45,7668.24 2 0
github.com/yi-nology/git-sync-service/biz/model/git_sync/git_sync.go:7671.2,7671.46 1 0
github.com/yi-nology/git-sync-service/biz/model/git_sync/git_sync.go:7671.46,7672.27 1 0
github.com/yi-nology/git-sync-service/biz/model/git_sync/git_sync.go:7674.2,7674.46 1 0
github.com/yi-nology/git-sync-service/biz/model/git_sync/git_sync.go:7674.46,7675.27 1 0
github.com/yi-nology/git-sync-service/biz/model/git_sync/git_sync.go:7677.2,7678.1 2 0
github.com/yi-nology/git-sync-service/biz/model/git_sync/git_sync.go:7679.2,7680.1 2 0
github.com/yi-nology/git-sync-service/biz/model/git_sync/git_sync.go:7681.2,7682.1 2 0
github.com/yi-nology/git-sync-service/biz/model/git_sync/git_sync.go:7683.2,7684.1 2 0
github.com/yi-nology/git-sync-service/biz/model/git_sync/git_sync.go:7685.2,7685.80 1 0
github.com/yi-nology/git-sync-service/biz/model/git_sync/git_sync.go:7688.90,7689.22 1 0
github.com/yi-nology/git-sync-service/biz/model/git_sync/git_sync.go:7689.22,7690.75 1 0
github.com/yi-nology/git-sync-service/biz/model/git_sync/git_sync.go:7690.75,7691.29 1 0
github.com/yi-nology/git-sync-service/biz/model/git_sync/git_sync.go:7693.3,7693.48 1 0
github.com/yi-nology/git-sync-service/biz/model/git_sync/git_sync.go:7693.48,7695.4 1 0
github.com/yi-nology/git-sync-service/biz/model/git_sync/git_sync.go:7696.3,7696.46 1 0
github.com/yi-nology/git-sync-service/biz/model/git_sync/git_sync.go:7696.46,7697.27 1 0
github.com/yi-nology/git-sync-service/biz/model/git_sync/git_sync.go:7700.2,7701.1 2 0
github.com/yi-nology/git-sync-service/biz/model/git_sync/git_sync.go:7702.2,7703.1 2 0
github.com/yi-nology/git-sync-service/biz/model/git_sync/git_sync.go:7704.2,7704.81 1 0
github.com/yi-nology/git-sync-service/biz/model/git_sync/git_sync.go:7707.58,7708.14 1 0
github.com/yi-nology/git-sync-service/biz/model/git_sync/git_sync.go:7708.14,7710.3 1 0
github.com/yi-nology/git-sync-service/biz/model/git_sync/git_sync.go:7711.2,7711.63 1 0
github.com/yi-nology/git-sync-service/biz/model/git_sync/git_sync.go:7719.70,7721.2 1 0
github.com/yi-nology/git-sync-service/biz/model/git_sync/git_sync.go:7723.55,7724.2 0 0
github.com/yi-nology/git-sync-service/biz/model/git_sync/git_sync.go:7728.76,7729.19 1 0
github.com/yi-nology/git-sync-service/biz/model/git_sync/git_sync.go:7729.19,7731.3 1 0
github.com/yi-nology/git-sync-service/biz/model/git_sync/git_sync.go:7732.2,7732.14 1 0
github.com/yi-nology/git-sync-service/biz/model/git_sync/git_sync.go:7739.56,7741.2 1 0
github.com/yi-nology/git-sync-service/biz/model/git_sync/git_sync.go:7743.81,7748.50 3 0
github.com/yi-nology/git-sync-service/biz/model/git_sync/git_sync.go:7748.50,7749.28 1 0
github.com/yi-nology/git-sync-service/biz/model/git_sync/git_sync.go:7752.2,7752.6 1 0
github.com/yi-nology/git-sync-service/biz/model/git_sync/git_sync.go:7752.6,7754.17 2 0
github.com/yi-nology/git-sync-service/biz/model/git_sync/git_sync.go:7754.17,7755.28 1 0
github.com/yi-nology/git-sync-service/biz/model/git_sync/git_sync.go:7757.3,7757.33 1 0
github.com/yi-nology/git-sync-service/biz/model/git_sync/git_sync.go:7757.33,7758.9 1 0
github.com/yi-nology/git-sync-service/biz/model/git_sync/git_sync.go:7761.3,7761.18 1 0
github.com/yi-nology/git-sync-service/biz/model/git_sync/git_sync.go:7762.10,7763.36 1 0
github.com/yi-nology/git-sync-service/biz/model/git_sync/git_sync.go:7763.36,7764.46 1 0
github.com/yi-nology/git-sync-service/biz/model/git_sync/git_sync.go:7764.46,7765.25 1 0
github.com/yi-nology/git-sync-service/biz/model/git_sync/git_sync.go:7767.10,7767.56 1 0
github.com/yi-nology/git-sync-service/biz/model/git_sync/git_sync.go:7767.56,7768.24 1 0
github.com/yi-nology/git-sync-service/biz/model/git_sync/git_sync.go:7770.11,7771.49 1 0
github.com/yi-nology/git-sync-service/biz/model/git_sync/git_sync.go:7771.49,7772.24 1 0
github.com/yi-nology/git-sync-service/biz/model/git_sync/git_sync.go:7775.3,7775.45 1 0
github.com/yi-nology/git-sync-service/biz/model/git_sync/git_sync.go:7775.45,7776.26 1 0
github.com/yi-nology/git-sync-service/biz/model/git_sync/git_sync.go:7779.2,7779.45 1 0
github.com/yi-nology/git-sync-service/biz/model/git_sync/git_sync.go:7779.45,7780.26 1 0
github.com/yi-nology/git-sync-service/biz/model/git_sync/git_sync.go:7783.2,7784.1 2 0
github.com/yi-nology/git-sync-service/biz/model/git_sync/git_sync.go:7785.2,7786.1 2 0
github.com/yi-nology/git-sync-service/biz/model/git_sync/git_sync.go:7787.2,7788.1 2 0
github.com/yi-nology/git-sync-service/biz/model/git_sync/git_sync.go:7789.2,7790.1 2 0
github.com/yi-nology/git-sync-service/biz/model/git_sync/git_sync.go:7791.2,7793.1 2 0
github.com/yi-nology/git-sync-service/biz/model/git_sync/git_sync.go:7794.2,7795.1 2 0
github.com/yi-nology/git-sync-service/biz/model/git_sync/git_sync.go:7796.2,7796.79 1 0
github.com/yi-nology/git-sync-service/biz/model/git_sync/git_sync.go:7799.81,7801.43 2 0
github.com/yi-nology/git-sync-service/biz/model/git_sync/git_sync.go:7801.43,7803.3 1 0
github.com/yi-nology/git-sync-service/biz/model/git_sync/git_sync.go:7804.2,7805.12 2 0
github.com/yi-nology/git-sync-service/biz/model/git_sync/git_sync.go:7808.82,7810.65 2 0
github.com/yi-nology/git-sync-service/biz/model/git_sync/git_sync.go:7810.65,7811.29 1 0
github.com/yi-nology/git-sync-service/biz/model/git_sync/git_sync.go:7813.2,7813.14 1 0
github.com/yi-nology/git-sync-service/biz/model/git_sync/git_sync.go:7813.14,7814.45 1 0
github.com/yi-nology/git-sync-service/biz/model/git_sync/git_sync.go:7814.45,7816.24 2 0
github.com/yi-nology/git-sync-service/biz/model/git_sync/git_sync.go:7819.2,7819.46 1 0
github.com/yi-nology/git-sync-service/biz/model/git_sync/git_sync.go:7819.46,7820.27 1 0
github.com/yi-nology/git-sync-service/biz/model/git_sync/git_sync.go:7822.2,7822.46 1 0
github.com/yi-nology/git-sync-service/biz/model/git_sync/git_sync.go:7822.46,7823.27 1 0
github.com/yi-nology/git-sync-service/biz/model/git_sync/git_sync.go:7825.2,7826.1 2 0
github.com/yi-nology/git-sync-service/biz/model/git_sync/git_sync.go:7827.2,7828.1 2 0
github.com/yi-nology/git-sync-service/biz/model/git_sync/git_sync.go:7829.2,7830.1 2 0
github.com/yi-nology/git-sync-service/biz/model/git_sync/git_sync.go:7831.2,7832.1 2 0
github.com/yi-nology/git-sync-service/biz/model/git_sync/git_sync.go:7833.2,7833.80 1 0
github.com/yi-nology/git-sync-service/biz/model/git_sync/git_sync.go:7836.88,7837.70 1 0
github.com/yi-nology/git-sync-service/biz/model/git_sync/git_sync.go:7837.70,7838.28 1 0
github.com/yi-nology/git-sync-service/biz/model/git_sync/git_sync.go:7840.2,7840.43 1 0
github.com/yi-nology/git-sync-service/biz/model/git_sync/git_sync.go:7840.43,7842.3 1 0
github.com/yi-nology/git-sync-service/biz/model/git_sync/git_sync.go:7843.2,7843.45 1 0
github.com/yi-nology/git-sync-service/biz/model/git_sync/git_sync.go:7843.45,7844.26 1 0
github.com/yi-nology/git-sync-service/biz/model/git_sync/git_sync.go:7846.2,7847.1 2 0
github.com/yi-nology/git-sync-service/biz/model/git_sync/git_sync.go:7848.2,7849.1 2 0
github.com/yi-nology/git-sync-service/biz/model/git_sync/git_sync.go:7850.2,7850.81 1 0
github.com/yi-nology/git-sync-service/biz/model/git_sync/git_sync.go:7853.56,7854.14 1 0
github.com/yi-nology/git-sync-service/biz/model/git_sync/git_sync.go:7854.14,7856.3 1 0
github.com/yi-nology/git-sync-service/biz/model/git_sync/git_sync.go:7857.2,7857.61 1 0
github.com/yi-nology/git-sync-service/biz/model/git_sync/git_sync.go:7865.74,7867.2 1 0
github.com/yi-nology/git-sync-service/biz/model/git_sync/git_sync.go:7869.57,7870.2 0 0
github.com/yi-nology/git-sync-service/biz/model/git_sync/git_sync.go:7874.83,7875.23 1 0
github.com/yi-nology/git-sync-service/biz/model/git_sync/git_sync.go:7875.23,7877.3 1 0
github.com/yi-nology/git-sync-service/biz/model/git_sync/git_sync.go:7878.2,7878.18 1 0
github.com/yi-nology/git-sync-service/biz/model/git_sync/git_sync.go:7885.62,7887.2 1 0
github.com/yi-nology/git-sync-service/biz/model/git_sync/git_sync.go:7889.83,7894.50 3 0
github.com/yi-nology/git-sync-service/biz/model/git_sync/git_sync.go:7894.50,7895.28 1 0
github.com/yi-nology/git-sync-service/biz/model/git_sync/git_sync.go:7898.2,7898.6 1 0
github.com/yi-nology/git-sync-service/biz/model/git_sync/git_sync.go:7898.6,7900.17 2 0
github.com/yi-nology/git-sync-service/biz/model/git_sync/git_sync.go:7900.17,7901.28 1 0
github.com/yi-nology/git-sync-service/biz/model/git_sync/git_sync.go:7903.3,7903.33 1 0
github.com/yi-nology/git-sync-service/biz/model/git_sync/git_sync.go:7903.33,7904.9 1 0
github.com/yi-nology/git-sync-service/biz/model/git_sync/git_sync.go:7907.3,7907.18 1 0
github.com/yi-nology/git-sync-service/biz/model/git_sync/git_sync.go:7908.10,7909.36 1 0
github.com/yi-nology/git-sync-service/biz/model/git_sync/git_sync.go:7909.36,7910.46 1 0
github.com/yi-nology/git-sync-service/biz/model/git_sync/git_sync.go:7910.46,7911.25 1 0
github.com/yi-nology/git-sync-service/biz/model/git_sync/git_sync.go:7913.10,7913.56 1 0
github.com/yi-nology/git-sync-service/biz/model/git_sync/git_sync.go:7913.56,7914.24 1 0
github.com/yi-nology/git-sync-service/biz/model/git_sync/git_sync.go:7916.11,7917.49 1 0
github.com/yi-nology/git-sync-service/biz/model/git_sync/git_sync.go:7917.49,7918.24 1 0
github.com/yi-nology/git-sync-service/biz/model/git_sync/git_sync.go:7921.3,7921.45 1 0
github.com/yi-nology/git-sync-service/biz/model/git_sync/git_sync.go:7921.45,7922.26 1 0
github.com/yi-nology/git-sync-service/biz/model/git_sync/git_sync.go:7925.2,7925.45 1 0
github.com/yi-nology/git-sync-service/biz/model/git_sync/git_sync.go:7925.45,7926.26 1 0
github.com/yi-nology/git-sync-service/biz/model/git_sync/git_sync.go:7929.2,7930.1 2 0
github.com/yi-nology/git-sync-service/biz/model/git_sync/git_sync.go:7931.2,7932.1 2 0
github.com/yi-nology/git-sync-service/biz/model/git_sync/git_sync.go:7933.2,7934.1 2 0
github.com/yi-nology/git-sync-service/biz/model/git_sync/git_sync.go:7935.2,7936.1 2 0
github.com/yi-nology/git-sync-service/biz/model/git_sync/git_sync.go:7937.2,7939.1 2 0
github.com/yi-nology/git-sync-service/biz/model/git_sync/git_sync.go:7940.2,7941.1 2 0
github.com/yi-nology/git-sync-service/biz/model/git_sync/git_sync.go:7942.2,7942.79 1 0
github.com/yi-nology/git-sync-service/biz/model/git_sync/git_sync.go:7945.83,7947.43 2 0
github.com/yi-nology/git-sync-service/biz/model/git_sync/git_sync.go:7947.43,7949.3 1 0
github.com/yi-nology/git-sync-service/biz/model/git_sync/git_sync.go:7950.2,7951.12 2 0
github.com/yi-nology/git-sync-service/biz/model/git_sync/git_sync.go:7954.84,7956.67 2 0
github.com/yi-nology/git-sync-service/biz/model/git_sync/git_sync.go:7956.67,7957.29 1 0
github.com/yi-nology/git-sync-service/biz/model/git_sync/git_sync.go:7959.2,7959.14 1 0
github.com/yi-nology/git-sync-service/biz/model/git_sync/git_sync.go:7959.14,7960.45 1 0
github.com/yi-nology/git-sync-service/biz/model/git_sync/git_sync.go:7960.45,7962.24 2 0
github.com/yi-nology/git-sync-service/biz/model/git_sync/git_sync.go:7965.2,7965.46 1 0
github.com/yi-nology/git-sync-service/biz/model/git_sync/git_sync.go:7965.46,7966.27 1 0
github.com/yi-nology/git-sync-service/biz/model/git_sync/git_sync.go:7968.2,7968.46 1 0
github.com/yi-nology/git-sync-service/biz/model/git_sync/git_sync.go:7968.46,7969.27 1 0
github.com/yi-nology/git-sync-service/biz/model/git_sync/git_sync.go:7971.2,7972.1 2 0
github.com/yi-nology/git-sync-service/biz/model/git_sync/git_sync.go:7973.2,7974.1 2 0
github.com/yi-nology/git-sync-service/biz/model/git_sync/git_sync.go:7975.2,7976.1 2 0
github.com/yi-nology/git-sync-service/biz/model/git_sync/git_sync.go:7977.2,7978.1 2 0
github.com/yi-nology/git-sync-service/biz/model/git_sync/git_sync.go:7979.2,7979.80 1 0
github.com/yi-nology/git-sync-service/biz/model/git_sync/git_sync.go:7982.90,7983.22 1 0
github.com/yi-nology/git-sync-service/biz/model/git_sync/git_sync.go:7983.22,7984.75 1 0
github.com/yi-nology/git-sync-service/biz/model/git_sync/git_sync.go:7984.75,7985.29 1 0
github.com/yi-nology/git-sync-service/biz/model/git_sync/git_sync.go:7987.3,7987.48 1 0
github.com/yi-nology/git-sync-service/biz/model/git_sync/git_sync.go:7987.48,7989.4 1 0
github.com/yi-nology/git-sync-service/biz/model/git_sync/git_sync.go:7990.3,7990.46 1 0
github.com/yi-nology/git-sync-service/biz/model/git_sync/git_sync.go:7990.46,7991.27 1 0
github.com/yi-nology/git-sync-service/biz/model/git_sync/git_sync.go:7994.2,7995.1 2 0
github.com/yi-nology/git-sync-service/biz/model/git_sync/git_sync.go:7996.2,7997.1 2 0
github.com/yi-nology/git-sync-service/biz/model/git_sync/git_sync.go:7998.2,7998.81 1 0
github.com/yi-nology/git-sync-service/biz/model/git_sync/git_sync.go:8001.58,8002.14 1 0
github.com/yi-nology/git-sync-service/biz/model/git_sync/git_sync.go:8002.14,8004.3 1 0
github.com/yi-nology/git-sync-service/biz/model/git_sync/git_sync.go:8005.2,8005.63 1 0
github.com/yi-nology/git-sync-service/sync/service.go:12.48,14.2 1 0
github.com/yi-nology/git-sync-service/sync/service.go:16.47,18.2 1 0
github.com/yi-nology/git-sync-service/internal/converter/repo.go:8.52,9.14 1 0
github.com/yi-nology/git-sync-service/internal/converter/repo.go:9.14,11.3 1 0
github.com/yi-nology/git-sync-service/internal/converter/repo.go:12.2,24.3 1 0
github.com/yi-nology/git-sync-service/internal/converter/repo.go:27.64,29.26 2 0
github.com/yi-nology/git-sync-service/internal/converter/repo.go:29.26,31.3 1 0
github.com/yi-nology/git-sync-service/internal/converter/repo.go:32.2,32.15 1 0
github.com/yi-nology/git-sync-service/internal/converter/task.go:8.60,9.14 1 0
github.com/yi-nology/git-sync-service/internal/converter/task.go:9.14,11.3 1 0
github.com/yi-nology/git-sync-service/internal/converter/task.go:12.2,13.24 2 0
github.com/yi-nology/git-sync-service/internal/converter/task.go:13.24,15.3 1 0
github.com/yi-nology/git-sync-service/internal/converter/task.go:16.2,25.3 1 0
github.com/yi-nology/git-sync-service/internal/converter/task.go:28.72,30.26 2 0
github.com/yi-nology/git-sync-service/internal/converter/task.go:30.26,32.3 1 0
github.com/yi-nology/git-sync-service/internal/converter/task.go:33.2,33.15 1 0
github.com/yi-nology/git-sync-service/internal/converter/task.go:36.61,37.14 1 0
github.com/yi-nology/git-sync-service/internal/converter/task.go:37.14,39.3 1 0
github.com/yi-nology/git-sync-service/internal/converter/task.go:40.2,41.22 2 0
github.com/yi-nology/git-sync-service/internal/converter/task.go:41.22,43.3 1 0
github.com/yi-nology/git-sync-service/internal/converter/task.go:44.2,51.29 2 0
github.com/yi-nology/git-sync-service/internal/converter/task.go:51.29,54.3 2 0
github.com/yi-nology/git-sync-service/internal/converter/task.go:55.2,55.22 1 0
github.com/yi-nology/git-sync-service/internal/converter/task.go:55.22,57.26 2 0
github.com/yi-nology/git-sync-service/internal/converter/task.go:57.26,59.4 1 0
github.com/yi-nology/git-sync-service/internal/converter/task.go:60.3,60.44 1 0
github.com/yi-nology/git-sync-service/internal/converter/task.go:62.2,62.13 1 0
github.com/yi-nology/git-sync-service/internal/converter/task.go:65.72,67.25 2 0
github.com/yi-nology/git-sync-service/internal/converter/task.go:67.25,69.3 1 0
github.com/yi-nology/git-sync-service/internal/converter/task.go:70.2,70.15 1 0
github.com/yi-nology/git-sync-service/internal/converter/task.go:73.73,74.14 1 0
github.com/yi-nology/git-sync-service/internal/converter/task.go:74.14,76.3 1 0
github.com/yi-nology/git-sync-service/internal/converter/task.go:77.2,87.22 2 0
github.com/yi-nology/git-sync-service/internal/converter/task.go:87.22,89.3 1 0
github.com/yi-nology/git-sync-service/internal/converter/task.go:90.2,90.13 1 0
github.com/yi-nology/git-sync-service/internal/converter/task.go:93.85,95.26 2 0
github.com/yi-nology/git-sync-service/internal/converter/task.go:95.26,97.3 1 0
github.com/yi-nology/git-sync-service/internal/converter/task.go:98.2,98.15 1 0
github.com/yi-nology/git-sync-service/internal/converter/task.go:101.52,102.19 1 0
github.com/yi-nology/git-sync-service/internal/converter/task.go:102.19,104.3 1 0
github.com/yi-nology/git-sync-service/internal/converter/task.go:105.2,105.20 1 0
github.com/yi-nology/git-sync-service/internal/converter/task.go:105.20,107.3 1 0
github.com/yi-nology/git-sync-service/internal/converter/task.go:108.2,108.15 1 0
github.com/yi-nology/git-sync-service/internal/converter/task.go:108.15,110.3 1 0
github.com/yi-nology/git-sync-service/internal/converter/task.go:111.2,111.50 1 0
github.com/yi-nology/git-sync-service/internal/converter/webhook.go:10.69,11.14 1 0
github.com/yi-nology/git-sync-service/internal/converter/webhook.go:11.14,13.3 1 0
github.com/yi-nology/git-sync-service/internal/converter/webhook.go:14.2,20.3 1 0
github.com/yi-nology/git-sync-service/internal/converter/webhook.go:23.81,25.26 2 0
github.com/yi-nology/git-sync-service/internal/converter/webhook.go:25.26,27.3 1 0
github.com/yi-nology/git-sync-service/internal/converter/webhook.go:28.2,28.15 1 0
github.com/yi-nology/git-sync-service/internal/converter/webhook.go:31.72,32.14 1 0
github.com/yi-nology/git-sync-service/internal/converter/webhook.go:32.14,34.3 1 0
github.com/yi-nology/git-sync-service/internal/converter/webhook.go:35.2,36.26 2 0
github.com/yi-nology/git-sync-service/internal/converter/webhook.go:36.26,38.3 1 0
github.com/yi-nology/git-sync-service/internal/converter/webhook.go:39.2,45.3 1 0
github.com/yi-nology/git-sync-service/internal/converter/webhook.go:48.85,50.27 2 0
github.com/yi-nology/git-sync-service/internal/converter/webhook.go:50.27,52.3 1 0
github.com/yi-nology/git-sync-service/internal/converter/webhook.go:53.2,53.15 1 0
github.com/yi-nology/git-sync-service/internal/pkg/response/response.go:19.67,24.2 1 0
github.com/yi-nology/git-sync-service/internal/pkg/response/response.go:26.56,28.2 1 0
github.com/yi-nology/git-sync-service/internal/pkg/response/response.go:30.59,32.2 1 0
github.com/yi-nology/git-sync-service/internal/pkg/response/response.go:34.54,36.2 1 0
github.com/yi-nology/git-sync-service/internal/pkg/response/response.go:38.47,44.2 1 0
github.com/yi-nology/git-sync-service/internal/pkg/response/response.go:46.47,52.2 1 0
github.com/yi-nology/git-sync-service/internal/pkg/response/response.go:54.39,56.2 1 0
github.com/yi-nology/git-sync-service/biz/handler/git_sync/health.go:11.62,15.27 3 0
github.com/yi-nology/git-sync-service/biz/handler/git_sync/health.go:15.27,17.86 1 0
github.com/yi-nology/git-sync-service/biz/handler/git_sync/health.go:17.86,19.9 2 0
github.com/yi-nology/git-sync-service/biz/handler/git_sync/health.go:23.2,25.4 1 0
github.com/yi-nology/git-sync-service/biz/handler/git_sync/init.go:15.56,17.2 1 0
github.com/yi-nology/git-sync-service/biz/handler/git_sync/init.go:19.41,20.17 1 0
github.com/yi-nology/git-sync-service/biz/handler/git_sync/init.go:20.17,21.22 1 0
github.com/yi-nology/git-sync-service/biz/handler/git_sync/init.go:21.22,23.4 1 0
github.com/yi-nology/git-sync-service/biz/handler/git_sync/init.go:25.2,25.16 1 0
github.com/yi-nology/git-sync-service/biz/handler/git_sync/repo_service.go:17.60,19.48 2 0
github.com/yi-nology/git-sync-service/biz/handler/git_sync/repo_service.go:19.48,22.3 2 0
github.com/yi-nology/git-sync-service/biz/handler/git_sync/repo_service.go:24.2,26.16 3 0
github.com/yi-nology/git-sync-service/biz/handler/git_sync/repo_service.go:26.16,29.3 2 0
github.com/yi-nology/git-sync-service/biz/handler/git_sync/repo_service.go:31.2,34.4 1 0
github.com/yi-nology/git-sync-service/biz/handler/git_sync/repo_service.go:37.58,39.48 2 0
github.com/yi-nology/git-sync-service/biz/handler/git_sync/repo_service.go:39.48,42.3 2 0
github.com/yi-nology/git-sync-service/biz/handler/git_sync/repo_service.go:43.2,43.19 1 0
github.com/yi-nology/git-sync-service/biz/handler/git_sync/repo_service.go:43.19,46.3 2 0
github.com/yi-nology/git-sync-service/biz/handler/git_sync/repo_service.go:48.2,49.16 2 0
github.com/yi-nology/git-sync-service/biz/handler/git_sync/repo_service.go:49.16,52.3 2 0
github.com/yi-nology/git-sync-service/biz/handler/git_sync/repo_service.go:53.2,53.14 1 0
github.com/yi-nology/git-sync-service/biz/handler/git_sync/repo_service.go:53.14,56.3 2 0
github.com/yi-nology/git-sync-service/biz/handler/git_sync/repo_service.go:57.2,57.71 1 0
github.com/yi-nology/git-sync-service/biz/handler/git_sync/repo_service.go:60.61,62.48 2 0
github.com/yi-nology/git-sync-service/biz/handler/git_sync/repo_service.go:62.48,65.3 2 0
github.com/yi-nology/git-sync-service/biz/handler/git_sync/repo_service.go:66.2,66.43 1 0
github.com/yi-nology/git-sync-service/biz/handler/git_sync/repo_service.go:66.43,69.3 2 0
github.com/yi-nology/git-sync-service/biz/handler/git_sync/repo_service.go:71.2,74.16 2 0
github.com/yi-nology/git-sync-service/biz/handler/git_sync/repo_service.go:74.16,75.34 1 0
github.com/yi-nology/git-sync-service/biz/handler/git_sync/repo_service.go:75.34,78.4 2 0
github.com/yi-nology/git-sync-service/biz/handler/git_sync/repo_service.go:79.3,80.9 2 0
github.com/yi-nology/git-sync-service/biz/handler/git_sync/repo_service.go:82.2,82.74 1 0
github.com/yi-nology/git-sync-service/biz/handler/git_sync/repo_service.go:85.61,87.48 2 0
github.com/yi-nology/git-sync-service/biz/handler/git_sync/repo_service.go:87.48,90.3 2 0
github.com/yi-nology/git-sync-service/biz/handler/git_sync/repo_service.go:91.2,91.19 1 0
github.com/yi-nology/git-sync-service/biz/handler/git_sync/repo_service.go:91.19,94.3 2 0
github.com/yi-nology/git-sync-service/biz/handler/git_sync/repo_service.go:96.2,99.16 2 0
github.com/yi-nology/git-sync-service/biz/handler/git_sync/repo_service.go:99.16,100.46 1 0
github.com/yi-nology/git-sync-service/biz/handler/git_sync/repo_service.go:100.46,103.4 2 0
github.com/yi-nology/git-sync-service/biz/handler/git_sync/repo_service.go:104.3,105.9 2 0
github.com/yi-nology/git-sync-service/biz/handler/git_sync/repo_service.go:107.2,107.74 1 0
github.com/yi-nology/git-sync-service/biz/handler/git_sync/repo_service.go:110.61,112.48 2 0
github.com/yi-nology/git-sync-service/biz/handler/git_sync/repo_service.go:112.48,115.3 2 0
github.com/yi-nology/git-sync-service/biz/handler/git_sync/repo_service.go:116.2,116.19 1 0
github.com/yi-nology/git-sync-service/biz/handler/git_sync/repo_service.go:116.19,119.3 2 0
github.com/yi-nology/git-sync-service/biz/handler/git_sync/repo_service.go:121.2,121.66 1 0
github.com/yi-nology/git-sync-service/biz/handler/git_sync/repo_service.go:121.66,124.3 2 0
github.com/yi-nology/git-sync-service/biz/handler/git_sync/repo_service.go:125.2,125.23 1 0
github.com/yi-nology/git-sync-service/biz/handler/git_sync/repo_service.go:128.65,130.48 2 0
github.com/yi-nology/git-sync-service/biz/handler/git_sync/repo_service.go:130.48,133.3 2 0
github.com/yi-nology/git-sync-service/biz/handler/git_sync/repo_service.go:134.2,134.19 1 0
github.com/yi-nology/git-sync-service/biz/handler/git_sync/repo_service.go:134.19,137.3 2 0
github.com/yi-nology/git-sync-service/biz/handler/git_sync/repo_service.go:139.2,140.16 2 0
github.com/yi-nology/git-sync-service/biz/handler/git_sync/repo_service.go:140.16,143.3 2 0
github.com/yi-nology/git-sync-service/biz/handler/git_sync/repo_service.go:144.2,144.97 1 0
github.com/yi-nology/git-sync-service/biz/handler/git_sync/repo_service.go:147.63,149.48 2 0
github.com/yi-nology/git-sync-service/biz/handler/git_sync/repo_service.go:149.48,152.3 2 0
github.com/yi-nology/git-sync-service/biz/handler/git_sync/repo_service.go:153.2,153.19 1 0
github.com/yi-nology/git-sync-service/biz/handler/git_sync/repo_service.go:153.19,156.3 2 0
github.com/yi-nology/git-sync-service/biz/handler/git_sync/repo_service.go:158.2,159.16 2 0
github.com/yi-nology/git-sync-service/biz/handler/git_sync/repo_service.go:159.16,162.3 2 0
github.com/yi-nology/git-sync-service/biz/handler/git_sync/repo_service.go:163.2,163.65 1 0
github.com/yi-nology/git-sync-service/biz/handler/git_sync/sync_task_service.go:17.60,19.48 2 0
github.com/yi-nology/git-sync-service/biz/handler/git_sync/sync_task_service.go:19.48,22.3 2 0
github.com/yi-nology/git-sync-service/biz/handler/git_sync/sync_task_service.go:24.2,26.16 3 0
github.com/yi-nology/git-sync-service/biz/handler/git_sync/sync_task_service.go:26.16,29.3 2 0
github.com/yi-nology/git-sync-service/biz/handler/git_sync/sync_task_service.go:31.2,34.4 1 0
github.com/yi-nology/git-sync-service/biz/handler/git_sync/sync_task_service.go:37.58,39.48 2 0
github.com/yi-nology/git-sync-service/biz/handler/git_sync/sync_task_service.go:39.48,42.3 2 0
github.com/yi-nology/git-sync-service/biz/handler/git_sync/sync_task_service.go:43.2,43.19 1 0
github.com/yi-nology/git-sync-service/biz/handler/git_sync/sync_task_service.go:43.19,46.3 2 0
github.com/yi-nology/git-sync-service/biz/handler/git_sync/sync_task_service.go:48.2,49.16 2 0
github.com/yi-nology/git-sync-service/biz/handler/git_sync/sync_task_service.go:49.16,52.3 2 0
github.com/yi-nology/git-sync-service/biz/handler/git_sync/sync_task_service.go:53.2,53.14 1 0
github.com/yi-nology/git-sync-service/biz/handler/git_sync/sync_task_service.go:53.14,56.3 2 0
github.com/yi-nology/git-sync-service/biz/handler/git_sync/sync_task_service.go:57.2,57.76 1 0
github.com/yi-nology/git-sync-service/biz/handler/git_sync/sync_task_service.go:60.61,62.48 2 0
github.com/yi-nology/git-sync-service/biz/handler/git_sync/sync_task_service.go:62.48,65.3 2 0
github.com/yi-nology/git-sync-service/biz/handler/git_sync/sync_task_service.go:66.2,66.74 1 0
github.com/yi-nology/git-sync-service/biz/handler/git_sync/sync_task_service.go:66.74,69.3 2 0
github.com/yi-nology/git-sync-service/biz/handler/git_sync/sync_task_service.go:71.2,78.16 2 0
github.com/yi-nology/git-sync-service/biz/handler/git_sync/sync_task_service.go:78.16,81.3 2 0
github.com/yi-nology/git-sync-service/biz/handler/git_sync/sync_task_service.go:82.2,82.79 1 0
github.com/yi-nology/git-sync-service/biz/handler/git_sync/sync_task_service.go:85.61,87.48 2 0
github.com/yi-nology/git-sync-service/biz/handler/git_sync/sync_task_service.go:87.48,90.3 2 0
github.com/yi-nology/git-sync-service/biz/handler/git_sync/sync_task_service.go:91.2,91.19 1 0
github.com/yi-nology/git-sync-service/biz/handler/git_sync/sync_task_service.go:91.19,94.3 2 0
github.com/yi-nology/git-sync-service/biz/handler/git_sync/sync_task_service.go:96.2,102.16 2 0
github.com/yi-nology/git-sync-service/biz/handler/git_sync/sync_task_service.go:102.16,103.46 1 0
github.com/yi-nology/git-sync-service/biz/handler/git_sync/sync_task_service.go:103.46,106.4 2 0
github.com/yi-nology/git-sync-service/biz/handler/git_sync/sync_task_service.go:107.3,108.9 2 0
github.com/yi-nology/git-sync-service/biz/handler/git_sync/sync_task_service.go:110.2,110.79 1 0
github.com/yi-nology/git-sync-service/biz/handler/git_sync/sync_task_service.go:113.61,115.48 2 0
github.com/yi-nology/git-sync-service/biz/handler/git_sync/sync_task_service.go:115.48,118.3 2 0
github.com/yi-nology/git-sync-service/biz/handler/git_sync/sync_task_service.go:119.2,119.19 1 0
github.com/yi-nology/git-sync-service/biz/handler/git_sync/sync_task_service.go:119.19,122.3 2 0
github.com/yi-nology/git-sync-service/biz/handler/git_sync/sync_task_service.go:123.2,123.66 1 0
github.com/yi-nology/git-sync-service/biz/handler/git_sync/sync_task_service.go:123.66,126.3 2 0
github.com/yi-nology/git-sync-service/biz/handler/git_sync/sync_task_service.go:127.2,127.23 1 0
github.com/yi-nology/git-sync-service/biz/handler/git_sync/sync_task_service.go:130.58,132.48 2 0
github.com/yi-nology/git-sync-service/biz/handler/git_sync/sync_task_service.go:132.48,135.3 2 0
github.com/yi-nology/git-sync-service/biz/handler/git_sync/sync_task_service.go:136.2,136.19 1 0
github.com/yi-nology/git-sync-service/biz/handler/git_sync/sync_task_service.go:136.19,139.3 2 0
github.com/yi-nology/git-sync-service/biz/handler/git_sync/sync_task_service.go:140.2,140.63 1 0
github.com/yi-nology/git-sync-service/biz/handler/git_sync/sync_task_service.go:140.63,143.3 2 0
github.com/yi-nology/git-sync-service/biz/handler/git_sync/sync_task_service.go:144.2,144.85 1 0
github.com/yi-nology/git-sync-service/biz/handler/git_sync/sync_task_service.go:147.62,149.48 2 0
github.com/yi-nology/git-sync-service/biz/handler/git_sync/sync_task_service.go:149.48,152.3 2 0
github.com/yi-nology/git-sync-service/biz/handler/git_sync/sync_task_service.go:153.2,153.56 1 0
github.com/yi-nology/git-sync-service/biz/handler/git_sync/sync_task_service.go:153.56,156.3 2 0
github.com/yi-nology/git-sync-service/biz/handler/git_sync/sync_task_service.go:158.2,162.16 2 0
github.com/yi-nology/git-sync-service/biz/handler/git_sync/sync_task_service.go:162.16,165.3 2 0
github.com/yi-nology/git-sync-service/biz/handler/git_sync/sync_task_service.go:166.2,170.4 1 0
github.com/yi-nology/git-sync-service/biz/handler/git_sync/sync_task_service.go:173.62,175.48 2 0
github.com/yi-nology/git-sync-service/biz/handler/git_sync/sync_task_service.go:175.48,178.3 2 0
github.com/yi-nology/git-sync-service/biz/handler/git_sync/sync_task_service.go:179.2,179.23 1 0
github.com/yi-nology/git-sync-service/biz/handler/git_sync/sync_task_service.go:179.23,182.3 2 0
github.com/yi-nology/git-sync-service/biz/handler/git_sync/sync_task_service.go:184.2,185.16 2 0
github.com/yi-nology/git-sync-service/biz/handler/git_sync/sync_task_service.go:185.16,187.3 1 0
github.com/yi-nology/git-sync-service/biz/handler/git_sync/sync_task_service.go:188.2,189.16 2 0
github.com/yi-nology/git-sync-service/biz/handler/git_sync/sync_task_service.go:189.16,191.3 1 0
github.com/yi-nology/git-sync-service/biz/handler/git_sync/sync_task_service.go:192.2,193.16 2 0
github.com/yi-nology/git-sync-service/biz/handler/git_sync/sync_task_service.go:193.16,196.3 2 0
github.com/yi-nology/git-sync-service/biz/handler/git_sync/sync_task_service.go:198.2,198.90 1 0
github.com/yi-nology/git-sync-service/biz/handler/git_sync/webhook_receive.go:27.53,34.2 1 11
github.com/yi-nology/git-sync-service/biz/handler/git_sync/webhook_receive.go:37.37,44.30 6 1329
github.com/yi-nology/git-sync-service/biz/handler/git_sync/webhook_receive.go:44.30,46.3 1 11
github.com/yi-nology/git-sync-service/biz/handler/git_sync/webhook_receive.go:47.2,49.20 2 1329
github.com/yi-nology/git-sync-service/biz/handler/git_sync/webhook_receive.go:49.20,52.3 2 1171
github.com/yi-nology/git-sync-service/biz/handler/git_sync/webhook_receive.go:53.2,53.14 1 158
github.com/yi-nology/git-sync-service/biz/handler/git_sync/webhook_receive.go:63.43,65.30 2 5
github.com/yi-nology/git-sync-service/biz/handler/git_sync/webhook_receive.go:65.30,68.3 2 5
github.com/yi-nology/git-sync-service/biz/handler/git_sync/webhook_receive.go:69.2,74.30 4 0
github.com/yi-nology/git-sync-service/biz/handler/git_sync/webhook_receive.go:74.30,76.3 1 0
github.com/yi-nology/git-sync-service/biz/handler/git_sync/webhook_receive.go:77.2,78.20 2 0
github.com/yi-nology/git-sync-service/biz/handler/git_sync/webhook_receive.go:78.20,80.3 1 0
github.com/yi-nology/git-sync-service/biz/handler/git_sync/webhook_receive.go:81.2,83.27 3 0
github.com/yi-nology/git-sync-service/biz/handler/git_sync/webhook_receive.go:87.45,92.2 4 4
github.com/yi-nology/git-sync-service/biz/handler/git_sync/webhook_receive.go:95.32,100.2 4 4
github.com/yi-nology/git-sync-service/biz/handler/git_sync/webhook_receive.go:104.44,105.58 1 4
github.com/yi-nology/git-sync-service/biz/handler/git_sync/webhook_receive.go:105.58,106.39 1 5
github.com/yi-nology/git-sync-service/biz/handler/git_sync/webhook_receive.go:106.39,110.4 3 3
github.com/yi-nology/git-sync-service/biz/handler/git_sync/webhook_receive.go:111.3,111.14 1 2
github.com/yi-nology/git-sync-service/biz/handler/git_sync/webhook_receive.go:115.65,117.19 2 0
github.com/yi-nology/git-sync-service/biz/handler/git_sync/webhook_receive.go:117.19,120.3 2 0
github.com/yi-nology/git-sync-service/biz/handler/git_sync/webhook_receive.go:123.2,124.84 2 0
github.com/yi-nology/git-sync-service/biz/handler/git_sync/webhook_receive.go:124.84,126.3 1 0
github.com/yi-nology/git-sync-service/biz/handler/git_sync/webhook_receive.go:128.2,129.36 2 0
github.com/yi-nology/git-sync-service/biz/handler/git_sync/webhook_receive.go:129.36,132.3 2 0
github.com/yi-nology/git-sync-service/biz/handler/git_sync/webhook_receive.go:134.2,135.46 2 0
github.com/yi-nology/git-sync-service/biz/handler/git_sync/webhook_receive.go:135.46,137.3 1 0
github.com/yi-nology/git-sync-service/biz/handler/git_sync/webhook_receive.go:139.2,144.16 2 0
github.com/yi-nology/git-sync-service/biz/handler/git_sync/webhook_receive.go:144.16,147.3 2 0
github.com/yi-nology/git-sync-service/biz/handler/git_sync/webhook_receive.go:149.2,149.28 1 0
github.com/yi-nology/git-sync-service/biz/handler/git_sync/webhook_receive.go:149.28,151.3 1 0
github.com/yi-nology/git-sync-service/biz/handler/git_sync/webhook_receive.go:152.2,155.16 3 0
github.com/yi-nology/git-sync-service/biz/handler/git_sync/webhook_receive.go:155.16,158.3 2 0
github.com/yi-nology/git-sync-service/biz/handler/git_sync/webhook_receive.go:160.2,162.4 1 0
github.com/yi-nology/git-sync-service/biz/handler/git_sync/webhook_service.go:17.60,19.48 2 0
github.com/yi-nology/git-sync-service/biz/handler/git_sync/webhook_service.go:19.48,22.3 2 0
github.com/yi-nology/git-sync-service/biz/handler/git_sync/webhook_service.go:23.2,23.23 1 0
github.com/yi-nology/git-sync-service/biz/handler/git_sync/webhook_service.go:23.23,26.3 2 0
github.com/yi-nology/git-sync-service/biz/handler/git_sync/webhook_service.go:28.2,29.16 2 0
github.com/yi-nology/git-sync-service/biz/handler/git_sync/webhook_service.go:29.16,32.3 2 0
github.com/yi-nology/git-sync-service/biz/handler/git_sync/webhook_service.go:33.2,33.84 1 0
github.com/yi-nology/git-sync-service/biz/handler/git_sync/webhook_service.go:36.58,38.48 2 0
github.com/yi-nology/git-sync-service/biz/handler/git_sync/webhook_service.go:38.48,41.3 2 0
github.com/yi-nology/git-sync-service/biz/handler/git_sync/webhook_service.go:42.2,42.17 1 0
github.com/yi-nology/git-sync-service/biz/handler/git_sync/webhook_service.go:42.17,45.3 2 0
github.com/yi-nology/git-sync-service/biz/handler/git_sync/webhook_service.go:46.2,47.16 2 0
github.com/yi-nology/git-sync-service/biz/handler/git_sync/webhook_service.go:47.16,50.3 2 0
github.com/yi-nology/git-sync-service/biz/handler/git_sync/webhook_service.go:51.2,51.14 1 0
github.com/yi-nology/git-sync-service/biz/handler/git_sync/webhook_service.go:51.14,54.3 2 0
github.com/yi-nology/git-sync-service/biz/handler/git_sync/webhook_service.go:55.2,55.74 1 0
github.com/yi-nology/git-sync-service/biz/handler/git_sync/webhook_service.go:58.61,60.48 2 0
github.com/yi-nology/git-sync-service/biz/handler/git_sync/webhook_service.go:60.48,63.3 2 0
github.com/yi-nology/git-sync-service/biz/handler/git_sync/webhook_service.go:64.2,64.41 1 0
github.com/yi-nology/git-sync-service/biz/handler/git_sync/webhook_service.go:64.41,67.3 2 0
github.com/yi-nology/git-sync-service/biz/handler/git_sync/webhook_service.go:69.2,70.28 2 0
github.com/yi-nology/git-sync-service/biz/handler/git_sync/webhook_service.go:70.28,71.60 1 0
github.com/yi-nology/git-sync-service/biz/handler/git_sync/webhook_service.go:71.60,73.17 2 0
github.com/yi-nology/git-sync-service/biz/handler/git_sync/webhook_service.go:73.17,75.5 1 0
github.com/yi-nology/git-sync-service/biz/handler/git_sync/webhook_service.go:79.2,85.16 2 0
github.com/yi-nology/git-sync-service/biz/handler/git_sync/webhook_service.go:85.16,88.3 2 0
github.com/yi-nology/git-sync-service/biz/handler/git_sync/webhook_service.go:89.2,89.77 1 0
github.com/yi-nology/git-sync-service/biz/handler/git_sync/webhook_service.go:92.61,94.48 2 0
github.com/yi-nology/git-sync-service/biz/handler/git_sync/webhook_service.go:94.48,97.3 2 0
github.com/yi-nology/git-sync-service/biz/handler/git_sync/webhook_service.go:98.2,98.17 1 0
github.com/yi-nology/git-sync-service/biz/handler/git_sync/webhook_service.go:98.17,101.3 2 0
github.com/yi-nology/git-sync-service/biz/handler/git_sync/webhook_service.go:103.2,104.28 2 0
github.com/yi-nology/git-sync-service/biz/handler/git_sync/webhook_service.go:104.28,105.60 1 0
github.com/yi-nology/git-sync-service/biz/handler/git_sync/webhook_service.go:105.60,107.17 2 0
github.com/yi-nology/git-sync-service/biz/handler/git_sync/webhook_service.go:107.17,109.5 1 0
github.com/yi-nology/git-sync-service/biz/handler/git_sync/webhook_service.go:113.2,119.16 2 0
github.com/yi-nology/git-sync-service/biz/handler/git_sync/webhook_service.go:119.16,120.46 1 0
github.com/yi-nology/git-sync-service/biz/handler/git_sync/webhook_service.go:120.46,123.4 2 0
github.com/yi-nology/git-sync-service/biz/handler/git_sync/webhook_service.go:124.3,125.9 2 0
github.com/yi-nology/git-sync-service/biz/handler/git_sync/webhook_service.go:127.2,127.77 1 0
github.com/yi-nology/git-sync-service/biz/handler/git_sync/webhook_service.go:130.61,132.48 2 0
github.com/yi-nology/git-sync-service/biz/handler/git_sync/webhook_service.go:132.48,135.3 2 0
github.com/yi-nology/git-sync-service/biz/handler/git_sync/webhook_service.go:136.2,136.17 1 0
github.com/yi-nology/git-sync-service/biz/handler/git_sync/webhook_service.go:136.17,139.3 2 0
github.com/yi-nology/git-sync-service/biz/handler/git_sync/webhook_service.go:140.2,140.71 1 0
github.com/yi-nology/git-sync-service/biz/handler/git_sync/webhook_service.go:140.71,143.3 2 0
github.com/yi-nology/git-sync-service/biz/handler/git_sync/webhook_service.go:144.2,144.23 1 0
github.com/yi-nology/git-sync-service/biz/handler/git_sync/webhook_service.go:147.61,149.48 2 0
github.com/yi-nology/git-sync-service/biz/handler/git_sync/webhook_service.go:149.48,152.3 2 0
github.com/yi-nology/git-sync-service/biz/handler/git_sync/webhook_service.go:153.2,153.23 1 0
github.com/yi-nology/git-sync-service/biz/handler/git_sync/webhook_service.go:153.23,156.3 2 0
github.com/yi-nology/git-sync-service/biz/handler/git_sync/webhook_service.go:158.2,159.16 2 0
github.com/yi-nology/git-sync-service/biz/handler/git_sync/webhook_service.go:159.16,161.3 1 0
github.com/yi-nology/git-sync-service/biz/handler/git_sync/webhook_service.go:162.2,163.16 2 0
github.com/yi-nology/git-sync-service/biz/handler/git_sync/webhook_service.go:163.16,165.3 1 0
github.com/yi-nology/git-sync-service/biz/handler/git_sync/webhook_service.go:166.2,167.16 2 0
github.com/yi-nology/git-sync-service/biz/handler/git_sync/webhook_service.go:167.16,170.3 2 0
github.com/yi-nology/git-sync-service/biz/handler/git_sync/webhook_service.go:172.2,172.89 1 0
github.com/yi-nology/git-sync-service/biz/handler/git_sync/webhook_service.go:175.61,177.48 2 0
github.com/yi-nology/git-sync-service/biz/handler/git_sync/webhook_service.go:177.48,180.3 2 0
github.com/yi-nology/git-sync-service/biz/handler/git_sync/webhook_service.go:181.2,181.17 1 0
github.com/yi-nology/git-sync-service/biz/handler/git_sync/webhook_service.go:181.17,184.3 2 0
github.com/yi-nology/git-sync-service/biz/handler/git_sync/webhook_service.go:185.2,185.71 1 0
github.com/yi-nology/git-sync-service/biz/handler/git_sync/webhook_service.go:185.71,188.3 2 0
github.com/yi-nology/git-sync-service/biz/handler/git_sync/webhook_service.go:189.2,189.87 1 0
github.com/yi-nology/git-sync-service/biz/router/git_sync/git_sync.go:17.32,20.2 2 0
github.com/yi-nology/git-sync-service/biz/router/git_sync/git_sync.go:20.2,22.3 2 0
github.com/yi-nology/git-sync-service/biz/router/git_sync/git_sync.go:22.3,24.4 2 0
github.com/yi-nology/git-sync-service/biz/router/git_sync/git_sync.go:24.4,32.5 7 0
github.com/yi-nology/git-sync-service/biz/router/git_sync/git_sync.go:33.4,34.4 2 0
github.com/yi-nology/git-sync-service/biz/router/git_sync/git_sync.go:34.4,38.5 4 0
github.com/yi-nology/git-sync-service/biz/router/git_sync/git_sync.go:38.5,45.6 6 0
github.com/yi-nology/git-sync-service/biz/router/git_sync/git_sync.go:46.5,46.71 1 0
github.com/yi-nology/git-sync-service/biz/router/git_sync/git_sync.go:48.4,51.5 3 0
github.com/yi-nology/git-sync-service/biz/router/git_sync/git_sync.go:51.5,57.6 5 0
github.com/yi-nology/git-sync-service/biz/router/git_sync/git_sync.go:58.5,59.5 2 0
github.com/yi-nology/git-sync-service/biz/router/git_sync/git_sync.go:59.5,62.6 2 0
github.com/yi-nology/git-sync-service/biz/router/git_sync/middleware.go:20.39,21.58 1 5
github.com/yi-nology/git-sync-service/biz/router/git_sync/middleware.go:21.58,23.22 2 5
github.com/yi-nology/git-sync-service/biz/router/git_sync/middleware.go:23.22,27.4 3 0
github.com/yi-nology/git-sync-service/biz/router/git_sync/middleware.go:28.3,29.73 2 5
github.com/yi-nology/git-sync-service/biz/router/git_sync/middleware.go:29.73,33.4 3 4
github.com/yi-nology/git-sync-service/biz/router/git_sync/middleware.go:34.3,34.14 1 1
github.com/yi-nology/git-sync-service/biz/router/git_sync/middleware.go:39.45,40.58 1 0
github.com/yi-nology/git-sync-service/biz/router/git_sync/middleware.go:40.58,50.3 3 0
github.com/yi-nology/git-sync-service/biz/router/git_sync/middleware.go:53.33,56.2 1 0
github.com/yi-nology/git-sync-service/biz/router/git_sync/middleware.go:58.33,60.2 1 0
github.com/yi-nology/git-sync-service/biz/router/git_sync/middleware.go:62.32,65.2 1 0
github.com/yi-nology/git-sync-service/biz/router/git_sync/middleware.go:67.34,70.2 1 0
github.com/yi-nology/git-sync-service/biz/router/git_sync/middleware.go:72.37,75.2 1 0
github.com/yi-nology/git-sync-service/biz/router/git_sync/middleware.go:77.42,80.2 1 0
github.com/yi-nology/git-sync-service/biz/router/git_sync/middleware.go:82.40,85.2 1 0
github.com/yi-nology/git-sync-service/biz/router/git_sync/middleware.go:87.40,90.2 1 0
github.com/yi-nology/git-sync-service/biz/router/git_sync/middleware.go:92.44,95.2 1 0
github.com/yi-nology/git-sync-service/biz/router/git_sync/middleware.go:97.40,100.2 1 0
github.com/yi-nology/git-sync-service/biz/router/git_sync/middleware.go:102.39,105.2 1 0
github.com/yi-nology/git-sync-service/biz/router/git_sync/middleware.go:107.34,110.2 1 0
github.com/yi-nology/git-sync-service/biz/router/git_sync/middleware.go:112.41,115.2 1 0
github.com/yi-nology/git-sync-service/biz/router/git_sync/middleware.go:117.41,120.2 1 0
github.com/yi-nology/git-sync-service/biz/router/git_sync/middleware.go:122.34,125.2 1 0
github.com/yi-nology/git-sync-service/biz/router/git_sync/middleware.go:127.37,130.2 1 0
github.com/yi-nology/git-sync-service/biz/router/git_sync/middleware.go:132.40,135.2 1 0
github.com/yi-nology/git-sync-service/biz/router/git_sync/middleware.go:137.40,140.2 1 0
github.com/yi-nology/git-sync-service/biz/router/git_sync/middleware.go:142.37,145.2 1 0
github.com/yi-nology/git-sync-service/biz/router/git_sync/middleware.go:147.40,150.2 1 0
github.com/yi-nology/git-sync-service/biz/router/git_sync/middleware.go:152.39,155.2 1 0
github.com/yi-nology/git-sync-service/biz/router/git_sync/middleware.go:157.37,160.2 1 0
github.com/yi-nology/git-sync-service/biz/router/git_sync/middleware.go:162.40,165.2 1 0
github.com/yi-nology/git-sync-service/biz/router/git_sync/middleware.go:167.34,170.2 1 0
github.com/yi-nology/git-sync-service/biz/router/git_sync/middleware.go:172.37,175.2 1 0
github.com/yi-nology/git-sync-service/biz/router/git_sync/middleware.go:177.40,180.2 1 0
github.com/yi-nology/git-sync-service/biz/router/git_sync/middleware.go:182.40,185.2 1 0
github.com/yi-nology/git-sync-service/biz/router/git_sync/middleware.go:187.40,190.2 1 0
github.com/yi-nology/git-sync-service/biz/router/git_sync/middleware.go:192.39,195.2 1 0
github.com/yi-nology/git-sync-service/biz/router/git_sync/middleware.go:197.35,200.2 1 0
github.com/yi-nology/git-sync-service/biz/router/git_sync/middleware.go:202.40,205.2 1 0
github.com/yi-nology/git-sync-service/internal/service/cleanup.go:8.95,10.16 2 0
github.com/yi-nology/git-sync-service/internal/service/cleanup.go:10.16,12.3 1 0
github.com/yi-nology/git-sync-service/internal/service/cleanup.go:13.2,14.16 2 0
github.com/yi-nology/git-sync-service/internal/service/cleanup.go:14.16,16.3 1 0
github.com/yi-nology/git-sync-service/internal/service/cleanup.go:17.2,18.16 2 0
github.com/yi-nology/git-sync-service/internal/service/cleanup.go:18.16,20.3 1 0
github.com/yi-nology/git-sync-service/internal/service/cleanup.go:21.2,22.33 2 0
github.com/yi-nology/git-sync-service/internal/service/cleanup.go:25.41,29.6 3 0
github.com/yi-nology/git-sync-service/internal/service/cleanup.go:29.6,30.10 1 0
github.com/yi-nology/git-sync-service/internal/service/cleanup.go:31.19,33.62 2 0
github.com/yi-nology/git-sync-service/internal/service/cleanup.go:33.62,34.67 1 0
github.com/yi-nology/git-sync-service/internal/service/cleanup.go:34.67,36.6 1 0
github.com/yi-nology/git-sync-service/internal/service/cleanup.go:37.5,37.16 1 0
github.com/yi-nology/git-sync-service/internal/service/cleanup.go:39.24,40.10 1 0
github.com/yi-nology/git-sync-service/internal/service/cron.go:10.58,14.49 3 11
github.com/yi-nology/git-sync-service/internal/service/cron.go:14.49,16.3 1 1
github.com/yi-nology/git-sync-service/internal/service/cron.go:18.2,18.51 1 11
github.com/yi-nology/git-sync-service/internal/service/cron.go:18.51,20.86 2 0
github.com/yi-nology/git-sync-service/internal/service/cron.go:20.86,22.4 1 0
github.com/yi-nology/git-sync-service/internal/service/cron.go:24.2,24.16 1 11
github.com/yi-nology/git-sync-service/internal/service/cron.go:24.16,26.3 1 1
github.com/yi-nology/git-sync-service/internal/service/cron.go:28.2,29.12 2 10
github.com/yi-nology/git-sync-service/internal/service/cron.go:32.49,36.48 3 4
github.com/yi-nology/git-sync-service/internal/service/cron.go:36.48,39.3 2 2
github.com/yi-nology/git-sync-service/internal/service/cron.go:42.41,44.16 2 3
github.com/yi-nology/git-sync-service/internal/service/cron.go:44.16,46.3 1 0
github.com/yi-nology/git-sync-service/internal/service/cron.go:48.2,48.29 1 3
github.com/yi-nology/git-sync-service/internal/service/cron.go:48.29,49.22 1 3
github.com/yi-nology/git-sync-service/internal/service/cron.go:49.22,50.45 1 3
github.com/yi-nology/git-sync-service/internal/service/cron.go:50.45,52.5 1 0
github.com/yi-nology/git-sync-service/internal/service/cron.go:56.2,57.12 2 3
github.com/yi-nology/git-sync-service/internal/service/cron.go:60.34,62.2 1 4
github.com/yi-nology/git-sync-service/internal/service/repo.go:10.99,12.2 1 0
github.com/yi-nology/git-sync-service/internal/service/repo.go:15.81,17.2 1 0
github.com/yi-nology/git-sync-service/internal/service/repo.go:20.102,22.2 1 5
github.com/yi-nology/git-sync-service/internal/service/repo.go:25.102,27.2 1 0
github.com/yi-nology/git-sync-service/internal/service/repo.go:30.69,32.2 1 0
github.com/yi-nology/git-sync-service/internal/service/repo.go:35.108,37.2 1 0
github.com/yi-nology/git-sync-service/internal/service/repo.go:40.87,42.2 1 0
github.com/yi-nology/git-sync-service/internal/service/repo_service.go:21.86,26.2 1 5
github.com/yi-nology/git-sync-service/internal/service/repo_service.go:29.104,32.2 2 0
github.com/yi-nology/git-sync-service/internal/service/repo_service.go:35.86,37.2 1 0
github.com/yi-nology/git-sync-service/internal/service/repo_service.go:40.107,42.16 2 5
github.com/yi-nology/git-sync-service/internal/service/repo_service.go:42.16,43.54 1 2
github.com/yi-nology/git-sync-service/internal/service/repo_service.go:43.54,45.4 1 1
github.com/yi-nology/git-sync-service/internal/service/repo_service.go:46.3,46.56 1 1
github.com/yi-nology/git-sync-service/internal/service/repo_service.go:49.2,60.48 2 3
github.com/yi-nology/git-sync-service/internal/service/repo_service.go:60.48,62.3 1 0
github.com/yi-nology/git-sync-service/internal/service/repo_service.go:64.2,64.18 1 3
github.com/yi-nology/git-sync-service/internal/service/repo_service.go:68.107,70.16 2 0
github.com/yi-nology/git-sync-service/internal/service/repo_service.go:70.16,72.3 1 0
github.com/yi-nology/git-sync-service/internal/service/repo_service.go:73.2,73.17 1 0
github.com/yi-nology/git-sync-service/internal/service/repo_service.go:73.17,75.3 1 0
github.com/yi-nology/git-sync-service/internal/service/repo_service.go:77.2,77.20 1 0
github.com/yi-nology/git-sync-service/internal/service/repo_service.go:77.20,79.3 1 0
github.com/yi-nology/git-sync-service/internal/service/repo_service.go:80.2,80.27 1 0
github.com/yi-nology/git-sync-service/internal/service/repo_service.go:80.27,82.3 1 0
github.com/yi-nology/git-sync-service/internal/service/repo_service.go:84.2,84.48 1 0
github.com/yi-nology/git-sync-service/internal/service/repo_service.go:84.48,86.3 1 0
github.com/yi-nology/git-sync-service/internal/service/repo_service.go:88.2,88.18 1 0
github.com/yi-nology/git-sync-service/internal/service/repo_service.go:92.74,94.2 1 0
github.com/yi-nology/git-sync-service/internal/service/repo_service.go:97.92,99.2 1 0
github.com/yi-nology/git-sync-service/internal/service/repo_service.go:102.70,104.2 1 0
github.com/yi-nology/git-sync-service/internal/service/repo_service.go:107.113,109.16 2 0
github.com/yi-nology/git-sync-service/internal/service/repo_service.go:109.16,111.3 1 0
github.com/yi-nology/git-sync-service/internal/service/repo_service.go:112.2,112.17 1 0
github.com/yi-nology/git-sync-service/internal/service/repo_service.go:112.17,114.3 1 0
github.com/yi-nology/git-sync-service/internal/service/repo_service.go:116.2,117.16 2 0
github.com/yi-nology/git-sync-service/internal/service/repo_service.go:117.16,119.3 1 0
github.com/yi-nology/git-sync-service/internal/service/repo_service.go:121.2,122.16 2 0
github.com/yi-nology/git-sync-service/internal/service/repo_service.go:122.16,124.3 1 0
github.com/yi-nology/git-sync-service/internal/service/repo_service.go:126.2,126.93 1 0
github.com/yi-nology/git-sync-service/internal/service/repo_service.go:130.92,132.16 2 0
github.com/yi-nology/git-sync-service/internal/service/repo_service.go:132.16,134.3 1 0
github.com/yi-nology/git-sync-service/internal/service/repo_service.go:135.2,135.17 1 0
github.com/yi-nology/git-sync-service/internal/service/repo_service.go:135.17,137.3 1 0
github.com/yi-nology/git-sync-service/internal/service/repo_service.go:139.2,140.16 2 0
github.com/yi-nology/git-sync-service/internal/service/repo_service.go:140.16,142.3 1 0
github.com/yi-nology/git-sync-service/internal/service/repo_service.go:144.2,145.16 2 0
github.com/yi-nology/git-sync-service/internal/service/repo_service.go:145.16,147.3 1 0
github.com/yi-nology/git-sync-service/internal/service/repo_service.go:149.2,150.29 2 0
github.com/yi-nology/git-sync-service/internal/service/repo_service.go:150.29,152.3 1 0
github.com/yi-nology/git-sync-service/internal/service/repo_service.go:154.2,154.20 1 0
github.com/yi-nology/git-sync-service/internal/service/service.go:42.48,44.16 2 0
github.com/yi-nology/git-sync-service/internal/service/service.go:44.16,46.3 1 0
github.com/yi-nology/git-sync-service/internal/service/service.go:48.2,49.16 2 0
github.com/yi-nology/git-sync-service/internal/service/service.go:49.16,51.3 1 0
github.com/yi-nology/git-sync-service/internal/service/service.go:52.2,55.60 3 0
github.com/yi-nology/git-sync-service/internal/service/service.go:55.60,57.3 1 0
github.com/yi-nology/git-sync-service/internal/service/service.go:59.2,60.16 2 0
github.com/yi-nology/git-sync-service/internal/service/service.go:60.16,62.3 1 0
github.com/yi-nology/git-sync-service/internal/service/service.go:64.2,91.16 13 0
github.com/yi-nology/git-sync-service/internal/service/service.go:91.16,93.3 1 0
github.com/yi-nology/git-sync-service/internal/service/service.go:94.2,98.17 3 0
github.com/yi-nology/git-sync-service/internal/service/service.go:101.33,103.2 1 0
github.com/yi-nology/git-sync-service/internal/service/service.go:105.26,113.12 5 0
github.com/yi-nology/git-sync-service/internal/service/service.go:113.12,116.3 2 0
github.com/yi-nology/git-sync-service/internal/service/service.go:117.2,117.9 1 0
github.com/yi-nology/git-sync-service/internal/service/service.go:118.14,119.49 1 0
github.com/yi-nology/git-sync-service/internal/service/service.go:120.38,121.65 1 0
github.com/yi-nology/git-sync-service/internal/service/service.go:125.53,127.2 1 0
github.com/yi-nology/git-sync-service/internal/service/service.go:129.45,131.2 1 0
github.com/yi-nology/git-sync-service/internal/service/service.go:133.38,135.2 1 0
github.com/yi-nology/git-sync-service/internal/service/service.go:138.113,140.2 1 0
github.com/yi-nology/git-sync-service/internal/service/service.go:143.64,145.2 1 0
github.com/yi-nology/git-sync-service/internal/service/service.go:148.64,150.2 1 0
github.com/yi-nology/git-sync-service/internal/service/service.go:153.57,155.2 1 0
github.com/yi-nology/git-sync-service/internal/service/service.go:158.85,160.2 1 0
github.com/yi-nology/git-sync-service/internal/service/service.go:163.65,165.2 1 0
github.com/yi-nology/git-sync-service/internal/service/service.go:169.51,178.16 3 0
github.com/yi-nology/git-sync-service/internal/service/service.go:178.16,180.3 1 0
github.com/yi-nology/git-sync-service/internal/service/service.go:180.8,180.44 1 0
github.com/yi-nology/git-sync-service/internal/service/service.go:180.44,182.3 1 0
github.com/yi-nology/git-sync-service/internal/service/service.go:185.2,185.31 1 0
github.com/yi-nology/git-sync-service/internal/service/service.go:185.31,187.3 1 0
github.com/yi-nology/git-sync-service/internal/service/service.go:187.8,189.3 1 0
github.com/yi-nology/git-sync-service/internal/service/service.go:191.2,191.15 1 0
github.com/yi-nology/git-sync-service/internal/service/task.go:11.119,13.2 1 1
github.com/yi-nology/git-sync-service/internal/service/task.go:16.85,18.2 1 3
github.com/yi-nology/git-sync-service/internal/service/task.go:20.106,22.16 2 10
github.com/yi-nology/git-sync-service/internal/service/task.go:22.16,24.3 1 0
github.com/yi-nology/git-sync-service/internal/service/task.go:26.2,26.21 1 10
github.com/yi-nology/git-sync-service/internal/service/task.go:26.21,27.44 1 2
github.com/yi-nology/git-sync-service/internal/service/task.go:27.44,29.4 1 0
github.com/yi-nology/git-sync-service/internal/service/task.go:32.2,32.18 1 10
github.com/yi-nology/git-sync-service/internal/service/task.go:35.106,37.16 2 2
github.com/yi-nology/git-sync-service/internal/service/task.go:37.16,39.3 1 1
github.com/yi-nology/git-sync-service/internal/service/task.go:41.2,41.37 1 1
github.com/yi-nology/git-sync-service/internal/service/task.go:41.37,42.44 1 0
github.com/yi-nology/git-sync-service/internal/service/task.go:42.44,44.4 1 0
github.com/yi-nology/git-sync-service/internal/service/task.go:45.8,47.3 1 1
github.com/yi-nology/git-sync-service/internal/service/task.go:49.2,49.18 1 1
github.com/yi-nology/git-sync-service/internal/service/task.go:52.69,55.2 2 1
github.com/yi-nology/git-sync-service/internal/service/task.go:57.70,59.2 1 0
github.com/yi-nology/git-sync-service/internal/service/task.go:61.112,63.16 2 0
github.com/yi-nology/git-sync-service/internal/service/task.go:63.16,65.3 1 0
github.com/yi-nology/git-sync-service/internal/service/task.go:66.2,66.17 1 0
github.com/yi-nology/git-sync-service/internal/service/task.go:66.17,68.3 1 0
github.com/yi-nology/git-sync-service/internal/service/task.go:70.2,71.12 2 0
github.com/yi-nology/git-sync-service/internal/service/task.go:75.117,77.2 1 2
github.com/yi-nology/git-sync-service/internal/service/task.go:80.120,82.2 1 2
github.com/yi-nology/git-sync-service/internal/service/task.go:85.69,87.2 1 1
github.com/yi-nology/git-sync-service/internal/service/task_service.go:21.138,28.2 1 21
github.com/yi-nology/git-sync-service/internal/service/task_service.go:31.124,33.19 2 1
github.com/yi-nology/git-sync-service/internal/service/task_service.go:33.19,35.3 1 0
github.com/yi-nology/git-sync-service/internal/service/task_service.go:36.2,36.33 1 1
github.com/yi-nology/git-sync-service/internal/service/task_service.go:40.90,42.2 1 3
github.com/yi-nology/git-sync-service/internal/service/task_service.go:45.111,64.48 2 15
github.com/yi-nology/git-sync-service/internal/service/task_service.go:64.48,66.3 1 0
github.com/yi-nology/git-sync-service/internal/service/task_service.go:68.2,68.18 1 15
github.com/yi-nology/git-sync-service/internal/service/task_service.go:72.111,74.16 2 3
github.com/yi-nology/git-sync-service/internal/service/task_service.go:74.16,76.3 1 0
github.com/yi-nology/git-sync-service/internal/service/task_service.go:77.2,77.17 1 3
github.com/yi-nology/git-sync-service/internal/service/task_service.go:77.17,79.3 1 1
github.com/yi-nology/git-sync-service/internal/service/task_service.go:81.2,81.20 1 2
github.com/yi-nology/git-sync-service/internal/service/task_service.go:81.20,83.3 1 1
github.com/yi-nology/git-sync-service/internal/service/task_service.go:84.2,84.28 1 2
github.com/yi-nology/git-sync-service/internal/service/task_service.go:84.28,86.3 1 1
github.com/yi-nology/git-sync-service/internal/service/task_service.go:87.2,87.28 1 2
github.com/yi-nology/git-sync-service/internal/service/task_service.go:87.28,89.3 1 1
github.com/yi-nology/git-sync-service/internal/service/task_service.go:90.2,90.24 1 2
github.com/yi-nology/git-sync-service/internal/service/task_service.go:90.24,92.3 1 0
github.com/yi-nology/git-sync-service/internal/service/task_service.go:93.2,93.20 1 2
github.com/yi-nology/git-sync-service/internal/service/task_service.go:93.20,95.3 1 0
github.com/yi-nology/git-sync-service/internal/service/task_service.go:96.2,103.48 7 2
github.com/yi-nology/git-sync-service/internal/service/task_service.go:103.48,105.3 1 0
github.com/yi-nology/git-sync-service/internal/service/task_service.go:107.2,107.18 1 2
github.com/yi-nology/git-sync-service/internal/service/task_service.go:111.74,113.2 1 1
github.com/yi-nology/git-sync-service/internal/service/task_service.go:116.122,118.16 2 2
github.com/yi-nology/git-sync-service/internal/service/task_service.go:118.16,120.3 1 0
github.com/yi-nology/git-sync-service/internal/service/task_service.go:121.2,122.16 2 2
github.com/yi-nology/git-sync-service/internal/service/task_service.go:122.16,124.3 1 0
github.com/yi-nology/git-sync-service/internal/service/task_service.go:126.2,131.44 2 2
github.com/yi-nology/git-sync-service/internal/service/task_service.go:131.44,135.3 3 1
github.com/yi-nology/git-sync-service/internal/service/task_service.go:137.2,139.20 3 1
github.com/yi-nology/git-sync-service/internal/service/task_service.go:143.125,146.2 2 2
github.com/yi-nology/git-sync-service/internal/service/task_service.go:149.74,151.2 1 1
github.com/yi-nology/git-sync-service/internal/service/task_service.go:154.73,156.2 1 4
github.com/yi-nology/git-sync-service/internal/service/task_service.go:159.75,161.2 1 0
github.com/yi-nology/git-sync-service/internal/service/task_service.go:164.76,166.2 1 0
github.com/yi-nology/git-sync-service/internal/service/task_service.go:169.80,171.2 1 0
github.com/yi-nology/git-sync-service/internal/service/task_service.go:174.118,182.46 2 4
github.com/yi-nology/git-sync-service/internal/service/task_service.go:182.46,184.3 1 0
github.com/yi-nology/git-sync-service/internal/service/task_service.go:185.2,185.17 1 4
github.com/yi-nology/git-sync-service/internal/service/task_service.go:189.69,191.2 1 0
github.com/yi-nology/git-sync-service/internal/service/task_service.go:194.69,196.2 1 0
github.com/yi-nology/git-sync-service/internal/service/task_service.go:199.62,201.2 1 0
github.com/yi-nology/git-sync-service/internal/service/task_service.go:204.90,208.2 3 0
github.com/yi-nology/git-sync-service/internal/service/webhook.go:15.96,17.16 2 0
github.com/yi-nology/git-sync-service/internal/service/webhook.go:17.16,19.3 1 0
github.com/yi-nology/git-sync-service/internal/service/webhook.go:20.2,20.17 1 0
github.com/yi-nology/git-sync-service/internal/service/webhook.go:20.17,22.3 1 0
github.com/yi-nology/git-sync-service/internal/service/webhook.go:24.2,25.16 2 0
github.com/yi-nology/git-sync-service/internal/service/webhook.go:25.16,27.3 1 0
github.com/yi-nology/git-sync-service/internal/service/webhook.go:29.2,29.79 1 0
github.com/yi-nology/git-sync-service/internal/service/webhook.go:29.79,31.3 1 0
github.com/yi-nology/git-sync-service/internal/service/webhook.go:33.2,34.16 2 0
github.com/yi-nology/git-sync-service/internal/service/webhook.go:34.16,36.3 1 0
github.com/yi-nology/git-sync-service/internal/service/webhook.go:38.2,39.59 2 0
github.com/yi-nology/git-sync-service/internal/service/webhook.go:39.59,41.3 1 0
github.com/yi-nology/git-sync-service/internal/service/webhook.go:42.2,42.21 1 0
github.com/yi-nology/git-sync-service/internal/service/webhook.go:42.21,44.3 1 0
github.com/yi-nology/git-sync-service/internal/service/webhook.go:46.2,47.24 2 0
github.com/yi-nology/git-sync-service/internal/service/webhook.go:47.24,49.3 1 0
github.com/yi-nology/git-sync-service/internal/service/webhook.go:51.2,63.63 2 0
github.com/yi-nology/git-sync-service/internal/service/webhook.go:63.63,65.3 1 0
github.com/yi-nology/git-sync-service/internal/service/webhook.go:67.2,68.12 2 0
github.com/yi-nology/git-sync-service/internal/service/webhook.go:68.12,71.3 2 0
github.com/yi-nology/git-sync-service/internal/service/webhook.go:73.2,73.12 1 0
github.com/yi-nology/git-sync-service/internal/service/webhook.go:76.98,77.15 1 1
github.com/yi-nology/git-sync-service/internal/service/webhook.go:77.15,78.31 1 1
github.com/yi-nology/git-sync-service/internal/service/webhook.go:78.31,80.4 1 0
github.com/yi-nology/git-sync-service/internal/service/webhook.go:82.2,82.35 1 1
github.com/yi-nology/git-sync-service/internal/service/webhook.go:85.94,87.144 2 1
github.com/yi-nology/git-sync-service/internal/service/webhook.go:87.144,89.3 1 0
github.com/yi-nology/git-sync-service/internal/service/webhook.go:92.71,93.114 1 2
github.com/yi-nology/git-sync-service/internal/service/webhook.go:93.114,95.3 1 1
github.com/yi-nology/git-sync-service/internal/service/webhook.go:99.96,101.2 1 1
github.com/yi-nology/git-sync-service/internal/service/webhook.go:104.85,106.2 1 2
github.com/yi-nology/git-sync-service/internal/service/webhook.go:109.109,111.2 1 7
github.com/yi-nology/git-sync-service/internal/service/webhook.go:114.109,116.2 1 2
github.com/yi-nology/git-sync-service/internal/service/webhook.go:119.66,121.2 1 1
github.com/yi-nology/git-sync-service/internal/service/webhook.go:124.124,126.2 1 1
github.com/yi-nology/git-sync-service/internal/service/webhook.go:128.50,129.37 1 7
github.com/yi-nology/git-sync-service/internal/service/webhook.go:129.37,131.3 1 2
github.com/yi-nology/git-sync-service/internal/service/webhook.go:134.2,134.42 1 5
github.com/yi-nology/git-sync-service/internal/service/webhook.go:134.42,135.18 1 7
github.com/yi-nology/git-sync-service/internal/service/webhook.go:135.18,137.4 1 3
github.com/yi-nology/git-sync-service/internal/service/webhook.go:139.2,139.14 1 2
github.com/yi-nology/git-sync-service/internal/service/webhook.go:142.38,144.43 2 5
github.com/yi-nology/git-sync-service/internal/service/webhook.go:144.43,146.17 2 8
github.com/yi-nology/git-sync-service/internal/service/webhook.go:146.17,148.4 1 8
github.com/yi-nology/git-sync-service/internal/service/webhook.go:150.2,150.15 1 5
github.com/yi-nology/git-sync-service/internal/service/webhook.go:153.42,154.13 1 5
github.com/yi-nology/git-sync-service/internal/service/webhook.go:154.13,156.3 1 0
github.com/yi-nology/git-sync-service/internal/service/webhook.go:157.2,157.30 1 5
github.com/yi-nology/git-sync-service/internal/service/webhook.go:160.33,162.2 1 8
github.com/yi-nology/git-sync-service/internal/service/webhook_service.go:23.122,29.2 1 9
github.com/yi-nology/git-sync-service/internal/service/webhook_service.go:32.104,34.2 1 1
github.com/yi-nology/git-sync-service/internal/service/webhook_service.go:37.93,39.2 1 2
github.com/yi-nology/git-sync-service/internal/service/webhook_service.go:42.117,55.48 3 7
github.com/yi-nology/git-sync-service/internal/service/webhook_service.go:55.48,57.3 1 0
github.com/yi-nology/git-sync-service/internal/service/webhook_service.go:59.2,59.18 1 7
github.com/yi-nology/git-sync-service/internal/service/webhook_service.go:63.117,65.16 2 2
github.com/yi-nology/git-sync-service/internal/service/webhook_service.go:65.16,67.3 1 0
github.com/yi-nology/git-sync-service/internal/service/webhook_service.go:68.2,68.17 1 2
github.com/yi-nology/git-sync-service/internal/service/webhook_service.go:68.17,70.3 1 1
github.com/yi-nology/git-sync-service/internal/service/webhook_service.go:72.2,72.20 1 1
github.com/yi-nology/git-sync-service/internal/service/webhook_service.go:72.20,74.3 1 1
github.com/yi-nology/git-sync-service/internal/service/webhook_service.go:75.2,75.25 1 1
github.com/yi-nology/git-sync-service/internal/service/webhook_service.go:75.25,77.3 1 1
github.com/yi-nology/git-sync-service/internal/service/webhook_service.go:78.2,79.22 2 1
github.com/yi-nology/git-sync-service/internal/service/webhook_service.go:79.22,81.3 1 1
github.com/yi-nology/git-sync-service/internal/service/webhook_service.go:82.2,82.25 1 1
github.com/yi-nology/git-sync-service/internal/service/webhook_service.go:82.25,84.3 1 0
github.com/yi-nology/git-sync-service/internal/service/webhook_service.go:85.2,85.25 1 1
github.com/yi-nology/git-sync-service/internal/service/webhook_service.go:85.25,87.3 1 1
github.com/yi-nology/git-sync-service/internal/service/webhook_service.go:88.2,91.48 3 1
github.com/yi-nology/git-sync-service/internal/service/webhook_service.go:91.48,93.3 1 0
github.com/yi-nology/git-sync-service/internal/service/webhook_service.go:95.2,95.18 1 1
github.com/yi-nology/git-sync-service/internal/service/webhook_service.go:99.74,101.2 1 1
github.com/yi-nology/git-sync-service/internal/service/webhook_service.go:104.132,107.2 2 1
github.com/yi-nology/git-sync-service/internal/service/webhook_service.go:110.162,112.16 2 2
github.com/yi-nology/git-sync-service/internal/service/webhook_service.go:112.16,114.3 1 0
github.com/yi-nology/git-sync-service/internal/service/webhook_service.go:115.2,115.18 1 2
github.com/yi-nology/git-sync-service/internal/service/webhook_service.go:115.18,117.3 1 1
github.com/yi-nology/git-sync-service/internal/service/webhook_service.go:120.2,121.50 2 1
github.com/yi-nology/git-sync-service/internal/service/webhook_service.go:121.50,123.3 1 0
github.com/yi-nology/git-sync-service/internal/service/webhook_service.go:125.2,125.12 1 1
github.com/yi-nology/git-sync-service/internal/service/webhook_service.go:125.12,131.51 5 1
github.com/yi-nology/git-sync-service/internal/service/webhook_service.go:131.51,133.4 1 0
github.com/yi-nology/git-sync-service/internal/service/webhook_service.go:136.2,136.12 1 1
github.com/yi-nology/git-sync-service/internal/service/webhook_service.go:140.91,142.2 1 0
github.com/yi-nology/git-sync-service/internal/service/webhook_service.go:145.79,147.2 1 2
github.com/yi-nology/git-sync-service/internal/service/webhook_service.go:150.241,152.16 2 1
github.com/yi-nology/git-sync-service/internal/service/webhook_service.go:152.16,155.3 2 0
github.com/yi-nology/git-sync-service/internal/service/webhook_service.go:157.2,157.29 1 1
github.com/yi-nology/git-sync-service/internal/service/webhook_service.go:157.29,158.20 1 0
github.com/yi-nology/git-sync-service/internal/service/webhook_service.go:158.20,159.12 1 0
github.com/yi-nology/git-sync-service/internal/service/webhook_service.go:162.3,162.55 1 0
github.com/yi-nology/git-sync-service/internal/service/webhook_service.go:162.55,163.12 1 0
github.com/yi-nology/git-sync-service/internal/service/webhook_service.go:166.3,166.64 1 0
github.com/yi-nology/git-sync-service/internal/service/webhook_service.go:166.64,167.12 1 0
github.com/yi-nology/git-sync-service/internal/service/webhook_service.go:170.3,170.38 1 0
github.com/yi-nology/git-sync-service/internal/service/webhook_service.go:170.38,172.37 2 0
github.com/yi-nology/git-sync-service/internal/service/webhook_service.go:172.37,173.22 1 0
github.com/yi-nology/git-sync-service/internal/service/webhook_service.go:173.22,174.14 1 0
github.com/yi-nology/git-sync-service/internal/service/webhook_service.go:176.5,176.29 1 0
github.com/yi-nology/git-sync-service/internal/service/webhook_service.go:176.29,178.55 2 0
github.com/yi-nology/git-sync-service/internal/service/webhook_service.go:178.55,179.107 1 0
github.com/yi-nology/git-sync-service/internal/service/webhook_service.go:179.107,181.16 2 0
github.com/yi-nology/git-sync-service/internal/service/webhook_service.go:184.6,184.44 1 0
github.com/yi-nology/git-sync-service/internal/service/webhook_service.go:186.5,186.89 1 0
github.com/yi-nology/git-sync-service/internal/service/webhook_service.go:186.89,188.6 1 0
github.com/yi-nology/git-sync-service/internal/service/webhook_service.go:195.79,197.2 1 4
github.com/yi-nology/git-sync-service/internal/service/webhook_service.go:200.81,202.2 1 0
github.com/yi-nology/git-sync-service/internal/executor/error_classify.go:11.38,12.16 1 2
github.com/yi-nology/git-sync-service/internal/executor/error_classify.go:12.16,14.3 1 0
github.com/yi-nology/git-sync-service/internal/executor/error_classify.go:16.2,20.34 3 2
github.com/yi-nology/git-sync-service/internal/executor/error_classify.go:20.34,21.32 1 14
github.com/yi-nology/git-sync-service/internal/executor/error_classify.go:21.32,23.4 1 0
github.com/yi-nology/git-sync-service/internal/executor/error_classify.go:27.2,28.37 2 2
github.com/yi-nology/git-sync-service/internal/executor/error_classify.go:28.37,29.32 1 14
github.com/yi-nology/git-sync-service/internal/executor/error_classify.go:29.32,31.4 1 0
github.com/yi-nology/git-sync-service/internal/executor/error_classify.go:35.2,36.36 2 2
github.com/yi-nology/git-sync-service/internal/executor/error_classify.go:36.36,37.32 1 8
github.com/yi-nology/git-sync-service/internal/executor/error_classify.go:37.32,39.4 1 0
github.com/yi-nology/git-sync-service/internal/executor/error_classify.go:43.2,44.33 2 2
github.com/yi-nology/git-sync-service/internal/executor/error_classify.go:44.33,45.32 1 10
github.com/yi-nology/git-sync-service/internal/executor/error_classify.go:45.32,47.4 1 0
github.com/yi-nology/git-sync-service/internal/executor/error_classify.go:50.2,50.27 1 2
github.com/yi-nology/git-sync-service/internal/executor/executor.go:44.50,46.16 2 10
github.com/yi-nology/git-sync-service/internal/executor/executor.go:46.16,48.3 1 0
github.com/yi-nology/git-sync-service/internal/executor/executor.go:49.2,52.8 1 10
github.com/yi-nology/git-sync-service/internal/executor/executor.go:55.133,57.16 2 4
github.com/yi-nology/git-sync-service/internal/executor/executor.go:57.16,59.3 1 1
github.com/yi-nology/git-sync-service/internal/executor/executor.go:61.2,69.15 6 3
github.com/yi-nology/git-sync-service/internal/executor/executor.go:69.15,73.52 4 3
github.com/yi-nology/git-sync-service/internal/executor/executor.go:73.52,75.4 1 0
github.com/yi-nology/git-sync-service/internal/executor/executor.go:76.3,76.64 1 3
github.com/yi-nology/git-sync-service/internal/executor/executor.go:76.64,78.4 1 0
github.com/yi-nology/git-sync-service/internal/executor/executor.go:81.2,82.16 2 3
github.com/yi-nology/git-sync-service/internal/executor/executor.go:82.16,87.3 4 0
github.com/yi-nology/git-sync-service/internal/executor/executor.go:88.2,88.23 1 3
github.com/yi-nology/git-sync-service/internal/executor/executor.go:88.23,93.3 4 1
github.com/yi-nology/git-sync-service/internal/executor/executor.go:95.2,96.16 2 2
github.com/yi-nology/git-sync-service/internal/executor/executor.go:96.16,101.3 4 0
github.com/yi-nology/git-sync-service/internal/executor/executor.go:102.2,102.23 1 2
github.com/yi-nology/git-sync-service/internal/executor/executor.go:102.23,107.3 4 1
github.com/yi-nology/git-sync-service/internal/executor/executor.go:109.2,110.52 2 1
github.com/yi-nology/git-sync-service/internal/executor/executor.go:110.52,115.3 4 0
github.com/yi-nology/git-sync-service/internal/executor/executor.go:117.2,117.15 1 1
github.com/yi-nology/git-sync-service/internal/executor/executor.go:117.15,118.47 1 1
github.com/yi-nology/git-sync-service/internal/executor/executor.go:118.47,120.4 1 0
github.com/yi-nology/git-sync-service/internal/executor/executor.go:123.2,126.18 3 1
github.com/yi-nology/git-sync-service/internal/executor/executor.go:126.18,128.3 1 0
github.com/yi-nology/git-sync-service/internal/executor/executor.go:129.2,134.75 4 1
github.com/yi-nology/git-sync-service/internal/executor/executor.go:134.75,136.3 1 1
github.com/yi-nology/git-sync-service/internal/executor/executor.go:136.8,138.3 1 0
github.com/yi-nology/git-sync-service/internal/executor/executor.go:140.2,141.34 2 1
github.com/yi-nology/git-sync-service/internal/executor/executor.go:141.34,143.73 2 1
github.com/yi-nology/git-sync-service/internal/executor/executor.go:143.73,150.4 6 1
github.com/yi-nology/git-sync-service/internal/executor/executor.go:151.8,153.73 2 0
github.com/yi-nology/git-sync-service/internal/executor/executor.go:153.73,160.4 6 0
github.com/yi-nology/git-sync-service/internal/executor/executor.go:162.2,168.69 5 0
github.com/yi-nology/git-sync-service/internal/executor/executor.go:168.69,175.3 6 0
github.com/yi-nology/git-sync-service/internal/executor/executor.go:176.2,183.21 6 0
github.com/yi-nology/git-sync-service/internal/executor/executor.go:183.21,185.3 1 0
github.com/yi-nology/git-sync-service/internal/executor/executor.go:187.2,188.53 2 0
github.com/yi-nology/git-sync-service/internal/executor/executor.go:188.53,189.18 1 0
github.com/yi-nology/git-sync-service/internal/executor/executor.go:189.18,193.4 3 0
github.com/yi-nology/git-sync-service/internal/executor/executor.go:195.3,196.21 2 0
github.com/yi-nology/git-sync-service/internal/executor/executor.go:196.21,197.9 1 0
github.com/yi-nology/git-sync-service/internal/executor/executor.go:200.3,200.27 1 0
github.com/yi-nology/git-sync-service/internal/executor/executor.go:200.27,202.74 2 0
github.com/yi-nology/git-sync-service/internal/executor/executor.go:202.74,204.5 1 0
github.com/yi-nology/git-sync-service/internal/executor/executor.go:208.2,210.20 2 0
github.com/yi-nology/git-sync-service/internal/executor/executor.go:210.20,217.3 6 0
github.com/yi-nology/git-sync-service/internal/executor/executor.go:218.2,223.17 5 0
github.com/yi-nology/git-sync-service/internal/executor/executor.go:226.71,227.28 1 3
github.com/yi-nology/git-sync-service/internal/executor/executor.go:227.28,232.3 1 2
github.com/yi-nology/git-sync-service/internal/executor/executor.go:233.2,233.57 1 1
github.com/yi-nology/git-sync-service/internal/executor/executor.go:237.78,244.54 2 1
github.com/yi-nology/git-sync-service/internal/executor/executor.go:244.54,246.3 1 0
github.com/yi-nology/git-sync-service/internal/executor/executor.go:247.2,247.13 1 1
github.com/yi-nology/git-sync-service/internal/executor/executor.go:251.73,257.54 6 0
github.com/yi-nology/git-sync-service/internal/executor/executor.go:257.54,259.3 1 0
github.com/yi-nology/git-sync-service/internal/executor/executor.go:263.65,270.66 7 1
github.com/yi-nology/git-sync-service/internal/executor/executor.go:270.66,272.3 1 0
github.com/yi-nology/git-sync-service/internal/executor/executor.go:275.109,284.2 1 1
github.com/yi-nology/git-sync-service/internal/executor/executor.go:286.109,295.16 2 0
github.com/yi-nology/git-sync-service/internal/executor/executor.go:295.16,297.3 1 0
github.com/yi-nology/git-sync-service/internal/executor/executor.go:299.2,299.56 1 0
github.com/yi-nology/git-sync-service/internal/executor/executor.go:302.90,304.37 2 0
github.com/yi-nology/git-sync-service/internal/executor/executor.go:304.37,306.3 1 0
github.com/yi-nology/git-sync-service/internal/executor/executor.go:307.2,307.12 1 0
github.com/yi-nology/git-sync-service/internal/executor/executor.go:310.104,321.2 3 0
github.com/yi-nology/git-sync-service/internal/executor/executor.go:323.38,325.2 1 4
github.com/yi-nology/git-sync-service/internal/executor/executor.go:339.93,343.16 3 3
github.com/yi-nology/git-sync-service/internal/executor/executor.go:343.16,346.3 2 0
github.com/yi-nology/git-sync-service/internal/executor/executor.go:347.2,348.27 2 3
github.com/yi-nology/git-sync-service/internal/executor/executor.go:348.27,351.3 2 1
github.com/yi-nology/git-sync-service/internal/executor/executor.go:353.2,354.16 2 2
github.com/yi-nology/git-sync-service/internal/executor/executor.go:354.16,357.3 2 0
github.com/yi-nology/git-sync-service/internal/executor/executor.go:358.2,359.27 2 2
github.com/yi-nology/git-sync-service/internal/executor/executor.go:359.27,362.3 2 1
github.com/yi-nology/git-sync-service/internal/executor/executor.go:364.2,366.21 3 1
